JvmtiExport can_access_local_variables 0
JvmtiExport can_hotswap_or_post_breakpoint 1
JvmtiExport can_post_on_exceptions 0
# 601 ciObject found
instanceKlass io/qameta/allure/internal/shadowed/jackson/databind/deser/DeserializerCache
instanceKlass io/qameta/allure/internal/shadowed/jackson/databind/KeyDeserializer
instanceKlass io/qameta/allure/internal/shadowed/jackson/databind/deser/std/StdKeyDeserializers
instanceKlass io/qameta/allure/internal/shadowed/jackson/databind/deser/KeyDeserializers
instanceKlass io/qameta/allure/internal/shadowed/jackson/databind/deser/ValueInstantiators
instanceKlass io/qameta/allure/internal/shadowed/jackson/databind/AbstractTypeResolver
instanceKlass io/qameta/allure/internal/shadowed/jackson/databind/deser/BeanDeserializerModifier
instanceKlass io/qameta/allure/internal/shadowed/jackson/databind/cfg/DeserializerFactoryConfig
instanceKlass io/qameta/allure/internal/shadowed/jackson/databind/PropertyName
instanceKlass io/qameta/allure/internal/shadowed/jackson/databind/deser/Deserializers
instanceKlass io/qameta/allure/internal/shadowed/jackson/annotation/ObjectIdGenerator
instanceKlass io/qameta/allure/internal/shadowed/jackson/databind/deser/ResolvableDeserializer
instanceKlass io/qameta/allure/internal/shadowed/jackson/databind/deser/ValueInstantiator$Gettable
instanceKlass io/qameta/allure/internal/shadowed/jackson/databind/deser/ContextualDeserializer
instanceKlass io/qameta/allure/internal/shadowed/jackson/databind/JsonDeserializer
instanceKlass io/qameta/allure/internal/shadowed/jackson/databind/deser/NullValueProvider
instanceKlass io/qameta/allure/internal/shadowed/jackson/databind/ser/SerializerCache
instanceKlass io/qameta/allure/internal/shadowed/jackson/databind/ser/ResolvableSerializer
instanceKlass io/qameta/allure/internal/shadowed/jackson/databind/ser/ContextualSerializer
instanceKlass io/qameta/allure/internal/shadowed/jackson/databind/node/JsonNodeFactory
instanceKlass io/qameta/allure/internal/shadowed/jackson/databind/node/JsonNodeCreator
instanceKlass io/qameta/allure/internal/shadowed/jackson/databind/cfg/ContextAttributes
instanceKlass io/qameta/allure/internal/shadowed/jackson/core/util/Separators
instanceKlass io/qameta/allure/internal/shadowed/jackson/core/util/DefaultPrettyPrinter$NopIndenter
instanceKlass io/qameta/allure/internal/shadowed/jackson/databind/cfg/ConfigFeature
instanceKlass io/qameta/allure/internal/shadowed/jackson/databind/cfg/ConfigOverride
instanceKlass io/qameta/allure/internal/shadowed/jackson/annotation/JsonFormat$Features
instanceKlass io/qameta/allure/internal/shadowed/jackson/annotation/JsonFormat$Value
instanceKlass io/qameta/allure/internal/shadowed/jackson/databind/cfg/CoercionConfig
instanceKlass io/qameta/allure/internal/shadowed/jackson/databind/cfg/CoercionConfigs
instanceKlass io/qameta/allure/internal/shadowed/jackson/databind/introspect/VisibilityChecker$Std
instanceKlass io/qameta/allure/internal/shadowed/jackson/annotation/JsonSetter$Value
instanceKlass io/qameta/allure/internal/shadowed/jackson/annotation/JsonInclude$Value
instanceKlass io/qameta/allure/internal/shadowed/jackson/annotation/JacksonAnnotationValue
instanceKlass io/qameta/allure/internal/shadowed/jackson/databind/cfg/ConfigOverrides
instanceKlass io/qameta/allure/internal/shadowed/jackson/databind/introspect/AnnotatedClass$Creators
instanceKlass io/qameta/allure/internal/shadowed/jackson/databind/introspect/AnnotationCollector$NoAnnotations
instanceKlass io/qameta/allure/internal/shadowed/jackson/databind/util/Annotations
instanceKlass io/qameta/allure/internal/shadowed/jackson/databind/introspect/AnnotationCollector
instanceKlass io/qameta/allure/internal/shadowed/jackson/databind/introspect/AnnotatedClassResolver
instanceKlass io/qameta/allure/internal/shadowed/jackson/databind/BeanDescription
instanceKlass io/qameta/allure/internal/shadowed/jackson/databind/cfg/MapperConfig
instanceKlass io/qameta/allure/internal/shadowed/jackson/databind/introspect/SimpleMixInResolver
instanceKlass io/qameta/allure/internal/shadowed/jackson/databind/introspect/ClassIntrospector$MixInResolver
instanceKlass io/qameta/allure/internal/shadowed/jackson/databind/util/RootNameLookup
instanceKlass io/qameta/allure/internal/shadowed/jackson/core/sym/ByteQuadsCanonicalizer$TableInfo
instanceKlass io/qameta/allure/internal/shadowed/jackson/core/sym/ByteQuadsCanonicalizer
instanceKlass io/qameta/allure/internal/shadowed/jackson/core/sym/CharsToNameCanonicalizer$Bucket
instanceKlass io/qameta/allure/internal/shadowed/jackson/core/sym/CharsToNameCanonicalizer$TableInfo
instanceKlass io/qameta/allure/internal/shadowed/jackson/core/sym/CharsToNameCanonicalizer
instanceKlass io/qameta/allure/internal/shadowed/jackson/core/io/CharTypes
instanceKlass io/qameta/allure/internal/shadowed/jackson/core/io/JsonStringEncoder
instanceKlass io/qameta/allure/internal/shadowed/jackson/core/io/SerializedString
instanceKlass io/qameta/allure/internal/shadowed/jackson/core/util/DefaultPrettyPrinter$Indenter
instanceKlass io/qameta/allure/internal/shadowed/jackson/core/util/DefaultPrettyPrinter
instanceKlass io/qameta/allure/internal/shadowed/jackson/core/util/Instantiatable
instanceKlass io/qameta/allure/internal/shadowed/jackson/core/PrettyPrinter
instanceKlass io/qameta/allure/internal/shadowed/jackson/core/util/JacksonFeature
instanceKlass io/qameta/allure/internal/shadowed/jackson/core/async/ByteArrayFeeder
instanceKlass io/qameta/allure/internal/shadowed/jackson/core/async/NonBlockingInputFeeder
instanceKlass io/qameta/allure/internal/shadowed/jackson/core/TSFBuilder
instanceKlass io/qameta/allure/internal/shadowed/jackson/core/SerializableString
instanceKlass io/qameta/allure/internal/shadowed/jackson/databind/introspect/AccessorNamingStrategy
instanceKlass io/qameta/allure/internal/shadowed/jackson/core/Base64Variant
instanceKlass io/qameta/allure/internal/shadowed/jackson/core/Base64Variants
instanceKlass io/qameta/allure/internal/shadowed/jackson/databind/type/TypeBindings
instanceKlass io/qameta/allure/internal/shadowed/jackson/databind/type/TypeParser
instanceKlass io/qameta/allure/internal/shadowed/jackson/databind/type/TypeFactory
instanceKlass io/qameta/allure/internal/shadowed/jackson/databind/cfg/BaseSettings
instanceKlass io/qameta/allure/internal/shadowed/jackson/databind/util/LRUMap
instanceKlass io/qameta/allure/internal/shadowed/jackson/databind/util/LookupCache
instanceKlass java/beans/ConstructorProperties
instanceKlass java/beans/Transient
instanceKlass io/qameta/allure/internal/shadowed/jackson/databind/util/ClassUtil$Ctor
instanceKlass io/qameta/allure/internal/shadowed/jackson/databind/util/ClassUtil
instanceKlass io/qameta/allure/internal/shadowed/jackson/databind/ext/Java7Support
instanceKlass io/qameta/allure/internal/shadowed/jackson/annotation/JsonMerge
instanceKlass io/qameta/allure/internal/shadowed/jackson/databind/annotation/JsonDeserialize
instanceKlass io/qameta/allure/internal/shadowed/jackson/annotation/JsonManagedReference
instanceKlass io/qameta/allure/internal/shadowed/jackson/annotation/JsonBackReference
instanceKlass io/qameta/allure/internal/shadowed/jackson/annotation/JsonUnwrapped
instanceKlass io/qameta/allure/internal/shadowed/jackson/annotation/JsonRawValue
instanceKlass io/qameta/allure/internal/shadowed/jackson/annotation/JsonTypeInfo
instanceKlass io/qameta/allure/internal/shadowed/jackson/annotation/JsonFormat
instanceKlass io/qameta/allure/internal/shadowed/jackson/annotation/JsonView
instanceKlass io/qameta/allure/internal/shadowed/jackson/databind/annotation/JsonSerialize
instanceKlass io/qameta/allure/internal/shadowed/jackson/databind/introspect/ConcreteBeanPropertyBase
instanceKlass io/qameta/allure/internal/shadowed/jackson/databind/BeanProperty
instanceKlass io/qameta/allure/internal/shadowed/jackson/databind/introspect/BeanPropertyDefinition
instanceKlass io/qameta/allure/internal/shadowed/jackson/databind/util/Named
instanceKlass io/qameta/allure/internal/shadowed/jackson/databind/introspect/TypeResolutionContext
instanceKlass io/qameta/allure/internal/shadowed/jackson/databind/introspect/Annotated
instanceKlass io/qameta/allure/internal/shadowed/jackson/core/JsonGenerator
instanceKlass io/qameta/allure/internal/shadowed/jackson/databind/JsonSerializable$Base
instanceKlass io/qameta/allure/internal/shadowed/jackson/core/TreeNode
instanceKlass io/qameta/allure/internal/shadowed/jackson/core/JsonParser
instanceKlass io/qameta/allure/internal/shadowed/jackson/databind/JsonSerializable
instanceKlass io/qameta/allure/internal/shadowed/jackson/core/type/ResolvedType
instanceKlass io/qameta/allure/internal/shadowed/jackson/databind/jsontype/TypeResolverBuilder
instanceKlass io/qameta/allure/internal/shadowed/jackson/databind/Module$SetupContext
instanceKlass io/qameta/allure/internal/shadowed/jackson/databind/introspect/ClassIntrospector
instanceKlass io/qameta/allure/internal/shadowed/jackson/databind/introspect/VisibilityChecker
instanceKlass io/qameta/allure/internal/shadowed/jackson/databind/jsontype/PolymorphicTypeValidator
instanceKlass io/qameta/allure/internal/shadowed/jackson/databind/introspect/AccessorNamingStrategy$Provider
instanceKlass io/qameta/allure/internal/shadowed/jackson/databind/AnnotationIntrospector
instanceKlass io/qameta/allure/internal/shadowed/jackson/databind/ser/SerializerFactory
instanceKlass org/aspectj/asm/AsmManager
instanceKlass org/aspectj/util/IStructureModel
instanceKlass io/qameta/allure/internal/shadowed/jackson/databind/deser/DeserializerFactory
instanceKlass io/qameta/allure/internal/shadowed/jackson/databind/DatabindContext
instanceKlass io/qameta/allure/internal/shadowed/jackson/databind/jsontype/SubtypeResolver
instanceKlass java/io/FileOutputStream$1
instanceKlass io/qameta/allure/internal/shadowed/jackson/core/TokenStreamFactory
instanceKlass org/apache/maven/surefire/shade/org/apache/commons/io/IOUtils
instanceKlass io/qameta/allure/internal/shadowed/jackson/core/TreeCodec
instanceKlass java/text/CalendarBuilder
instanceKlass java/text/ParsePosition
instanceKlass java/util/regex/Matcher$ImmutableMatchResult
instanceKlass io/qameta/allure/internal/shadowed/jackson/databind/Module
instanceKlass io/qameta/allure/internal/shadowed/jackson/core/Versioned
instanceKlass io/qameta/allure/internal/shadowed/jackson/databind/jsonschema/SchemaAware
instanceKlass io/qameta/allure/internal/shadowed/jackson/databind/JsonSerializer
instanceKlass io/qameta/allure/internal/shadowed/jackson/databind/jsonFormatVisitors/JsonFormatVisitable
instanceKlass io/qameta/allure/internal/Allure2ModelJackson
instanceKlass io/qameta/allure/FileSystemResultsWriter
instanceKlass io/qameta/allure/util/PropertiesUtils
instanceKlass org/slf4j/spi/LoggingEventBuilder
instanceKlass org/slf4j/helpers/NamedLoggerBase
instanceKlass org/apache/maven/surefire/util/internal/StringUtils$EncodedArray
instanceKlass org/slf4j/helpers/Reporter
instanceKlass org/slf4j/helpers/Util
instanceKlass org/slf4j/helpers/NOPMDCAdapter
instanceKlass org/slf4j/helpers/NOPLoggerFactory
instanceKlass org/slf4j/helpers/NOP_FallbackServiceProvider
instanceKlass org/slf4j/helpers/ThreadLocalMapOfStacks
instanceKlass org/slf4j/helpers/BasicMDCAdapter
instanceKlass org/slf4j/Marker
instanceKlass org/slf4j/helpers/BasicMarkerFactory
instanceKlass java/util/concurrent/LinkedBlockingQueue$Node
instanceKlass org/slf4j/Logger
instanceKlass org/slf4j/helpers/SubstituteLoggerFactory
instanceKlass org/slf4j/ILoggerFactory
instanceKlass org/slf4j/spi/MDCAdapter
instanceKlass org/slf4j/IMarkerFactory
instanceKlass org/slf4j/helpers/SubstituteServiceProvider
instanceKlass org/slf4j/event/LoggingEvent
instanceKlass org/slf4j/spi/SLF4JServiceProvider
instanceKlass org/slf4j/LoggerFactory
instanceKlass io/qameta/allure/AllureResultsWriter
instanceKlass io/qameta/allure/Allure
instanceKlass io/qameta/allure/AllureLifecycle
instanceKlass org/apache/maven/surefire/common/junit4/JUnit4RunListenerFactory
instanceKlass java/io/ObjectStreamClass$FieldReflector
instanceKlass java/io/ObjectStreamClass$FieldReflectorKey
instanceKlass java/io/ObjectInput
instanceKlass java/io/ObjectStreamConstants
instanceKlass java/io/ObjectOutput
instanceKlass jdk/internal/reflect/ClassDefiner$1
instanceKlass jdk/internal/reflect/ClassDefiner
instanceKlass jdk/internal/reflect/MethodAccessorGenerator$1
instanceKlass jdk/internal/reflect/Label$PatchInfo
instanceKlass jdk/internal/reflect/Label
instanceKlass jdk/internal/reflect/UTF8
instanceKlass jdk/internal/reflect/ClassFileAssembler
instanceKlass jdk/internal/reflect/ByteVectorImpl
instanceKlass jdk/internal/reflect/ByteVector
instanceKlass jdk/internal/reflect/ByteVectorFactory
instanceKlass jdk/internal/reflect/AccessorGenerator
instanceKlass jdk/internal/reflect/ClassFileConstants
instanceKlass java/util/ComparableTimSort
instanceKlass java/io/ObjectStreamClass$2
instanceKlass java/io/Externalizable
instanceKlass java/io/ClassCache
instanceKlass java/io/ObjectStreamClass$Caches
instanceKlass java/io/ObjectStreamClass
instanceKlass org/junit/runner/Result$SerializedForm
instanceKlass org/junit/runner/Result
instanceKlass org/junit/runner/notification/RunListener$ThreadSafe
instanceKlass org/apache/maven/surefire/util/CloseableIterator
instanceKlass org/apache/maven/surefire/util/TestsToRun
instanceKlass java/lang/WeakPairMap$$Lambda$75
instanceKlass java/lang/Module$$Lambda$74
instanceKlass java/lang/module/ModuleDescriptor$Builder$$Lambda$73
instanceKlass java/lang/module/ModuleDescriptor$Builder
instanceKlass java/lang/reflect/Proxy$ProxyBuilder$$Lambda$72
instanceKlass jdk/internal/HotSpotIntrinsicCandidate
instanceKlass java/lang/Deprecated
instanceKlass org/junit/After
instanceKlass org/junit/Before
instanceKlass java/lang/annotation/Documented
instanceKlass io/qameta/allure/junit4/DisplayName
instanceKlass java/lang/annotation/Target
instanceKlass java/lang/reflect/Proxy$ProxyBuilder$1
instanceKlass java/lang/reflect/ProxyGenerator$ExceptionTableEntry
instanceKlass java/lang/reflect/ProxyGenerator$PrimitiveTypeInfo
instanceKlass java/lang/reflect/ProxyGenerator$FieldInfo
instanceKlass java/lang/reflect/ProxyGenerator$ConstantPool$Entry
instanceKlass java/lang/reflect/ProxyGenerator$MethodInfo
instanceKlass java/lang/reflect/ProxyGenerator$ProxyMethod
instanceKlass java/lang/reflect/ProxyGenerator$ConstantPool
instanceKlass java/lang/reflect/ProxyGenerator
instanceKlass java/lang/reflect/Proxy$$Lambda$71
instanceKlass java/lang/PublicMethods
instanceKlass java/lang/reflect/Proxy$ProxyBuilder
instanceKlass java/lang/reflect/Proxy$$Lambda$70
instanceKlass java/lang/reflect/Proxy
instanceKlass sun/reflect/annotation/AnnotationInvocationHandler
instanceKlass java/lang/reflect/InvocationHandler
instanceKlass sun/reflect/annotation/AnnotationParser$1
instanceKlass java/lang/annotation/Inherited
instanceKlass java/lang/annotation/Retention
instanceKlass sun/reflect/annotation/ExceptionProxy
instanceKlass sun/reflect/annotation/AnnotationType$1
instanceKlass sun/reflect/annotation/AnnotationType
instanceKlass java/lang/reflect/GenericArrayType
instanceKlass org/junit/Test
instanceKlass sun/reflect/generics/visitor/Reifier
instanceKlass sun/reflect/generics/visitor/TypeTreeVisitor
instanceKlass sun/reflect/generics/factory/CoreReflectionFactory
instanceKlass sun/reflect/generics/factory/GenericsFactory
instanceKlass sun/reflect/generics/scope/AbstractScope
instanceKlass sun/reflect/generics/scope/Scope
instanceKlass sun/reflect/generics/tree/ClassTypeSignature
instanceKlass sun/reflect/generics/tree/SimpleClassTypeSignature
instanceKlass sun/reflect/generics/tree/FieldTypeSignature
instanceKlass sun/reflect/generics/tree/BaseType
instanceKlass sun/reflect/generics/tree/TypeSignature
instanceKlass sun/reflect/generics/tree/ReturnType
instanceKlass sun/reflect/generics/tree/TypeArgument
instanceKlass sun/reflect/generics/tree/TypeTree
instanceKlass sun/reflect/generics/tree/Tree
instanceKlass sun/reflect/generics/parser/SignatureParser
instanceKlass java/lang/Class$AnnotationData
instanceKlass BaseTest
instanceKlass sun/net/DefaultProgressMeteringPolicy
instanceKlass sun/net/ProgressMeteringPolicy
instanceKlass sun/net/ProgressMonitor
instanceKlass org/apache/maven/surefire/report/ConsoleOutputCapture
instanceKlass org/apache/maven/surefire/util/internal/StringUtils
instanceKlass org/apache/maven/surefire/booter/ForkingRunListener
instanceKlass org/apache/maven/surefire/report/ConsoleOutputReceiver
instanceKlass org/junit/runner/RunWith
instanceKlass junit/framework/Test
instanceKlass org/apache/maven/surefire/NonAbstractClassFilter
instanceKlass org/apache/maven/surefire/common/junit3/JUnit3TestChecker
instanceKlass org/apache/maven/surefire/common/junit4/JUnit4TestChecker
instanceKlass org/apache/maven/surefire/util/DefaultRunOrderCalculator
instanceKlass org/apache/maven/surefire/util/DefaultScanResult
instanceKlass org/junit/runner/notification/RunListener
instanceKlass org/apache/maven/surefire/util/ScannerFilter
instanceKlass org/junit/runner/manipulation/Filter
instanceKlass org/apache/maven/surefire/report/TestSetReportEntry
instanceKlass org/apache/maven/surefire/report/ReportEntry
instanceKlass org/junit/runner/notification/RunNotifier
instanceKlass org/apache/maven/surefire/providerapi/AbstractProvider
instanceKlass org/apache/maven/surefire/providerapi/SurefireProvider
instanceKlass org/apache/maven/surefire/util/ReflectionUtils
instanceKlass org/apache/maven/surefire/util/ScanResult
instanceKlass org/apache/maven/surefire/report/ConsoleStream
instanceKlass org/apache/maven/surefire/util/DirectoryScanner
instanceKlass org/apache/maven/surefire/util/RunOrderCalculator
instanceKlass org/apache/maven/surefire/booter/BaseProviderFactory
instanceKlass org/apache/maven/surefire/booter/ShutdownAware
instanceKlass org/apache/maven/surefire/booter/FailFastAware
instanceKlass org/apache/maven/surefire/booter/MainCliOptionsAware
instanceKlass org/apache/maven/surefire/booter/RunOrderParametersAware
instanceKlass org/apache/maven/surefire/booter/TestArtifactInfoAware
instanceKlass org/apache/maven/surefire/providerapi/ProviderParameters
instanceKlass org/apache/maven/surefire/booter/ProviderPropertiesAware
instanceKlass org/apache/maven/surefire/booter/TestRequestAware
instanceKlass org/apache/maven/surefire/booter/SurefireClassLoadersAware
instanceKlass org/apache/maven/surefire/booter/ReporterConfigurationAware
instanceKlass org/apache/maven/surefire/booter/DirectoryScannerParametersAware
instanceKlass org/apache/maven/surefire/report/RunListener
instanceKlass org/apache/maven/surefire/booter/ForkingReporterFactory
instanceKlass org/apache/maven/surefire/booter/StartupConfiguration
instanceKlass org/apache/maven/surefire/booter/Classpath
instanceKlass java/util/regex/Pattern$$Lambda$69
instanceKlass org/apache/maven/surefire/booter/AbstractPathConfiguration
instanceKlass java/util/Scanner$PatternLRUCache
instanceKlass java/util/regex/Pattern$$Lambda$68
instanceKlass java/util/regex/Pattern$$Lambda$67
instanceKlass java/util/regex/CharPredicates$$Lambda$66
instanceKlass java/util/regex/Pattern$$Lambda$65
instanceKlass org/apache/maven/surefire/booter/ClassLoaderConfiguration
instanceKlass java/util/regex/CharPredicates$$Lambda$64
instanceKlass java/util/Scanner
instanceKlass org/apache/maven/surefire/util/internal/DumpFileUtils
instanceKlass java/lang/ProcessImpl$2
instanceKlass java/util/concurrent/SynchronousQueue$TransferStack$SNode
instanceKlass java/util/concurrent/SynchronousQueue$Transferer
instanceKlass org/apache/maven/surefire/booter/DumpErrorSingleton
instanceKlass java/lang/invoke/LambdaForm$MH
instanceKlass java/lang/invoke/LambdaForm$DMH
instanceKlass java/lang/invoke/LambdaForm$DMH
instanceKlass java/lang/ProcessHandleImpl$$Lambda$63
instanceKlass java/lang/invoke/LambdaForm$DMH
instanceKlass java/lang/invoke/LambdaForm$DMH
instanceKlass org/apache/maven/surefire/booter/ProviderConfiguration
instanceKlass java/lang/ProcessHandleImpl$$Lambda$62
instanceKlass java/lang/ProcessHandleImpl
instanceKlass java/lang/ProcessHandle
instanceKlass java/lang/invoke/LambdaForm$MH
instanceKlass java/lang/invoke/LambdaForm$DMH
instanceKlass java/lang/invoke/LambdaForm$DMH
instanceKlass java/lang/ProcessImpl$$Lambda$61
instanceKlass java/lang/invoke/LambdaForm$DMH
instanceKlass org/apache/maven/surefire/report/ReporterConfiguration
instanceKlass org/apache/maven/surefire/testset/ResolvedTest$MethodMatcher
instanceKlass org/apache/maven/surefire/testset/ResolvedTest$ClassMatcher
instanceKlass org/apache/maven/surefire/testset/ResolvedTest
instanceKlass org/apache/maven/surefire/shade/org/apache/maven/shared/utils/StringUtils
instanceKlass java/util/Collections$1
instanceKlass org/apache/maven/surefire/testset/IncludedExcludedPatterns
instanceKlass org/apache/maven/surefire/testset/TestListResolver
instanceKlass org/apache/maven/surefire/testset/GenericTestPattern
instanceKlass org/apache/maven/surefire/testset/TestFilter
instanceKlass java/lang/Process
instanceKlass org/apache/maven/surefire/booter/ProcessInfo
instanceKlass java/util/LinkedList$ListItr
instanceKlass org/aspectj/util/PartialOrder$SortObject
instanceKlass java/lang/ProcessBuilder
instanceKlass org/apache/maven/surefire/testset/TestRequest
instanceKlass org/apache/maven/surefire/shade/org/apache/commons/lang3/StringUtils
instanceKlass org/apache/maven/surefire/testset/TestArtifactInfo
instanceKlass org/apache/maven/surefire/testset/RunOrderParameters
instanceKlass org/apache/maven/surefire/util/RunOrder
instanceKlass org/apache/maven/surefire/testset/DirectoryScannerParameters
instanceKlass org/apache/maven/surefire/booter/TypeEncodedValue
instanceKlass java/lang/ProcessEnvironment$CheckedEntry
instanceKlass java/lang/ProcessEnvironment$CheckedEntrySet$1
instanceKlass java/lang/ProcessEnvironment$EntryComparator
instanceKlass java/lang/ProcessEnvironment$NameComparator
instanceKlass org/apache/maven/surefire/booter/ForkedBooter$5
instanceKlass java/time/Duration
instanceKlass java/time/temporal/TemporalAmount
instanceKlass java/time/temporal/TemporalUnit
instanceKlass java/util/concurrent/TimeUnit$1
instanceKlass java/util/concurrent/Executors$RunnableAdapter
instanceKlass java/util/concurrent/Executors
instanceKlass java/util/concurrent/FutureTask$WaitNode
instanceKlass java/util/concurrent/FutureTask
instanceKlass org/apache/maven/surefire/booter/ForkedBooter$2
instanceKlass java/util/regex/ASCII
instanceKlass java/util/regex/CharPredicates$$Lambda$60
instanceKlass java/util/regex/CharPredicates
instanceKlass java/text/DigitList
instanceKlass sun/util/locale/provider/JRELocaleProviderAdapter$$Lambda$59
instanceKlass java/text/DecimalFormatSymbols
instanceKlass sun/util/locale/provider/JRELocaleProviderAdapter$$Lambda$58
instanceKlass sun/util/resources/Bundles$2
instanceKlass sun/util/resources/LocaleData$LocaleDataResourceBundleProvider
instanceKlass java/util/spi/ResourceBundleProvider
instanceKlass sun/util/locale/provider/JRELocaleProviderAdapter$$Lambda$57
instanceKlass java/text/DateFormatSymbols
instanceKlass sun/util/calendar/CalendarUtils
instanceKlass sun/util/calendar/CalendarDate
instanceKlass sun/util/resources/Bundles$CacheKeyReference
instanceKlass java/util/ResourceBundle$ResourceBundleProviderHelper$$Lambda$56
instanceKlass sun/util/resources/Bundles$CacheKey
instanceKlass sun/util/resources/Bundles
instanceKlass sun/util/resources/LocaleData$LocaleDataStrategy
instanceKlass sun/util/resources/Bundles$Strategy
instanceKlass sun/util/resources/LocaleData$1
instanceKlass sun/util/cldr/CLDRLocaleProviderAdapter$$Lambda$55
instanceKlass sun/util/locale/provider/CalendarDataUtility$CalendarWeekParameterGetter
instanceKlass sun/util/locale/provider/LocaleServiceProviderPool$LocalizedObjectGetter
instanceKlass sun/util/locale/provider/LocaleServiceProviderPool
instanceKlass sun/util/locale/provider/CalendarDataUtility
instanceKlass sun/util/calendar/CalendarSystem$GregorianHolder
instanceKlass sun/util/calendar/CalendarSystem
instanceKlass java/util/Calendar$Builder
instanceKlass sun/util/locale/provider/AvailableLanguageTags
instanceKlass sun/util/locale/provider/JRELocaleProviderAdapter$$Lambda$54
instanceKlass sun/util/resources/cldr/provider/CLDRLocaleDataMetaInfo
instanceKlass sun/util/cldr/CLDRLocaleProviderAdapter$1
instanceKlass sun/util/locale/StringTokenIterator
instanceKlass sun/util/locale/ParseStatus
instanceKlass sun/util/cldr/CLDRBaseLocaleDataMetaInfo
instanceKlass sun/util/locale/provider/LocaleDataMetaInfo
instanceKlass sun/util/locale/provider/LocaleProviderAdapter$1
instanceKlass sun/util/resources/LocaleData
instanceKlass sun/util/locale/provider/LocaleResources
instanceKlass sun/util/locale/LanguageTag
instanceKlass sun/util/locale/provider/ResourceBundleBasedAdapter
instanceKlass sun/util/locale/provider/LocaleProviderAdapter
instanceKlass java/util/spi/LocaleServiceProvider
instanceKlass sun/util/calendar/ZoneInfoFile$ZoneOffsetTransitionRule
instanceKlass sun/util/calendar/ZoneInfoFile$1
instanceKlass sun/util/calendar/ZoneInfoFile
instanceKlass java/util/TimeZone
instanceKlass java/util/Calendar
instanceKlass jdk/internal/math/FDBigInteger
instanceKlass jdk/internal/math/FloatingDecimal$ASCIIToBinaryBuffer
instanceKlass jdk/internal/math/FloatingDecimal$PreparedASCIIToBinaryBuffer
instanceKlass jdk/internal/math/FloatingDecimal$ASCIIToBinaryConverter
instanceKlass jdk/internal/math/FloatingDecimal$BinaryToASCIIBuffer
instanceKlass jdk/internal/math/FloatingDecimal$ExceptionalBinaryToASCIIBuffer
instanceKlass jdk/internal/math/FloatingDecimal$BinaryToASCIIConverter
instanceKlass jdk/internal/math/FloatingDecimal
instanceKlass java/lang/Short$ShortCache
instanceKlass java/lang/Long$LongCache
instanceKlass org/apache/maven/surefire/shade/org/apache/commons/lang3/math/NumberUtils
instanceKlass org/apache/maven/surefire/shade/org/apache/commons/lang3/SystemUtils
instanceKlass org/apache/maven/surefire/booter/PpidChecker$ProcessInfoConsumer
instanceKlass org/apache/maven/surefire/booter/PpidChecker
instanceKlass java/util/concurrent/locks/AbstractQueuedSynchronizer$ConditionObject
instanceKlass java/util/concurrent/locks/Condition
instanceKlass java/util/concurrent/RunnableScheduledFuture
instanceKlass java/util/concurrent/ScheduledFuture
instanceKlass java/util/concurrent/Delayed
instanceKlass java/util/concurrent/RunnableFuture
instanceKlass java/util/concurrent/Future
instanceKlass java/util/concurrent/BlockingQueue
instanceKlass java/util/concurrent/ThreadPoolExecutor$AbortPolicy
instanceKlass java/util/concurrent/RejectedExecutionHandler
instanceKlass java/util/concurrent/AbstractExecutorService
instanceKlass org/apache/maven/surefire/util/internal/DaemonThreadFactory$NamedThreadFactory
instanceKlass org/apache/maven/surefire/booter/ForkedBooter$PingScheduler
instanceKlass org/apache/maven/surefire/booter/ForkedBooter$3
instanceKlass org/apache/maven/surefire/booter/BiProperty
instanceKlass org/apache/maven/surefire/booter/ForkedBooter$4
instanceKlass sun/management/Util
instanceKlass java/util/stream/Collectors$$Lambda$53
instanceKlass java/util/stream/Collectors$$Lambda$52
instanceKlass java/util/stream/Collectors$$Lambda$51
instanceKlass sun/management/spi/PlatformMBeanProvider$PlatformComponent$$Lambda$50
instanceKlass sun/management/spi/PlatformMBeanProvider$PlatformComponent$$Lambda$49
instanceKlass sun/management/RuntimeImpl
instanceKlass java/util/stream/ReduceOps$2ReducingSink
instanceKlass java/lang/management/ManagementFactory$PlatformMBeanFinder$$Lambda$48
instanceKlass java/lang/management/ManagementFactory$PlatformMBeanFinder$$Lambda$47
instanceKlass java/util/Collections$2
instanceKlass jdk/management/jfr/internal/FlightRecorderMXBeanProvider$SingleMBeanComponent
instanceKlass jdk/management/jfr/FlightRecorderMXBean
instanceKlass java/util/HashMap$HashMapSpliterator
instanceKlass java/lang/management/ManagementFactory$PlatformMBeanFinder$$Lambda$46
instanceKlass java/lang/management/ManagementFactory$PlatformMBeanFinder$$Lambda$45
instanceKlass java/util/stream/Collectors$$Lambda$44
instanceKlass java/util/stream/Collectors$$Lambda$43
instanceKlass java/lang/invoke/LambdaForm$DMH
instanceKlass java/util/stream/Collectors$$Lambda$42
instanceKlass java/lang/management/ManagementFactory$PlatformMBeanFinder$$Lambda$41
instanceKlass java/lang/invoke/LambdaForm$DMH
instanceKlass java/util/function/Function$$Lambda$40
instanceKlass java/lang/management/ManagementFactory$PlatformMBeanFinder$$Lambda$39
instanceKlass java/lang/management/ManagementFactory$PlatformMBeanFinder$$Lambda$38
instanceKlass java/lang/management/DefaultPlatformMBeanProvider$11
instanceKlass java/lang/management/DefaultPlatformMBeanProvider$10
instanceKlass java/lang/management/DefaultPlatformMBeanProvider$9
instanceKlass sun/management/ManagementFactoryHelper$LoggingMXBeanAccess$1
instanceKlass sun/management/ManagementFactoryHelper$LoggingMXBeanAccess
instanceKlass java/lang/management/DefaultPlatformMBeanProvider$8
instanceKlass java/lang/management/DefaultPlatformMBeanProvider$7
instanceKlass java/lang/management/DefaultPlatformMBeanProvider$6
instanceKlass java/lang/management/DefaultPlatformMBeanProvider$5
instanceKlass java/lang/management/DefaultPlatformMBeanProvider$4
instanceKlass java/lang/management/DefaultPlatformMBeanProvider$3
instanceKlass java/lang/management/DefaultPlatformMBeanProvider$2
instanceKlass java/lang/management/DefaultPlatformMBeanProvider$1
instanceKlass java/util/concurrent/Callable
instanceKlass com/sun/management/internal/PlatformMBeanProviderImpl$5
instanceKlass sun/management/VMManagementImpl
instanceKlass sun/management/VMManagement
instanceKlass sun/management/ManagementFactoryHelper
instanceKlass sun/management/NotificationEmitterSupport
instanceKlass javax/management/NotificationEmitter
instanceKlass javax/management/NotificationBroadcaster
instanceKlass com/sun/management/DiagnosticCommandMBean
instanceKlass javax/management/DynamicMBean
instanceKlass com/sun/management/internal/PlatformMBeanProviderImpl$4
instanceKlass com/sun/management/internal/PlatformMBeanProviderImpl$3
instanceKlass com/sun/management/internal/PlatformMBeanProviderImpl$2
instanceKlass com/sun/management/internal/PlatformMBeanProviderImpl$1
instanceKlass sun/management/spi/PlatformMBeanProvider$PlatformComponent
instanceKlass com/sun/management/internal/PlatformMBeanProviderImpl$$Lambda$37
instanceKlass java/lang/management/ManagementFactory$PlatformMBeanFinder$$Lambda$36
instanceKlass sun/management/spi/PlatformMBeanProvider
instanceKlass java/lang/management/ManagementFactory$PlatformMBeanFinder$$Lambda$35
instanceKlass java/lang/management/ManagementFactory$PlatformMBeanFinder
instanceKlass java/lang/management/RuntimeMXBean
instanceKlass java/lang/management/PlatformManagedObject
instanceKlass java/util/concurrent/ConcurrentLinkedQueue$Itr
instanceKlass org/apache/maven/surefire/booter/CommandReader$1
instanceKlass java/lang/management/ManagementFactory$$Lambda$34
instanceKlass java/lang/management/ManagementFactory
instanceKlass org/apache/maven/surefire/booter/PropertiesWrapper
instanceKlass org/apache/maven/surefire/booter/Command
instanceKlass org/apache/maven/surefire/booter/KeyValueSource
instanceKlass org/apache/maven/surefire/util/internal/ObjectUtils
instanceKlass org/apache/maven/surefire/booter/SystemPropertyManager
instanceKlass org/aspectj/weaver/bcel/BcelGenericSignatureToTypeXConverter
instanceKlass org/apache/maven/surefire/booter/BooterDeserializer
instanceKlass org/apache/maven/plugin/surefire/log/api/NullConsoleLogger
instanceKlass java/util/concurrent/Semaphore
instanceKlass java/util/concurrent/CountDownLatch
instanceKlass java/util/concurrent/atomic/AtomicReference
instanceKlass org/apache/maven/surefire/util/internal/DaemonThreadFactory
instanceKlass org/apache/maven/surefire/booter/CommandReader$CommandRunnable
instanceKlass org/aspectj/weaver/bcel/BcelClassWeaver$IfaceInitList
instanceKlass java/util/concurrent/ConcurrentLinkedQueue$Node
instanceKlass org/apache/maven/plugin/surefire/log/api/ConsoleLogger
instanceKlass org/apache/maven/surefire/booter/CommandReader
instanceKlass org/aspectj/weaver/TypeVariable
instanceKlass org/aspectj/util/GenericSignature$TypeArgument
instanceKlass org/aspectj/util/GenericSignature$SimpleClassTypeSignature
instanceKlass org/aspectj/util/GenericSignature$FormalTypeParameter
instanceKlass org/aspectj/util/GenericSignature$ClassSignature
instanceKlass org/aspectj/util/GenericSignature$TypeSignature
instanceKlass org/aspectj/util/GenericSignatureParser
instanceKlass org/apache/maven/surefire/booter/CommandListener
instanceKlass org/apache/maven/surefire/report/ReporterFactory
instanceKlass java/util/concurrent/ScheduledExecutorService
instanceKlass java/util/concurrent/ExecutorService
instanceKlass java/util/concurrent/Executor
instanceKlass org/apache/maven/surefire/report/StackTraceWriter
instanceKlass org/apache/maven/surefire/booter/ForkedBooter
instanceKlass org/aspectj/weaver/Dump
instanceKlass org/aspectj/weaver/JoinPointSignature
instanceKlass org/aspectj/weaver/JoinPointSignatureIterator
instanceKlass org/aspectj/weaver/bcel/Range$Where
instanceKlass org/aspectj/weaver/bcel/Range
instanceKlass org/aspectj/apache/bcel/generic/CodeExceptionGen
instanceKlass org/aspectj/apache/bcel/classfile/LineNumber
instanceKlass org/aspectj/apache/bcel/generic/InstructionConstants$Clinit
instanceKlass org/aspectj/apache/bcel/generic/InstructionList
instanceKlass org/aspectj/util/PartialOrder
instanceKlass org/aspectj/apache/bcel/generic/Tag
instanceKlass org/aspectj/weaver/bcel/BcelClassWeaver
instanceKlass org/aspectj/weaver/IClassWeaver
instanceKlass org/aspectj/weaver/bcel/LazyMethodGen
instanceKlass org/aspectj/apache/bcel/generic/InstructionFactory
instanceKlass org/aspectj/apache/bcel/generic/InstructionConstants
instanceKlass org/aspectj/weaver/bcel/LazyClassGen
instanceKlass org/aspectj/weaver/patterns/FastMatchInfo
instanceKlass java/util/LinkedHashMap$LinkedHashIterator
instanceKlass org/aspectj/weaver/tools/WeavingAdaptor$WeavingClassFileProvider$WeaveRequestor
instanceKlass org/aspectj/bridge/context/CompilationAndWeavingContext$ContextStackEntry
instanceKlass org/aspectj/bridge/context/CompilationAndWeavingContext$ContextTokenImpl
instanceKlass org/aspectj/bridge/context/CompilationAndWeavingContext$DefaultFormatter
instanceKlass org/aspectj/bridge/context/ContextToken
instanceKlass org/aspectj/bridge/context/ContextFormatter
instanceKlass org/aspectj/bridge/context/CompilationAndWeavingContext
instanceKlass org/aspectj/weaver/bcel/UnwovenClassFile
instanceKlass org/aspectj/weaver/IWeaveRequestor
instanceKlass org/aspectj/weaver/tools/WeavingAdaptor$WeavingClassFileProvider
instanceKlass org/aspectj/weaver/tools/cache/CacheKeyResolver
instanceKlass org/aspectj/weaver/tools/cache/DefaultCacheFactory
instanceKlass org/aspectj/weaver/tools/cache/CacheFactory
instanceKlass org/aspectj/weaver/tools/cache/WeavedClassCache
instanceKlass org/aspectj/weaver/bcel/BcelWeaver$3
instanceKlass java/util/TreeMap$PrivateEntryIterator
instanceKlass java/util/TreeMap$Entry
instanceKlass java/util/NavigableMap
instanceKlass java/util/SortedMap
instanceKlass org/aspectj/weaver/patterns/PointcutEvaluationExpenseComparator
instanceKlass java/util/NavigableSet
instanceKlass java/util/SortedSet
instanceKlass org/aspectj/weaver/patterns/PointcutRewriter
instanceKlass org/aspectj/weaver/ResolvedType$4
instanceKlass org/aspectj/weaver/IntMap
instanceKlass org/aspectj/weaver/bcel/AtAjAttributes$1
instanceKlass org/aspectj/weaver/bcel/AtAjAttributes$MethodArgument
instanceKlass org/aspectj/apache/bcel/generic/Type$TypeHolder
instanceKlass org/aspectj/bridge/SourceLocation
instanceKlass org/aspectj/weaver/Iterators$6
instanceKlass org/aspectj/weaver/Iterators$4$1
instanceKlass org/aspectj/weaver/Iterators$4
instanceKlass org/aspectj/weaver/ResolvedType$3
instanceKlass org/aspectj/weaver/patterns/IVerificationRequired
instanceKlass org/aspectj/weaver/Iterators$1$1
instanceKlass org/aspectj/weaver/Iterators$7
instanceKlass org/aspectj/weaver/Iterators$2
instanceKlass org/aspectj/weaver/Iterators$8
instanceKlass org/aspectj/weaver/Iterators$5
instanceKlass org/aspectj/weaver/ResolvedType$5
instanceKlass org/aspectj/weaver/Iterators$1
instanceKlass org/aspectj/weaver/Iterators$Filter
instanceKlass org/aspectj/weaver/Iterators
instanceKlass org/aspectj/apache/bcel/generic/InstructionHandle
instanceKlass org/aspectj/weaver/CrosscuttingMembers
instanceKlass org/aspectj/weaver/AbstractAnnotationAJ
instanceKlass org/aspectj/weaver/patterns/Bindings
instanceKlass org/aspectj/weaver/Shadow
instanceKlass org/aspectj/weaver/patterns/TypePattern$MatchKind
instanceKlass org/aspectj/weaver/patterns/AbstractPatternNodeVisitor
instanceKlass org/aspectj/weaver/patterns/BindingPattern
instanceKlass org/aspectj/weaver/patterns/BasicToken
instanceKlass org/aspectj/weaver/patterns/BasicTokenSource
instanceKlass org/aspectj/weaver/patterns/ITokenSource
instanceKlass org/aspectj/weaver/patterns/ISignaturePattern
instanceKlass org/aspectj/weaver/patterns/IToken
instanceKlass org/aspectj/weaver/patterns/PatternParser
instanceKlass org/aspectj/apache/bcel/classfile/annotation/ElementValue
instanceKlass org/aspectj/apache/bcel/classfile/annotation/NameValuePair
instanceKlass org/aspectj/weaver/patterns/SimpleScope
instanceKlass org/aspectj/weaver/patterns/FormalBinding
instanceKlass org/aspectj/util/TypeSafeEnum
instanceKlass java/util/TimSort
instanceKlass java/util/Arrays$LegacyMergeSort
instanceKlass jdk/internal/jimage/ImageBufferCache$2
instanceKlass jdk/internal/jimage/ImageBufferCache
instanceKlass sun/net/www/protocol/jrt/JavaRuntimeURLConnection$$Lambda$33
instanceKlass org/aspectj/apache/bcel/classfile/Utility$ResultHolder
instanceKlass org/aspectj/weaver/AjcMemberMaker
instanceKlass org/aspectj/weaver/MemberImpl
instanceKlass org/aspectj/weaver/patterns/PatternNodeVisitor
instanceKlass org/aspectj/weaver/bcel/AtAjAttributes$AjAttributeStruct
instanceKlass org/aspectj/weaver/bcel/AtAjAttributes
instanceKlass org/aspectj/apache/bcel/generic/InstructionTargeter
instanceKlass org/aspectj/weaver/ConstantPoolWriter
instanceKlass org/aspectj/apache/bcel/generic/Instruction
instanceKlass org/aspectj/weaver/bcel/Utility
instanceKlass org/aspectj/weaver/bcel/BcelConstantPoolReader
instanceKlass org/aspectj/weaver/AjAttribute
instanceKlass org/aspectj/weaver/SourceContextImpl$1
instanceKlass org/aspectj/weaver/SourceContextImpl
instanceKlass org/aspectj/weaver/ConstantPoolReader
instanceKlass org/aspectj/weaver/patterns/IScope
instanceKlass org/aspectj/weaver/ISourceContext
instanceKlass org/aspectj/weaver/AbstractReferenceTypeDelegate
instanceKlass org/aspectj/apache/bcel/classfile/Utility
instanceKlass org/aspectj/apache/bcel/classfile/InnerClass
instanceKlass org/aspectj/apache/bcel/classfile/LocalVariable
instanceKlass org/aspectj/apache/bcel/classfile/CodeException
instanceKlass org/aspectj/apache/bcel/classfile/annotation/AnnotationGen
instanceKlass org/aspectj/apache/bcel/ExceptionConstants
instanceKlass org/aspectj/apache/bcel/ConstantsInitializer
instanceKlass org/aspectj/apache/bcel/Constants
instanceKlass org/aspectj/apache/bcel/classfile/Attribute
instanceKlass org/aspectj/apache/bcel/classfile/AttributeUtils
instanceKlass org/aspectj/apache/bcel/classfile/Modifiers
instanceKlass org/aspectj/apache/bcel/classfile/SimpleConstant
instanceKlass org/aspectj/apache/bcel/classfile/Constant
instanceKlass org/aspectj/apache/bcel/classfile/ConstantPool
instanceKlass org/aspectj/apache/bcel/classfile/Node
instanceKlass org/aspectj/apache/bcel/classfile/ClassParser
instanceKlass java/io/FilePermission$1
instanceKlass jdk/internal/misc/JavaIOFilePermissionAccess
instanceKlass org/aspectj/weaver/WeaverStateInfo
instanceKlass org/aspectj/weaver/tools/ISupportsMessageContext
instanceKlass org/aspectj/weaver/loadtime/Options$WeaverOption
instanceKlass org/aspectj/weaver/loadtime/Options
instanceKlass org/aspectj/weaver/patterns/PatternNode
instanceKlass org/aspectj/weaver/IHasSourceLocation
instanceKlass java/io/FileFilter
instanceKlass org/aspectj/bridge/ISourceLocation
instanceKlass org/aspectj/weaver/IUnwovenClassFile
instanceKlass org/aspectj/weaver/bcel/BcelWeaver
instanceKlass org/aspectj/apache/bcel/util/ClassLoaderRepository
instanceKlass org/aspectj/weaver/AnnotationAJ
instanceKlass org/aspectj/weaver/reflect/Java15AnnotationFinder
instanceKlass org/aspectj/weaver/reflect/ArgNameFinder
instanceKlass org/aspectj/weaver/reflect/AnnotationFinder
instanceKlass org/aspectj/weaver/ShadowMunger
instanceKlass org/aspectj/weaver/IHasPosition
instanceKlass org/aspectj/weaver/ast/ASTNode
instanceKlass org/aspectj/weaver/bcel/BcelWeavingSupport
instanceKlass org/aspectj/weaver/World$AspectPrecedenceCalculator
instanceKlass org/aspectj/util/FuzzyBoolean
instanceKlass org/aspectj/weaver/ResolvedType$FieldGetter
instanceKlass org/aspectj/weaver/ResolvedType$PointcutGetter
instanceKlass org/aspectj/weaver/ResolvedType$MethodGetterIncludingItds
instanceKlass org/aspectj/weaver/ResolvedType$MethodGetter
instanceKlass org/aspectj/weaver/UnresolvedType$TypeKind
instanceKlass org/aspectj/weaver/TypeFactory
instanceKlass org/aspectj/weaver/ResolvedMember
instanceKlass org/aspectj/weaver/Iterators$Getter
instanceKlass org/aspectj/weaver/TypeVariableReference
instanceKlass org/aspectj/weaver/Lint$Kind
instanceKlass org/aspectj/weaver/Lint
instanceKlass org/aspectj/weaver/CrosscuttingMembersSet
instanceKlass org/aspectj/weaver/World$TypeMap
instanceKlass org/aspectj/bridge/IMessageHandler$1
instanceKlass org/aspectj/weaver/IWeavingSupport
instanceKlass org/aspectj/weaver/ConcreteTypeMunger
instanceKlass org/aspectj/util/PartialOrder$PartialComparable
instanceKlass org/aspectj/weaver/ResolvedTypeMunger
instanceKlass org/aspectj/weaver/ReferenceTypeDelegate
instanceKlass org/aspectj/apache/bcel/generic/Type
instanceKlass org/aspectj/weaver/Member
instanceKlass com/sun/org/apache/xerces/internal/impl/Constants$ArrayEnumeration
instanceKlass com/sun/org/apache/xerces/internal/impl/Constants
instanceKlass com/sun/org/apache/xerces/internal/util/XMLChar
instanceKlass com/sun/org/apache/xerces/internal/parsers/AbstractSAXParser$LocatorProxy
instanceKlass org/xml/sax/ext/Locator2
instanceKlass org/xml/sax/Locator
instanceKlass com/sun/org/apache/xerces/internal/util/XMLSymbols
instanceKlass com/sun/xml/internal/stream/Entity
instanceKlass com/sun/xml/internal/stream/util/BufferAllocator
instanceKlass com/sun/xml/internal/stream/util/ThreadLocalBufferAllocator
instanceKlass com/sun/org/apache/xerces/internal/impl/XMLEntityManager$EncodingInfo
instanceKlass com/sun/org/apache/xerces/internal/utils/XMLLimitAnalyzer
instanceKlass com/sun/org/apache/xerces/internal/utils/XMLSecurityPropertyManager
instanceKlass com/sun/org/apache/xerces/internal/xni/parser/XMLInputSource
instanceKlass org/xml/sax/InputSource
instanceKlass com/sun/org/apache/xerces/internal/impl/ExternalSubsetResolver
instanceKlass com/sun/org/apache/xerces/internal/util/EntityResolverWrapper
instanceKlass org/xml/sax/ext/EntityResolver2
instanceKlass java/text/AttributedCharacterIterator$Attribute
instanceKlass java/util/Date
instanceKlass java/text/FieldPosition
instanceKlass java/util/Locale$1
instanceKlass java/text/Format
instanceKlass java/util/ResourceBundle$ResourceBundleProviderHelper$$Lambda$32
instanceKlass java/util/ResourceBundle$ResourceBundleProviderHelper$$Lambda$31
instanceKlass java/util/ResourceBundle$ResourceBundleProviderHelper
instanceKlass java/util/ResourceBundle$3
instanceKlass java/util/ResourceBundle$CacheKeyReference
instanceKlass java/util/ResourceBundle$CacheKey
instanceKlass java/util/ResourceBundle$$Lambda$30
instanceKlass java/util/ResourceBundle$Control
instanceKlass java/util/ResourceBundle$1
instanceKlass jdk/internal/misc/JavaUtilResourceBundleAccess
instanceKlass jdk/xml/internal/SecuritySupport$$Lambda$29
instanceKlass java/util/ResourceBundle
instanceKlass com/sun/org/apache/xerces/internal/util/SAXMessageFormatter
instanceKlass com/sun/org/apache/xerces/internal/util/ErrorHandlerWrapper
instanceKlass com/sun/org/apache/xerces/internal/xni/parser/XMLErrorHandler
instanceKlass com/sun/org/apache/xerces/internal/parsers/AbstractSAXParser$AttributesProxy
instanceKlass org/xml/sax/ext/Attributes2
instanceKlass org/xml/sax/Attributes
instanceKlass org/xml/sax/AttributeList
instanceKlass com/sun/org/apache/xerces/internal/util/FeatureState
instanceKlass com/sun/org/apache/xerces/internal/util/PropertyState
instanceKlass com/sun/org/apache/xerces/internal/impl/msg/XMLMessageFormatter
instanceKlass com/sun/org/apache/xerces/internal/util/MessageFormatter
instanceKlass com/sun/org/apache/xerces/internal/impl/XMLVersionDetector
instanceKlass com/sun/org/apache/xerces/internal/impl/validation/ValidationManager
instanceKlass com/sun/org/apache/xerces/internal/impl/dv/dtd/NMTOKENDatatypeValidator
instanceKlass com/sun/org/apache/xerces/internal/impl/dv/dtd/NOTATIONDatatypeValidator
instanceKlass com/sun/org/apache/xerces/internal/impl/dv/dtd/ENTITYDatatypeValidator
instanceKlass com/sun/org/apache/xerces/internal/impl/dv/dtd/ListDatatypeValidator
instanceKlass com/sun/org/apache/xerces/internal/impl/dv/dtd/IDREFDatatypeValidator
instanceKlass com/sun/org/apache/xerces/internal/impl/dv/dtd/IDDatatypeValidator
instanceKlass com/sun/org/apache/xerces/internal/impl/dv/dtd/StringDatatypeValidator
instanceKlass com/sun/org/apache/xerces/internal/impl/dv/DatatypeValidator
instanceKlass com/sun/org/apache/xerces/internal/impl/dv/DTDDVFactory
instanceKlass com/sun/org/apache/xerces/internal/impl/dtd/DTDGrammarBucket
instanceKlass com/sun/org/apache/xerces/internal/impl/dtd/XMLAttributeDecl
instanceKlass com/sun/org/apache/xerces/internal/impl/dtd/XMLSimpleType
instanceKlass com/sun/org/apache/xerces/internal/impl/dtd/XMLElementDecl
instanceKlass com/sun/org/apache/xerces/internal/impl/validation/ValidationState
instanceKlass com/sun/org/apache/xerces/internal/impl/dv/ValidationContext
instanceKlass com/sun/org/apache/xerces/internal/impl/dtd/XMLDTDValidator
instanceKlass com/sun/org/apache/xerces/internal/impl/RevalidationHandler
instanceKlass com/sun/org/apache/xerces/internal/impl/dtd/XMLDTDValidatorFilter
instanceKlass com/sun/org/apache/xerces/internal/xni/parser/XMLDocumentFilter
instanceKlass com/sun/org/apache/xerces/internal/impl/dtd/XMLEntityDecl
instanceKlass com/sun/org/apache/xerces/internal/impl/dtd/XMLDTDProcessor
instanceKlass com/sun/org/apache/xerces/internal/xni/parser/XMLDTDContentModelFilter
instanceKlass com/sun/org/apache/xerces/internal/xni/parser/XMLDTDFilter
instanceKlass com/sun/org/apache/xerces/internal/xni/parser/XMLDTDScanner
instanceKlass com/sun/org/apache/xerces/internal/xni/parser/XMLDTDContentModelSource
instanceKlass com/sun/org/apache/xerces/internal/xni/parser/XMLDTDSource
instanceKlass com/sun/org/apache/xerces/internal/xni/grammars/XMLDTDDescription
instanceKlass com/sun/org/apache/xerces/internal/xni/grammars/XMLGrammarDescription
instanceKlass com/sun/org/apache/xerces/internal/impl/XMLDocumentScannerImpl$TrailingMiscDriver
instanceKlass com/sun/org/apache/xerces/internal/impl/XMLDocumentScannerImpl$PrologDriver
instanceKlass com/sun/org/apache/xerces/internal/impl/XMLDocumentScannerImpl$XMLDeclDriver
instanceKlass com/sun/org/apache/xerces/internal/util/NamespaceSupport
instanceKlass com/sun/org/apache/xerces/internal/xni/NamespaceContext
instanceKlass com/sun/org/apache/xerces/internal/util/XMLAttributesImpl$Attribute
instanceKlass com/sun/org/apache/xerces/internal/util/XMLAttributesImpl
instanceKlass com/sun/org/apache/xerces/internal/xni/XMLAttributes
instanceKlass com/sun/org/apache/xerces/internal/impl/XMLDocumentFragmentScannerImpl$FragmentContentDriver
instanceKlass com/sun/org/apache/xerces/internal/impl/XMLDocumentFragmentScannerImpl$Driver
instanceKlass com/sun/org/apache/xerces/internal/impl/XMLDocumentFragmentScannerImpl$ElementStack2
instanceKlass com/sun/org/apache/xerces/internal/xni/QName
instanceKlass com/sun/org/apache/xerces/internal/impl/XMLDocumentFragmentScannerImpl$ElementStack
instanceKlass com/sun/org/apache/xerces/internal/xni/XMLString
instanceKlass com/sun/org/apache/xerces/internal/impl/XMLScanner
instanceKlass com/sun/xml/internal/stream/XMLBufferListener
instanceKlass com/sun/org/apache/xerces/internal/impl/XMLEntityHandler
instanceKlass com/sun/org/apache/xerces/internal/xni/parser/XMLDocumentScanner
instanceKlass com/sun/org/apache/xerces/internal/xni/parser/XMLDocumentSource
instanceKlass com/sun/org/apache/xerces/internal/impl/XMLErrorReporter
instanceKlass com/sun/org/apache/xerces/internal/impl/XMLEntityScanner
instanceKlass com/sun/org/apache/xerces/internal/xni/XMLLocator
instanceKlass com/sun/xml/internal/stream/XMLEntityStorage
instanceKlass com/sun/org/apache/xerces/internal/utils/XMLSecurityManager
instanceKlass com/sun/org/apache/xerces/internal/util/AugmentationsImpl$AugmentationsItemsContainer
instanceKlass com/sun/org/apache/xerces/internal/util/AugmentationsImpl
instanceKlass com/sun/org/apache/xerces/internal/xni/Augmentations
instanceKlass com/sun/org/apache/xerces/internal/util/XMLResourceIdentifierImpl
instanceKlass com/sun/org/apache/xerces/internal/xni/XMLResourceIdentifier
instanceKlass com/sun/org/apache/xerces/internal/impl/XMLEntityManager
instanceKlass com/sun/org/apache/xerces/internal/xni/parser/XMLEntityResolver
instanceKlass com/sun/org/apache/xerces/internal/xni/parser/XMLComponent
instanceKlass com/sun/org/apache/xerces/internal/util/SymbolTable$Entry
instanceKlass com/sun/org/apache/xerces/internal/util/SymbolTable
instanceKlass javax/xml/parsers/SAXParserFactory
instanceKlass jdk/xml/internal/SecuritySupport$$Lambda$28
instanceKlass java/lang/invoke/LambdaForm$MH
instanceKlass java/lang/invoke/LambdaForm$DMH
instanceKlass java/lang/invoke/LambdaForm$MH
instanceKlass java/lang/invoke/LambdaForm$DMH
instanceKlass java/lang/invoke/LambdaForm$MH
instanceKlass java/lang/invoke/LambdaForm$DMH
instanceKlass java/lang/invoke/LambdaForm$MH
instanceKlass java/lang/invoke/LambdaForm$DMH
instanceKlass java/lang/invoke/ClassSpecializer$Factory$1Var
instanceKlass java/lang/invoke/LambdaForm$MH
instanceKlass java/lang/invoke/LambdaForm$DMH
instanceKlass java/lang/invoke/LambdaForm$BMH
instanceKlass java/lang/invoke/LambdaForm$DMH
instanceKlass java/lang/invoke/LambdaForm$MH
instanceKlass java/lang/invoke/LambdaForm$DMH
instanceKlass java/lang/invoke/LambdaForm$MH
instanceKlass java/lang/invoke/LambdaForm$DMH
instanceKlass java/lang/invoke/LambdaForm$MH
instanceKlass java/lang/invoke/LambdaForm$MH
instanceKlass java/lang/invoke/LambdaForm$MH
instanceKlass java/lang/invoke/LambdaForm$MH
instanceKlass java/lang/invoke/LambdaForm$MH
instanceKlass java/lang/invoke/LambdaForm$MH
instanceKlass java/lang/invoke/LambdaForm$MH
instanceKlass java/lang/invoke/LambdaForm$MH
instanceKlass java/lang/invoke/LambdaForm$MH
instanceKlass java/lang/invoke/LambdaForm$MH
instanceKlass java/lang/invoke/LambdaForm$MH
instanceKlass java/lang/invoke/LambdaForm$MH
instanceKlass java/lang/invoke/LambdaForm$MH
instanceKlass java/lang/invoke/LambdaForm$MH
instanceKlass java/lang/invoke/LambdaForm$MH
instanceKlass java/lang/invoke/LambdaForm$MH
instanceKlass java/lang/invoke/LambdaForm$MH
instanceKlass java/lang/invoke/LambdaForm$MH
instanceKlass java/lang/invoke/LambdaForm$MH
instanceKlass jdk/xml/internal/JdkXmlUtils
instanceKlass com/sun/org/apache/xerces/internal/util/ParserConfigurationSettings
instanceKlass com/sun/org/apache/xerces/internal/parsers/XML11Configurable
instanceKlass com/sun/org/apache/xerces/internal/xni/parser/XMLPullParserConfiguration
instanceKlass com/sun/org/apache/xerces/internal/xni/parser/XMLParserConfiguration
instanceKlass com/sun/org/apache/xerces/internal/xni/parser/XMLComponentManager
instanceKlass com/sun/org/apache/xerces/internal/parsers/XMLParser
instanceKlass com/sun/org/apache/xerces/internal/xni/XMLDTDContentModelHandler
instanceKlass com/sun/org/apache/xerces/internal/xni/XMLDTDHandler
instanceKlass com/sun/org/apache/xerces/internal/xni/XMLDocumentHandler
instanceKlass org/xml/sax/Parser
instanceKlass com/sun/org/apache/xerces/internal/xs/PSVIProvider
instanceKlass jdk/internal/module/SystemModuleFinders$SystemModuleReader$$Lambda$27
instanceKlass jdk/internal/module/Checks
instanceKlass jdk/xml/internal/SecuritySupport$$Lambda$26
instanceKlass org/xml/sax/helpers/XMLReaderFactory$$Lambda$25
instanceKlass org/xml/sax/XMLReader
instanceKlass jdk/xml/internal/SecuritySupport$$Lambda$24
instanceKlass jdk/xml/internal/SecuritySupport$$Lambda$23
instanceKlass jdk/xml/internal/SecuritySupport
instanceKlass org/xml/sax/helpers/XMLReaderFactory
instanceKlass org/aspectj/weaver/loadtime/definition/Definition
instanceKlass org/xml/sax/helpers/DefaultHandler
instanceKlass org/xml/sax/ErrorHandler
instanceKlass org/xml/sax/ContentHandler
instanceKlass org/xml/sax/DTDHandler
instanceKlass org/xml/sax/EntityResolver
instanceKlass org/aspectj/weaver/loadtime/ClassLoaderWeavingAdaptor$SimpleGeneratedClassHandler
instanceKlass org/aspectj/bridge/MessageUtil$11
instanceKlass org/aspectj/bridge/MessageUtil$10
instanceKlass org/aspectj/bridge/MessageUtil$9
instanceKlass org/aspectj/bridge/MessageUtil$8
instanceKlass org/aspectj/bridge/MessageUtil$7
instanceKlass org/aspectj/bridge/MessageUtil$6
instanceKlass org/aspectj/bridge/MessageUtil$5
instanceKlass org/aspectj/bridge/MessageUtil$4
instanceKlass org/aspectj/bridge/MessageUtil$3
instanceKlass org/aspectj/bridge/MessageUtil$2
instanceKlass java/util/regex/IntHashSet
instanceKlass java/util/regex/Matcher
instanceKlass java/util/regex/MatchResult
instanceKlass java/util/regex/Pattern$$Lambda$22
instanceKlass jdk/internal/module/ModulePatcher$PatchedModuleReader
instanceKlass org/aspectj/util/LangUtil
instanceKlass org/aspectj/bridge/MessageUtil$KindSelector
instanceKlass org/aspectj/bridge/Message
instanceKlass org/aspectj/bridge/MessageUtil$IMessageRenderer
instanceKlass org/aspectj/bridge/MessageUtil
instanceKlass sun/net/www/protocol/jar/URLJarFileCallBack
instanceKlass sun/net/www/MessageHeader
instanceKlass sun/net/www/protocol/jar/JarFileFactory
instanceKlass sun/net/www/protocol/jar/URLJarFile$URLJarFileCloseController
instanceKlass java/net/URLConnection
instanceKlass org/aspectj/bridge/Version
instanceKlass org/aspectj/bridge/MessageWriter
instanceKlass org/aspectj/bridge/IMessage$Kind$1
instanceKlass org/aspectj/bridge/IMessage$Kind
instanceKlass org/aspectj/bridge/MessageHandler
instanceKlass org/aspectj/weaver/WeakClassLoaderReference
instanceKlass org/aspectj/apache/bcel/util/ClassLoaderReference
instanceKlass org/aspectj/weaver/loadtime/DefaultWeavingContext
instanceKlass org/aspectj/weaver/loadtime/Aj$WeaverContainer
instanceKlass sun/launcher/LauncherHelper
instanceKlass java/lang/invoke/LambdaForm$DMH
instanceKlass sun/reflect/misc/ReflectUtil
instanceKlass java/util/StringJoiner
instanceKlass jdk/internal/reflect/UnsafeFieldAccessorFactory
instanceKlass java/lang/reflect/AccessibleObject$$Lambda$21
instanceKlass sun/misc/Unsafe
instanceKlass aj/org/objectweb/asm/ClassVisitor
instanceKlass aj/org/objectweb/asm/commons/Remapper
instanceKlass org/aspectj/weaver/UnresolvedType
instanceKlass org/aspectj/weaver/TypeVariableDeclaringElement
instanceKlass org/aspectj/weaver/tools/Traceable
instanceKlass org/aspectj/weaver/AnnotatedElement
instanceKlass org/aspectj/weaver/reflect/IReflectionWorld
instanceKlass org/aspectj/weaver/World
instanceKlass org/aspectj/weaver/Dump$INode
instanceKlass org/aspectj/apache/bcel/util/Repository
instanceKlass org/aspectj/weaver/loadtime/IWeavingContext
instanceKlass org/aspectj/weaver/IClassFileProvider
instanceKlass org/aspectj/bridge/IMessageHolder
instanceKlass org/aspectj/bridge/IMessageHandler
instanceKlass org/aspectj/weaver/tools/GeneratedClassHandler
instanceKlass org/aspectj/bridge/IMessage
instanceKlass org/aspectj/weaver/tools/WeavingAdaptor
instanceKlass org/aspectj/bridge/IMessageContext
instanceKlass org/aspectj/weaver/loadtime/Aj$ExplicitlyInitializedClassLoaderWeavingAdaptor
instanceKlass jdk/internal/logger/DefaultLoggerFinder$1
instanceKlass java/util/logging/Logger$SystemLoggerHelper$1
instanceKlass java/util/logging/Logger$SystemLoggerHelper
instanceKlass java/util/logging/LogManager$4
instanceKlass jdk/internal/logger/BootstrapLogger$BootstrapExecutors
instanceKlass jdk/internal/logger/BootstrapLogger$RedirectedLoggers
instanceKlass java/util/ServiceLoader$ProviderImpl
instanceKlass java/util/ServiceLoader$Provider
instanceKlass java/util/ServiceLoader$1
instanceKlass java/util/concurrent/CopyOnWriteArrayList$COWIterator
instanceKlass jdk/internal/loader/URLClassPath$1
instanceKlass java/lang/CompoundEnumeration
instanceKlass jdk/internal/loader/BuiltinClassLoader$1
instanceKlass java/util/Collections$EmptyEnumeration
instanceKlass java/util/Collections$EmptyIterator
instanceKlass jdk/internal/jimage/ImageLocation
instanceKlass jdk/internal/jimage/decompressor/Decompressor
instanceKlass jdk/internal/jimage/ImageStringsReader
instanceKlass jdk/internal/jimage/ImageStrings
instanceKlass jdk/internal/jimage/ImageHeader
instanceKlass jdk/internal/jimage/NativeImageBuffer$1
instanceKlass jdk/internal/jimage/NativeImageBuffer
instanceKlass jdk/internal/jimage/BasicImageReader$1
instanceKlass jdk/internal/jimage/BasicImageReader
instanceKlass jdk/internal/jimage/ImageReader
instanceKlass jdk/internal/jimage/ImageReaderFactory$1
instanceKlass jdk/internal/jimage/ImageReaderFactory
instanceKlass jdk/internal/module/SystemModuleFinders$SystemImage
instanceKlass jdk/internal/module/SystemModuleFinders$SystemModuleReader
instanceKlass java/lang/module/ModuleReader
instanceKlass jdk/internal/loader/BuiltinClassLoader$5
instanceKlass jdk/internal/loader/BuiltinClassLoader$2
instanceKlass jdk/internal/module/Resources
instanceKlass java/util/ServiceLoader$3
instanceKlass java/util/ServiceLoader$2
instanceKlass java/util/ServiceLoader$LazyClassPathLookupIterator
instanceKlass java/lang/ModuleLayer$$Lambda$20
instanceKlass java/util/Spliterators$1Adapter
instanceKlass java/util/Spliterators$ArraySpliterator
instanceKlass jdk/internal/loader/AbstractClassLoaderValue$Memoizer
instanceKlass java/util/ServiceLoader$ModuleServicesLookupIterator
instanceKlass java/util/ServiceLoader
instanceKlass jdk/internal/logger/BootstrapLogger$DetectBackend$1
instanceKlass jdk/internal/logger/BootstrapLogger$DetectBackend
instanceKlass jdk/internal/logger/BootstrapLogger
instanceKlass sun/util/logging/PlatformLogger$ConfigurableBridge
instanceKlass sun/util/logging/PlatformLogger$Bridge
instanceKlass java/lang/System$Logger
instanceKlass java/util/stream/Streams
instanceKlass java/util/stream/Streams$AbstractStreamBuilderImpl
instanceKlass java/util/stream/Stream$Builder
instanceKlass java/util/logging/Level$KnownLevel$$Lambda$19
instanceKlass java/util/ArrayList$ArrayListSpliterator
instanceKlass java/util/logging/Level$$Lambda$18
instanceKlass java/util/Hashtable$Enumerator
instanceKlass java/util/Collections$3
instanceKlass java/util/logging/LogManager$LoggerContext$1
instanceKlass java/util/logging/LogManager$VisitedLoggers
instanceKlass java/lang/invoke/LambdaForm$MH
instanceKlass java/lang/invoke/LambdaForm$MH
instanceKlass sun/invoke/util/ValueConversions$WrapperCache
instanceKlass java/lang/invoke/LambdaForm$MH
instanceKlass java/lang/invoke/MethodHandles$1
instanceKlass java/lang/Byte$ByteCache
instanceKlass java/lang/invoke/LambdaForm$MH
instanceKlass java/lang/invoke/LambdaForm$MH
instanceKlass java/lang/invoke/LambdaForm$MH
instanceKlass java/lang/invoke/LambdaForm$MH
instanceKlass java/lang/invoke/LambdaForm$MH
instanceKlass java/lang/invoke/LambdaForm$MH
instanceKlass java/lang/invoke/LambdaForm$MH
instanceKlass java/lang/invoke/LambdaForm$MH
instanceKlass java/lang/invoke/LambdaForm$MH
instanceKlass java/lang/invoke/LambdaForm$MH
instanceKlass java/lang/ClassValue$Version
instanceKlass java/lang/ClassValue$Identity
instanceKlass java/lang/ClassValue
instanceKlass java/lang/invoke/StringConcatFactory$Stringifiers
instanceKlass java/lang/StringConcatHelper
instanceKlass java/lang/invoke/StringConcatFactory$MethodHandleInlineCopyStrategy$3
instanceKlass java/lang/invoke/StringConcatFactory$MethodHandleInlineCopyStrategy$2
instanceKlass java/lang/invoke/StringConcatFactory$MethodHandleInlineCopyStrategy$1
instanceKlass java/lang/invoke/StringConcatFactory$MethodHandleInlineCopyStrategy
instanceKlass java/lang/invoke/StringConcatFactory$RecipeElement
instanceKlass java/lang/invoke/StringConcatFactory$Recipe
instanceKlass java/lang/invoke/StringConcatFactory$1
instanceKlass java/lang/invoke/StringConcatFactory
instanceKlass java/net/URI$Parser
instanceKlass java/nio/file/FileSystems$DefaultFileSystemHolder$1
instanceKlass java/nio/file/FileSystems$DefaultFileSystemHolder
instanceKlass java/nio/file/FileSystems
instanceKlass java/nio/file/Paths
instanceKlass java/util/logging/LogManager$2
instanceKlass java/lang/invoke/VarHandle$AccessDescriptor
instanceKlass java/lang/System$LoggerFinder
instanceKlass java/io/FileInputStream$1
instanceKlass java/util/Properties$LineReader
instanceKlass java/security/Security$1
instanceKlass java/security/Security
instanceKlass sun/security/util/SecurityProperties
instanceKlass sun/security/util/FilePermCompat
instanceKlass sun/security/util/SecurityConstants
instanceKlass java/security/AccessController$1
instanceKlass java/util/logging/LogManager$LoggingProviderAccess
instanceKlass sun/util/logging/internal/LoggingProviderImpl$LogManagerAccess
instanceKlass java/lang/Shutdown$Lock
instanceKlass java/lang/Shutdown
instanceKlass java/lang/ApplicationShutdownHooks$1
instanceKlass java/lang/ApplicationShutdownHooks
instanceKlass java/util/Collections$SynchronizedMap
instanceKlass java/util/concurrent/locks/AbstractQueuedSynchronizer$Node
instanceKlass java/util/logging/LogManager$LogNode
instanceKlass java/util/logging/LogManager$LoggerContext
instanceKlass java/util/logging/LogManager$1
instanceKlass java/util/logging/LogManager
instanceKlass java/util/logging/Logger$ConfigurationData
instanceKlass java/util/logging/Logger$LoggerBundle
instanceKlass java/util/logging/Level
instanceKlass java/util/logging/Handler
instanceKlass java/util/logging/Logger
instanceKlass java/util/regex/Pattern$TreeInfo
instanceKlass java/util/regex/Pattern$$Lambda$17
instanceKlass java/util/regex/Pattern$$Lambda$16
instanceKlass java/util/regex/Pattern$$Lambda$15
instanceKlass java/util/regex/Pattern$BitClass$$Lambda$14
instanceKlass java/util/regex/Pattern$BmpCharPredicate
instanceKlass java/util/regex/Pattern$CharPredicate
instanceKlass java/util/regex/Pattern$Node
instanceKlass java/util/regex/Pattern
instanceKlass org/aspectj/weaver/tools/AbstractTrace
instanceKlass org/aspectj/weaver/tools/Trace
instanceKlass org/aspectj/weaver/tools/TraceFactory
instanceKlass org/aspectj/weaver/tools/cache/SimpleCacheFactory
instanceKlass org/aspectj/weaver/loadtime/Aj
instanceKlass org/aspectj/weaver/loadtime/ClassPreProcessor
instanceKlass org/aspectj/weaver/loadtime/ClassPreProcessorAgentAdapter
instanceKlass sun/instrument/InstrumentationImpl$1
instanceKlass java/lang/instrument/ClassFileTransformer
instanceKlass org/aspectj/weaver/loadtime/Agent
instanceKlass java/security/SecureClassLoader$DebugHolder
instanceKlass java/security/Permissions$1
instanceKlass java/security/PermissionCollection
instanceKlass java/security/SecureClassLoader$1
instanceKlass java/security/SecureClassLoader$CodeSourceKey
instanceKlass java/util/zip/Checksum$1
instanceKlass java/util/zip/CRC32
instanceKlass java/util/zip/Checksum
instanceKlass sun/nio/ByteBuffered
instanceKlass java/lang/Package$VersionInfo
instanceKlass java/lang/NamedPackage
instanceKlass jdk/internal/loader/Resource
instanceKlass java/util/LinkedList$Node
instanceKlass java/nio/charset/CoderResult
instanceKlass java/io/Reader
instanceKlass java/lang/Readable
instanceKlass java/util/StringTokenizer
instanceKlass java/util/jar/Attributes$Name
instanceKlass java/util/jar/Attributes
instanceKlass java/security/CodeSigner
instanceKlass java/util/jar/JarVerifier
instanceKlass sun/security/action/GetIntegerAction
instanceKlass sun/security/util/Debug
instanceKlass sun/security/util/SignatureFileVerifier
instanceKlass java/util/zip/ZipFile$InflaterCleanupAction
instanceKlass java/util/zip/Inflater$InflaterZStreamRef
instanceKlass java/util/zip/Inflater
instanceKlass java/util/zip/ZipEntry
instanceKlass java/util/jar/JarFile$1
instanceKlass jdk/internal/util/jar/JarIndex
instanceKlass java/nio/Bits$1
instanceKlass jdk/internal/misc/JavaNioAccess$BufferPool
instanceKlass java/nio/Bits
instanceKlass sun/nio/ch/DirectBuffer
instanceKlass jdk/internal/perf/PerfCounter$CoreCounters
instanceKlass jdk/internal/perf/Perf
instanceKlass jdk/internal/perf/Perf$GetPerfAction
instanceKlass jdk/internal/perf/PerfCounter
instanceKlass java/util/zip/ZipUtils
instanceKlass java/util/zip/ZipFile$Source$End
instanceKlass java/lang/invoke/VarForm
instanceKlass java/lang/invoke/VarHandleGuards
instanceKlass jdk/internal/util/Preconditions$1
instanceKlass java/lang/invoke/VarHandle$1
instanceKlass java/lang/invoke/VarHandles
instanceKlass java/util/concurrent/atomic/AtomicBoolean
instanceKlass java/io/RandomAccessFile$2
instanceKlass jdk/internal/misc/JavaIORandomAccessFileAccess
instanceKlass java/io/RandomAccessFile
instanceKlass java/io/DataInput
instanceKlass java/io/DataOutput
instanceKlass java/nio/file/attribute/FileTime
instanceKlass sun/nio/fs/WindowsNativeDispatcher$CompletionStatus
instanceKlass sun/nio/fs/WindowsNativeDispatcher$AclInformation
instanceKlass sun/nio/fs/WindowsNativeDispatcher$Account
instanceKlass sun/nio/fs/WindowsNativeDispatcher$DiskFreeSpace
instanceKlass sun/nio/fs/WindowsNativeDispatcher$VolumeInformation
instanceKlass sun/nio/fs/WindowsNativeDispatcher$FirstStream
instanceKlass sun/nio/fs/WindowsNativeDispatcher$FirstFile
instanceKlass sun/nio/fs/WindowsNativeDispatcher$1
instanceKlass sun/nio/fs/WindowsNativeDispatcher
instanceKlass sun/nio/fs/NativeBuffer$Deallocator
instanceKlass sun/nio/fs/NativeBuffer
instanceKlass sun/nio/fs/NativeBuffers
instanceKlass sun/nio/fs/WindowsFileAttributes
instanceKlass java/nio/file/attribute/DosFileAttributes
instanceKlass sun/nio/fs/AbstractBasicFileAttributeView
instanceKlass sun/nio/fs/DynamicFileAttributeView
instanceKlass sun/nio/fs/WindowsFileAttributeViews
instanceKlass sun/nio/fs/Util
instanceKlass java/nio/file/attribute/BasicFileAttributeView
instanceKlass java/nio/file/attribute/FileAttributeView
instanceKlass java/nio/file/attribute/AttributeView
instanceKlass java/nio/file/Files
instanceKlass java/nio/file/CopyOption
instanceKlass java/nio/file/attribute/BasicFileAttributes
instanceKlass sun/nio/fs/WindowsPath
instanceKlass java/util/zip/ZipFile$Source$Key
instanceKlass sun/nio/fs/WindowsPathParser$Result
instanceKlass sun/nio/fs/WindowsPathParser
instanceKlass java/util/Arrays$ArrayItr
instanceKlass java/nio/file/FileSystem
instanceKlass java/nio/file/OpenOption
instanceKlass java/nio/file/spi/FileSystemProvider
instanceKlass sun/nio/fs/DefaultFileSystemProvider
instanceKlass java/util/zip/ZipFile$Source
instanceKlass java/util/zip/ZipFile$CleanableResource
instanceKlass java/util/zip/ZipCoder
instanceKlass java/lang/Runtime$Version
instanceKlass java/util/jar/JavaUtilJarAccessImpl
instanceKlass jdk/internal/misc/JavaUtilJarAccess
instanceKlass jdk/internal/loader/FileURLMapper
instanceKlass jdk/internal/loader/URLClassPath$JarLoader$1
instanceKlass java/util/zip/ZipFile$1
instanceKlass jdk/internal/misc/JavaUtilZipFileAccess
instanceKlass java/util/zip/ZipFile
instanceKlass java/util/zip/ZipConstants
instanceKlass jdk/internal/loader/URLClassPath$Loader
instanceKlass java/util/Enumeration
instanceKlass jdk/internal/loader/URLClassPath$3
instanceKlass java/security/PrivilegedExceptionAction
instanceKlass sun/util/locale/InternalLocaleBuilder$CaseInsensitiveChar
instanceKlass sun/util/locale/InternalLocaleBuilder
instanceKlass sun/util/locale/LocaleUtils
instanceKlass sun/util/locale/BaseLocale$Key
instanceKlass sun/util/locale/BaseLocale
instanceKlass sun/util/locale/LocaleObjectCache
instanceKlass java/util/Locale
instanceKlass sun/net/util/URLUtil
instanceKlass sun/instrument/TransformerManager$TransformerInfo
instanceKlass sun/instrument/TransformerManager
instanceKlass java/util/ArrayDeque$DeqIterator
instanceKlass java/lang/ClassLoaderHelper
instanceKlass java/lang/ClassLoader$NativeLibrary
instanceKlass java/lang/ClassLoader$2
instanceKlass java/lang/StringCoding$StringEncoder
instanceKlass sun/instrument/InstrumentationImpl
instanceKlass java/lang/instrument/Instrumentation
instanceKlass jdk/internal/module/ModuleBootstrap$SafeModuleFinder
instanceKlass jdk/internal/module/IllegalAccessLogger
instanceKlass jdk/internal/module/ModuleBootstrap$2
instanceKlass jdk/internal/module/IllegalAccessLogger$Builder
instanceKlass java/lang/ModuleLayer$Controller
instanceKlass jdk/internal/module/ServicesCatalog$ServiceProvider
instanceKlass java/util/concurrent/CopyOnWriteArrayList
instanceKlass jdk/internal/module/ModuleLoaderMap$Mapper
instanceKlass jdk/internal/module/ModuleLoaderMap
instanceKlass java/lang/module/ResolvedModule
instanceKlass java/util/Collections$UnmodifiableCollection$1
instanceKlass java/lang/ModuleLayer
instanceKlass java/lang/module/ModuleFinder$1
instanceKlass java/nio/file/Path
instanceKlass java/nio/file/Watchable
instanceKlass java/lang/module/Resolver
instanceKlass java/lang/module/Configuration
instanceKlass java/util/ImmutableCollections$Set12$1
instanceKlass java/util/stream/FindOps$FindSink$OfRef$$Lambda$13
instanceKlass java/util/stream/FindOps$FindSink$OfRef$$Lambda$12
instanceKlass java/util/stream/FindOps$FindSink$OfRef$$Lambda$11
instanceKlass java/util/stream/FindOps$FindSink$OfRef$$Lambda$10
instanceKlass java/util/stream/FindOps$FindOp
instanceKlass java/util/stream/FindOps$FindSink
instanceKlass java/util/stream/FindOps
instanceKlass jdk/internal/module/DefaultRoots$$Lambda$9
instanceKlass java/util/stream/Sink$ChainedReference
instanceKlass java/util/stream/ReduceOps$Box
instanceKlass java/util/stream/ReduceOps$AccumulatingSink
instanceKlass java/util/stream/TerminalSink
instanceKlass java/util/stream/Sink
instanceKlass java/util/function/Consumer
instanceKlass java/util/stream/ReduceOps$ReduceOp
instanceKlass java/util/stream/TerminalOp
instanceKlass java/util/stream/ReduceOps
instanceKlass java/util/stream/Collectors$$Lambda$8
instanceKlass java/util/stream/Collectors$$Lambda$7
instanceKlass java/util/function/BinaryOperator
instanceKlass java/util/function/BiFunction
instanceKlass java/util/stream/Collectors$$Lambda$6
instanceKlass java/util/function/BiConsumer
instanceKlass java/util/stream/Collectors$$Lambda$5
instanceKlass java/util/stream/Collectors$CollectorImpl
instanceKlass java/util/stream/Collector
instanceKlass java/util/Collections$UnmodifiableCollection
instanceKlass java/util/stream/Collectors
instanceKlass jdk/internal/module/DefaultRoots$$Lambda$4
instanceKlass jdk/internal/module/DefaultRoots$$Lambda$3
instanceKlass jdk/internal/org/objectweb/asm/FieldVisitor
instanceKlass jdk/internal/module/DefaultRoots$$Lambda$2
instanceKlass java/lang/ref/Cleaner$Cleanable
instanceKlass jdk/internal/ref/CleanerImpl
instanceKlass java/lang/ref/Cleaner$1
instanceKlass java/lang/ref/Cleaner
instanceKlass jdk/internal/ref/CleanerFactory$1
instanceKlass java/util/concurrent/ThreadFactory
instanceKlass jdk/internal/ref/CleanerFactory
instanceKlass java/lang/invoke/LambdaForm$MH
instanceKlass java/util/ArrayList$Itr
instanceKlass java/lang/invoke/InvokerBytecodeGenerator$CpPatch
instanceKlass java/lang/invoke/LambdaFormBuffer
instanceKlass java/lang/invoke/LambdaFormEditor
instanceKlass java/lang/invoke/DelegatingMethodHandle$Holder
instanceKlass sun/invoke/util/Wrapper$1
instanceKlass java/lang/invoke/DirectMethodHandle$1
instanceKlass sun/invoke/empty/Empty
instanceKlass sun/invoke/util/VerifyType
instanceKlass java/util/ImmutableCollections$ListItr
instanceKlass java/util/ListIterator
instanceKlass java/lang/invoke/ClassSpecializer$Factory
instanceKlass java/lang/invoke/ClassSpecializer$SpeciesData
instanceKlass java/lang/invoke/ClassSpecializer$1
instanceKlass java/util/function/Function
instanceKlass java/lang/invoke/ClassSpecializer
instanceKlass java/lang/invoke/InnerClassLambdaMetafactory$1
instanceKlass jdk/internal/module/DefaultRoots$$Lambda$1
instanceKlass jdk/internal/org/objectweb/asm/AnnotationVisitor
instanceKlass jdk/internal/org/objectweb/asm/Frame
instanceKlass jdk/internal/org/objectweb/asm/Label
instanceKlass jdk/internal/org/objectweb/asm/MethodVisitor
instanceKlass jdk/internal/org/objectweb/asm/Item
instanceKlass jdk/internal/org/objectweb/asm/ByteVector
instanceKlass jdk/internal/org/objectweb/asm/ClassVisitor
instanceKlass sun/invoke/util/BytecodeDescriptor
instanceKlass java/lang/invoke/InfoFromMemberName
instanceKlass java/lang/invoke/MethodHandleInfo
instanceKlass sun/security/action/GetBooleanAction
instanceKlass jdk/internal/org/objectweb/asm/Type
instanceKlass java/lang/invoke/AbstractValidatingLambdaMetafactory
instanceKlass java/lang/invoke/MethodHandleImpl$1
instanceKlass jdk/internal/misc/JavaLangInvokeAccess
instanceKlass java/lang/invoke/Invokers$Holder
instanceKlass java/lang/invoke/BootstrapMethodInvoker
instanceKlass java/util/function/Predicate
instanceKlass java/lang/WeakPairMap$Pair$Lookup
instanceKlass java/lang/WeakPairMap$Pair
instanceKlass java/lang/WeakPairMap
instanceKlass java/lang/Module$ReflectionData
instanceKlass java/lang/invoke/InvokerBytecodeGenerator$2
instanceKlass java/lang/invoke/InvokerBytecodeGenerator
instanceKlass java/lang/invoke/LambdaForm$Holder
instanceKlass java/lang/invoke/LambdaForm$Name
instanceKlass java/lang/invoke/Invokers
instanceKlass java/lang/invoke/MethodHandleImpl
instanceKlass sun/invoke/util/ValueConversions
instanceKlass java/lang/invoke/DirectMethodHandle$Holder
instanceKlass java/lang/invoke/LambdaForm$NamedFunction
instanceKlass sun/invoke/util/Wrapper$Format
instanceKlass sun/invoke/util/VerifyAccess
instanceKlass java/security/Permission
instanceKlass java/security/Guard
instanceKlass java/lang/invoke/MemberName$Factory
instanceKlass java/lang/invoke/MethodHandles
instanceKlass java/lang/invoke/MethodTypeForm
instanceKlass java/lang/Void
instanceKlass java/lang/invoke/MethodType$ConcurrentWeakInternSet
instanceKlass java/lang/invoke/MethodHandles$Lookup
instanceKlass java/lang/invoke/LambdaMetafactory
instanceKlass sun/reflect/annotation/AnnotationParser
instanceKlass java/lang/Class$3
instanceKlass java/lang/PublicMethods$Key
instanceKlass java/lang/PublicMethods$MethodList
instanceKlass java/util/EnumMap$1
instanceKlass java/util/stream/StreamOpFlag$MaskBuilder
instanceKlass java/util/stream/PipelineHelper
instanceKlass java/util/stream/Stream
instanceKlass java/util/stream/BaseStream
instanceKlass java/util/stream/StreamSupport
instanceKlass java/util/Spliterators$IteratorSpliterator
instanceKlass java/util/Spliterator$OfDouble
instanceKlass java/util/Spliterator$OfLong
instanceKlass java/util/Spliterator$OfInt
instanceKlass java/util/Spliterator$OfPrimitive
instanceKlass java/util/Spliterators$EmptySpliterator
instanceKlass java/util/Spliterator
instanceKlass java/util/Spliterators
instanceKlass jdk/internal/module/DefaultRoots
instanceKlass java/util/HashMap$HashIterator
instanceKlass java/util/ImmutableCollections$SetN$SetNIterator
instanceKlass jdk/internal/loader/BuiltinClassLoader$LoadedModule
instanceKlass jdk/internal/util/Preconditions
instanceKlass java/util/Deque
instanceKlass java/util/Queue
instanceKlass sun/net/util/IPAddressUtil
instanceKlass java/net/URLStreamHandler
instanceKlass sun/net/www/ParseUtil
instanceKlass java/io/ExpiringCache$Entry
instanceKlass java/net/URL$3
instanceKlass jdk/internal/misc/JavaNetURLAccess
instanceKlass java/net/URL$DefaultFactory
instanceKlass java/net/URLStreamHandlerFactory
instanceKlass jdk/internal/loader/URLClassPath
instanceKlass java/security/Principal
instanceKlass java/security/ProtectionDomain$Key
instanceKlass java/security/ProtectionDomain$JavaSecurityAccessImpl
instanceKlass jdk/internal/misc/JavaSecurityAccess
instanceKlass java/lang/ClassLoader$ParallelLoaders
instanceKlass jdk/internal/loader/AbstractClassLoaderValue
instanceKlass jdk/internal/module/ServicesCatalog
instanceKlass jdk/internal/loader/BootLoader
instanceKlass java/util/Optional
instanceKlass jdk/internal/module/ModuleBootstrap$Counters
instanceKlass jdk/internal/module/SystemModuleFinders$SystemModuleFinder
instanceKlass java/lang/module/ModuleFinder
instanceKlass jdk/internal/module/SystemModuleFinders$3
instanceKlass jdk/internal/module/ModuleHashes$HashSupplier
instanceKlass java/util/KeyValueHolder
instanceKlass jdk/internal/module/SystemModuleFinders$2
instanceKlass java/util/function/Supplier
instanceKlass java/lang/module/ModuleReference
instanceKlass jdk/internal/module/ModuleResolution
instanceKlass java/util/Collections$UnmodifiableMap
instanceKlass jdk/internal/module/ModuleHashes$Builder
instanceKlass jdk/internal/module/ModuleHashes
instanceKlass jdk/internal/module/ModuleTarget
instanceKlass java/lang/Enum
instanceKlass java/lang/module/ModuleDescriptor$Version
instanceKlass java/lang/module/ModuleDescriptor$Provides
instanceKlass java/lang/module/ModuleDescriptor$Opens
instanceKlass java/lang/module/ModuleDescriptor$Exports
instanceKlass java/lang/module/ModuleDescriptor$Requires
instanceKlass jdk/internal/module/Builder
instanceKlass jdk/internal/module/SystemModules$all
instanceKlass jdk/internal/module/SystemModules
instanceKlass jdk/internal/module/SystemModulesMap
instanceKlass java/net/URI$1
instanceKlass jdk/internal/misc/JavaNetUriAccess
instanceKlass java/net/URI
instanceKlass jdk/internal/module/SystemModuleFinders
instanceKlass jdk/internal/module/ArchivedModuleGraph
instanceKlass jdk/internal/module/ModulePatcher
instanceKlass java/util/ImmutableCollections
instanceKlass java/lang/module/ModuleDescriptor$1
instanceKlass jdk/internal/misc/JavaLangModuleAccess
instanceKlass java/lang/module/ModuleDescriptor
instanceKlass jdk/internal/module/ModuleBootstrap
instanceKlass java/lang/CharacterData
instanceKlass java/lang/invoke/MethodHandleStatics
instanceKlass java/io/ExpiringCache
instanceKlass java/io/FileSystem
instanceKlass java/io/DefaultFileSystem
instanceKlass java/io/File
instanceKlass java/lang/System$2
instanceKlass jdk/internal/misc/JavaLangAccess
instanceKlass sun/io/Win32ErrorMode
instanceKlass jdk/internal/misc/OSEnvironment
instanceKlass java/lang/Integer$IntegerCache
instanceKlass jdk/internal/misc/Signal$NativeHandler
instanceKlass java/util/Hashtable$Entry
instanceKlass jdk/internal/misc/Signal
instanceKlass java/lang/Terminator$1
instanceKlass jdk/internal/misc/Signal$Handler
instanceKlass java/lang/Terminator
instanceKlass java/nio/ByteOrder
instanceKlass java/nio/Buffer$1
instanceKlass jdk/internal/misc/JavaNioAccess
instanceKlass java/nio/charset/CharsetEncoder
instanceKlass sun/nio/cs/ArrayEncoder
instanceKlass sun/security/action/GetPropertyAction
instanceKlass java/io/Writer
instanceKlass java/io/OutputStream
instanceKlass java/io/Flushable
instanceKlass java/io/FileDescriptor$1
instanceKlass jdk/internal/misc/JavaIOFileDescriptorAccess
instanceKlass java/io/FileDescriptor
instanceKlass java/lang/VersionProps
instanceKlass jdk/internal/util/StaticProperty
instanceKlass java/util/concurrent/ConcurrentHashMap$MapEntry
instanceKlass java/util/concurrent/ConcurrentHashMap$Traverser
instanceKlass java/lang/reflect/Array
instanceKlass java/util/Collections$SynchronizedCollection
instanceKlass java/util/List
instanceKlass java/util/RandomAccess
instanceKlass java/util/Collections
instanceKlass java/util/concurrent/ConcurrentHashMap$CollectionView
instanceKlass java/util/Properties$EntrySet
instanceKlass java/lang/StringCoding$Result
instanceKlass java/nio/charset/CodingErrorAction
instanceKlass java/nio/charset/CharsetDecoder
instanceKlass sun/nio/cs/ArrayDecoder
instanceKlass java/lang/StringCoding$StringDecoder
instanceKlass java/lang/ThreadLocal$ThreadLocalMap
instanceKlass java/lang/StringCoding
instanceKlass java/util/HashMap$Node
instanceKlass jdk/internal/reflect/Reflection
instanceKlass java/lang/Class$1
instanceKlass java/lang/reflect/ReflectAccess
instanceKlass jdk/internal/reflect/LangReflectAccess
instanceKlass java/lang/reflect/Modifier
instanceKlass java/lang/Class$Atomic
instanceKlass java/lang/Class$ReflectionData
instanceKlass sun/nio/cs/SingleByte
instanceKlass java/lang/StringUTF16
instanceKlass java/nio/charset/StandardCharsets
instanceKlass sun/nio/cs/HistoricallyNamedCharset
instanceKlass java/lang/Math
instanceKlass java/util/Arrays
instanceKlass java/lang/ThreadLocal
instanceKlass java/nio/charset/spi/CharsetProvider
instanceKlass java/nio/charset/Charset
instanceKlass java/lang/StringLatin1
instanceKlass jdk/internal/misc/VM
instanceKlass jdk/internal/misc/SharedSecrets
instanceKlass java/lang/ref/Reference$1
instanceKlass jdk/internal/misc/JavaLangRefAccess
instanceKlass java/lang/ref/ReferenceQueue$Lock
instanceKlass java/lang/ref/ReferenceQueue
instanceKlass jdk/internal/reflect/ReflectionFactory
instanceKlass java/util/concurrent/locks/LockSupport
instanceKlass java/util/concurrent/ConcurrentHashMap$Node
instanceKlass java/util/Map$Entry
instanceKlass java/util/concurrent/ConcurrentHashMap$CounterCell
instanceKlass java/util/concurrent/locks/ReentrantLock
instanceKlass java/util/concurrent/locks/Lock
instanceKlass java/lang/Runtime
instanceKlass java/util/concurrent/ConcurrentMap
instanceKlass java/util/AbstractMap
instanceKlass java/security/cert/Certificate
instanceKlass jdk/internal/reflect/ReflectionFactory$GetReflectionFactoryAction
instanceKlass java/security/PrivilegedAction
instanceKlass java/util/Objects
instanceKlass java/util/AbstractCollection
instanceKlass java/util/Set
instanceKlass java/util/Collection
instanceKlass java/lang/Iterable
instanceKlass java/security/AccessController
instanceKlass java/lang/String$CaseInsensitiveComparator
instanceKlass java/util/Comparator
instanceKlass java/io/ObjectStreamField
instanceKlass java/util/Iterator
instanceKlass java/lang/Number
instanceKlass java/lang/Character
instanceKlass java/lang/Boolean
instanceKlass java/util/concurrent/locks/AbstractOwnableSynchronizer
instanceKlass java/lang/LiveStackFrame
instanceKlass java/lang/StackFrameInfo
instanceKlass java/lang/StackWalker$StackFrame
instanceKlass java/lang/StackStreamFactory$AbstractStackWalker
instanceKlass java/lang/StackWalker
instanceKlass java/nio/Buffer
instanceKlass java/lang/StackTraceElement
instanceKlass java/security/CodeSource
instanceKlass jdk/internal/loader/ClassLoaders
instanceKlass java/util/jar/Manifest
instanceKlass java/net/URL
instanceKlass java/io/InputStream
instanceKlass java/io/Closeable
instanceKlass java/lang/AutoCloseable
instanceKlass jdk/internal/module/Modules
instanceKlass jdk/internal/misc/Unsafe
instanceKlass java/lang/AbstractStringBuilder
instanceKlass java/lang/Appendable
instanceKlass java/lang/AssertionStatusDirectives
instanceKlass java/lang/invoke/MethodHandleNatives$CallSiteContext
instanceKlass java/lang/invoke/CallSite
instanceKlass java/lang/invoke/MethodType
instanceKlass java/lang/invoke/LambdaForm
instanceKlass java/lang/invoke/MethodHandleNatives
instanceKlass java/lang/invoke/ResolvedMethodName
instanceKlass java/lang/invoke/MemberName
instanceKlass java/lang/invoke/VarHandle
instanceKlass java/lang/invoke/MethodHandle
instanceKlass jdk/internal/reflect/CallerSensitive
instanceKlass java/lang/annotation/Annotation
instanceKlass jdk/internal/reflect/FieldAccessor
instanceKlass jdk/internal/reflect/ConstantPool
instanceKlass jdk/internal/reflect/ConstructorAccessor
instanceKlass jdk/internal/reflect/MethodAccessor
instanceKlass jdk/internal/reflect/MagicAccessorImpl
instanceKlass java/lang/reflect/Parameter
instanceKlass java/lang/reflect/Member
instanceKlass java/lang/reflect/AccessibleObject
instanceKlass java/lang/Module
instanceKlass java/util/Dictionary
instanceKlass java/util/Map
instanceKlass java/lang/ThreadGroup
instanceKlass java/lang/Thread$UncaughtExceptionHandler
instanceKlass java/lang/Thread
instanceKlass java/lang/Runnable
instanceKlass java/lang/ref/Reference
instanceKlass java/security/AccessControlContext
instanceKlass java/security/ProtectionDomain
instanceKlass java/lang/SecurityManager
instanceKlass java/lang/Throwable
instanceKlass java/lang/System
instanceKlass java/lang/ClassLoader
instanceKlass java/lang/Cloneable
instanceKlass java/lang/Class
instanceKlass java/lang/reflect/Type
instanceKlass java/lang/reflect/GenericDeclaration
instanceKlass java/lang/reflect/AnnotatedElement
instanceKlass java/lang/String
instanceKlass java/lang/CharSequence
instanceKlass java/lang/Comparable
instanceKlass java/io/Serializable
ciInstanceKlass java/lang/Object 1 1 92 7 10 10 10 10 8 10 10 10 10 100 8 10 3 8 10 7 1 1 1 1 1 1 1 1 1 1 1 1 1 1 1 1 1 1 1 1 1 1 1 7 1 1 1 1 1 7 1 1 1 1 1 1 1 7 1 1 1 1 1 1 1 1 12 12 7 12 12 1 12 7 12 12 12 1 1 12 1 12 1 1 1 1 1 1 1 1 1 1 1 1
ciInstanceKlass java/io/Serializable 1 0 7 100 100 1 1 1 1
ciInstanceKlass java/lang/String 1 1 878 10 8 9 9 9 10 10 10 9 10 7 10 10 10 10 10 100 8 10 10 9 9 8 10 10 10 10 10 10 10 10 10 10 10 10 10 10 10 100 10 10 100 10 10 10 10 10 10 10 10 10 10 10 10 10 10 10 10 10 10 10 10 100 100 10 10 11 11 10 10 10 10 10 10 9 11 10 10 10 10 10 10 10 10 10 10 10 10 10 10 10 10 10 10 10 10 10 10 10 10 10 10 10 10 10 10 10 10 10 10 10 10 10 10 10 11 10 10 10 10 10 10 100 10 7 10 10 10 10 10 8 10 10 100 3 3 7 10 10 10 10 10 11 100 10 10 100 10 10 10 11 11 11 7 10 10 10 10 10 10 10 10 10 10 10 10 10 10 10 10 10 10 10 10 100 100 10 100 10 10 100 10 10 10 100 10 10 10 10 8 10 10 10 8 8 10 10 10 10 10 10 10 100 10 8 10 10 10 100 3 8 8 8 10 10 10 10 10 10 8 8 10 8 8 8 8 8 10 10 10 8 7 10 10 10 7 9 7 10 100 100 1 1 1 1 1 1 1 1 1 1 1 1 1 5 0 1 1 1 1 1 1 1 1 1 3 1 3 1 1 1 1 1 1 1 1 1 1 1 1 1 1 1 1 1 1 1 1 1 1 100 1 1 1 1 100 1 1 1 1 1 1 1 1 1 1 7 1 1 1 100 1 1 1 100 1 1 1 1 1 1 1 1 1 1 1 1 1 1 1 1 1 1 1 1 1 1 1 1 1 1 1 1 1 1 1 1 1 1 1 1 1 1 1 1 1 1 1 1 1 1 1 1 1 1 1 1 1 1 100 1 1 1 1 1 1 1 1 1 1 1 1 1 1 1 1 1 1 1 1 1 1 1 1 1 1 1 1 1 1 1 1 1 1 1 1 1 1 1 1 1 1 1 1 1 1 1 1 1 1 1 1 1 1 1 1 1 1 1 1 1 1 1 1 1 1 1 1 1 1 1 1 1 1 1 1 1 1 1 1 1 1 1 1 1 1 1 1 1 1 1 1 1 1 1 1 100 1 1 1 100 1 1 1 1 1 1 1 1 1 1 1 1 1 1 1 100 1 1 1 1 100 1 1 100 1 1 1 1 1 1 1 1 1 1 1 1 1 1 1 1 1 1 1 1 1 1 1 1 1 1 1 1 1 1 1 1 1 100 1 1 1 1 1 1 1 1 1 1 1 1 1 1 1 1 1 1 1 1 1 12 1 12 12 12 12 12 12 12 7 12 1 7 7 12 12 12 12 1 12 7 12 12 12 12 12 12 12 12 12 12 12 12 12 12 1 12 12 1 12 12 12 12 100 12 12 12 12 12 12 12 12 12 12 1 1 12 12 12 12 12 12 12 12 12 7 12 12 12 12 12 12 12 12 12 12 12 12 12 12 12 12 12 12 12 12 12 12 12 12 12 7 12 12 12 12 7 12 12 12 12 7 12 12 7 12 1 1 12 12 12 1 12 1 1 12 12 12 12 100 12 12 12 1 12 12 100 12 12 12 1 12 7 12 12 12 12 12 12 12 12 12 12 12 1 1 1 12 1 100 12 1 1 12 1 12 12 1 12 12 1 1 12 12 12 100 12 100 12 100 12 1 1 12 12 1 1 1 1 12 12 12 12 1 1 1 1 1 1 1 12 12 12 1 1 12 12 12 1 12 1 1 1 1 1 1 1 1 1 1 1 1 1 1 1 1 1 1 1 1 1 1 1 1 1 1 1 1 1 1 1 1 1 1 1 1 1 1 1 1 1 1 1 1 1 1 1 1 1 1 1 1 1 1 1 1 1 1 1 1 1 1 1 1 1 1 1 1 1 1 1 1 1 1 1 1 1 1 1 1 1 1 1 1 1 1 1 1 1 1 1 1 1 1 1 1 1 1 1 1 1 1 1 1 1 1 1 1 1 1 1 1 1 1 1 1 1 1 1 1 1 1 1 1 1 1 1
staticfield java/lang/String COMPACT_STRINGS Z 1
staticfield java/lang/String serialPersistentFields [Ljava/io/ObjectStreamField; 0 [Ljava/io/ObjectStreamField;
staticfield java/lang/String CASE_INSENSITIVE_ORDER Ljava/util/Comparator; java/lang/String$CaseInsensitiveComparator
ciInstanceKlass java/lang/Class 1 1 1435 10 9 9 7 10 10 8 10 8 8 10 10 10 10 10 10 10 10 10 10 10 8 10 8 8 10 7 8 8 8 10 11 10 10 8 10 10 10 10 9 10 10 10 18 10 7 10 10 10 100 10 9 7 100 8 10 10 10 10 7 10 7 100 10 10 9 10 10 7 10 100 10 10 10 9 10 10 10 9 10 10 100 10 10 10 10 9 8 10 10 10 10 10 10 9 10 7 10 10 10 10 10 10 10 10 10 10 10 10 10 10 10 10 10 10 10 10 100 8 10 10 100 10 100 11 10 10 10 10 10 10 8 10 10 8 9 10 10 10 10 100 9 10 9 10 10 10 8 10 10 10 10 100 10 10 10 10 10 10 10 7 10 10 10 10 10 10 10 10 10 7 10 10 11 10 10 10 10 10 10 100 10 10 10 100 100 10 10 10 10 10 10 10 10 11 10 10 9 10 9 7 10 9 10 7 10 9 10 10 10 10 10 10 10 8 10 10 9 9 10 7 9 10 10 7 10 10 10 10 9 10 9 10 10 9 9 10 10 9 100 10 10 7 10 100 11 9 9 7 10 9 9 10 10 9 7 10 10 10 10 10 10 10 9 10 10 10 10 8 7 10 7 8 8 8 8 10 9 9 10 7 9 7 10 7 10 10 9 8 10 7 10 7 10 9 100 8 10 7 4 10 10 11 10 100 10 10 8 8 10 9 11 100 11 9 10 10 10 9 9 10 10 10 10 10 11 11 11 11 100 11 10 10 100 11 10 10 10 11 11 7 10 10 9 9 10 10 10 10 100 10 10 7 9 100 7 100 100 1 1 1 7 1 1 1 1 1 3 1 3 1 3 1 1 1 1 1 1 1 1 1 1 1 1 1 1 1 1 1 1 1 1 1 1 1 1 1 1 1 1 5 0 1 1 1 1 1 1 1 1 1 1 1 1 1 1 1 100 1 1 1 1 1 1 1 1 1 1 1 1 1 1 1 1 1 1 7 1 1 1 1 1 1 1 1 1 1 1 1 1 1 1 100 1 1 1 1 1 100 1 1 1 1 1 1 1 1 1 100 1 1 1 1 1 1 1 1 1 7 1 1 1 1 1 1 1 1 1 1 1 1 1 1 1 1 1 1 1 1 1 1 1 1 1 1 1 1 1 1 1 1 1 1 1 1 1 100 1 1 1 1 1 1 1 1 100 1 1 1 1 1 1 1 1 1 1 1 1 1 1 1 1 1 100 1 1 1 1 1 1 1 1 1 1 1 1 1 1 1 1 1 1 1 1 1 1 1 1 100 100 1 1 1 1 1 1 1 1 1 1 1 1 1 1 100 1 1 1 1 1 1 1 1 1 1 1 1 1 1 1 1 1 1 1 1 1 1 1 1 1 1 1 1 1 1 1 1 1 1 1 1 1 1 1 1 1 1 1 1 1 1 1 1 1 1 1 1 1 1 1 7 1 1 1 1 1 1 1 1 1 100 100 100 1 1 1 1 1 1 1 1 1 1 1 1 1 1 1 1 1 1 1 1 1 1 1 1 1 1 1 1 1 1 1 1 1 1 1 1 1 1 1 1 1 1 1 1 1 1 1 1 1 1 1 1 1 1 1 1 1 1 1 1 1 1 1 1 1 1 1 1 1 1 1 1 1 1 1 1 1 1 1 1 1 1 7 1 1 1 1 1 1 1 1 1 1 1 1 1 1 1 1 1 1 1 1 1 1 1 1 1 1 1 1 1 1 1 1 100 1 1 1 1 1 1 1 1 1 1 1 1 1 100 1 1 1 1 1 1 7 1 1 1 1 1 1 1 1 1 1 1 1 1 1 1 1 1 1 1 1 1 1 1 1 1 1 1 1 1 1 1 1 1 1 1 1 1 1 1 1 7 1 1 1 1 1 1 1 1 1 1 1 1 1 1 1 1 1 1 1 1 1 1 1 1 1 12 12 12 1 12 1 12 1 1 12 12 12 12 12 12 7 12 12 12 12 1 12 1 1 12 1 1 1 1 12 12 12 1 7 12 12 12 7 12 7 12 12 7 12 12 1 15 16 15 16 12 7 12 1 12 12 7 1 12 12 1 1 1 12 12 12 12 1 12 1 1 12 12 12 12 1 100 12 12 12 12 12 12 12 12 12 1 12 12 12 12 1 12 12 12 12 12 12 12 7 12 12 12 12 12 12 12 12 12 12 12 12 12 12 12 12 12 12 1 1 12 1 12 1 12 100 12 12 12 12 12 1 12 12 1 12 12 12 12 12 1 12 12 12 12 12 1 12 12 12 12 1 12 12 12 12 12 12 12 1 12 12 12 12 12 12 12 1 7 12 12 12 12 7 12 12 12 1 12 12 1 1 12 12 12 12 12 12 100 12 7 12 12 12 12 12 12 1 12 12 1 12 12 100 12 12 12 100 12 12 12 12 1 12 12 12 12 12 1 12 12 12 1 12 12 100 12 100 12 12 12 12 12 12 12 12 12 12 12 1 12 1 12 100 12 12 1 12 12 12 12 12 12 1 12 12 12 12 12 12 12 12 12 1 7 1 1 1 1 12 12 12 12 1 12 1 1 1 12 7 12 12 1 12 1 12 12 1 1 1 12 12 12 1 12 1 1 12 12 12 1 12 12 100 12 7 12 12 12 12 12 12 12 12 12 12 12 12 1 12 100 12 12 1 12 100 12 12 12 12 1 12 12 12 100 12 12 100 12 12 12 1 12 12 1 12 1 1 1 1 1 100 1 1 1 1 1 1 1 1 1 1 1 1 1 1 1 1 1 1 1 1 1 1 1 1 1 1 1 1 1 1 1 1 1 1 1 1 1 1 1 1 10 1 1 1 1 1 1 1 1 1 1 1 1 1 1 1 1 1 1 1 1 1 1 1 1 1 1 1 1 1 1 1 1 1 1 1 1 1 1 1 1 1 1 1 1 1 1 1 1 1 1 1 1 1 1 1 1 1 1 1 1 1 1 1 1 1 1 1 1 1 1 1 1 1 1 1 1 1 1 1 1 1 1 1 1 1 1 1 1 1 1 1 1 1 1 1 1 1 1 1 1 1 1 1 1 1 1 1 1 1 1 1 1 1 1 1 1 1 1 1 1 1 1 1 1 1 1 1 1 1 1 1 1 1 1 1 1 1 1 1 1 1 1 1 1 1 1 1 1 1 1 1 1 1 1 1 1 1 1 1 1 1 1 1 1 1 1 1 1 1 1 1 1 1 1 1 100 12 1 1 100 1 1 100 1 1
staticfield java/lang/Class EMPTY_CLASS_ARRAY [Ljava/lang/Class; 0 [Ljava/lang/Class;
staticfield java/lang/Class serialPersistentFields [Ljava/io/ObjectStreamField; 0 [Ljava/io/ObjectStreamField;
ciInstanceKlass java/lang/Cloneable 1 0 7 100 100 1 1 1 1
instanceKlass org/aspectj/weaver/loadtime/ClassLoaderWeavingAdaptor$SingleClassLoader
instanceKlass jdk/internal/reflect/DelegatingClassLoader
instanceKlass java/security/SecureClassLoader
ciInstanceKlass java/lang/ClassLoader 1 1 1194 9 10 9 10 7 10 10 9 10 100 10 10 10 100 8 10 10 10 10 7 10 7 7 7 10 10 9 7 10 9 9 9 9 9 7 10 9 10 10 9 9 7 9 7 10 10 9 10 7 10 8 10 10 10 7 10 10 8 10 10 10 10 10 10 10 10 100 10 10 10 10 10 10 10 10 10 10 10 10 10 10 10 100 10 100 10 10 10 10 10 100 8 10 8 10 10 100 8 10 10 10 10 10 10 10 10 10 10 10 10 10 10 10 10 10 10 10 10 10 10 10 10 8 11 9 11 10 8 8 10 100 10 10 10 10 10 10 10 10 10 7 10 10 10 7 10 100 18 10 10 10 7 10 10 10 100 10 10 10 10 8 100 10 10 9 10 10 100 8 10 10 8 8 10 10 7 10 10 100 100 10 100 100 10 10 8 10 9 8 9 10 10 10 10 9 10 10 10 10 10 8 10 7 18 10 10 10 10 8 10 10 18 11 100 10 10 10 11 10 18 10 11 18 11 10 10 9 7 10 10 8 10 8 10 7 10 10 100 8 10 10 10 8 8 10 10 10 8 8 10 10 10 7 10 10 10 10 10 11 11 11 11 11 7 10 9 9 9 10 10 7 10 100 10 10 10 9 9 9 9 9 9 8 10 10 10 10 10 11 10 100 10 10 10 7 7 10 1 1 7 1 1 1 1 1 1 1 1 1 1 1 1 1 1 1 1 1 1 1 1 1 1 1 1 1 1 1 1 1 1 1 1 1 1 1 1 1 1 1 1 1 1 1 1 1 1 1 1 1 1 1 1 1 1 1 1 1 1 1 1 1 1 1 1 1 1 1 1 1 1 100 1 1 1 1 100 1 1 1 1 1 1 1 1 1 1 1 1 1 1 1 1 1 100 1 1 1 1 1 1 1 1 1 1 1 1 1 1 1 1 100 1 1 1 1 1 1 1 1 1 1 1 1 100 1 1 1 1 1 1 1 1 1 1 1 1 1 1 1 1 1 1 1 1 1 1 1 1 1 1 1 1 1 1 1 1 1 1 1 1 1 7 1 1 1 1 1 1 1 1 1 1 1 1 1 1 1 1 1 1 1 1 1 1 1 7 1 1 1 1 1 100 1 1 1 1 1 1 1 1 1 1 1 1 1 1 1 1 1 1 1 1 1 100 1 1 1 1 1 1 1 1 1 1 1 1 1 1 1 1 1 1 1 1 1 1 1 1 1 1 1 1 1 1 1 1 1 1 1 1 1 1 1 1 1 1 1 1 1 1 1 1 1 1 1 1 1 1 1 1 1 1 1 1 1 1 1 100 1 1 1 1 1 1 1 1 1 1 1 1 1 1 1 1 1 1 1 1 1 100 100 1 1 1 1 1 1 1 1 1 1 1 1 1 1 1 1 1 1 1 1 1 1 1 7 1 1 1 1 1 1 1 1 1 1 1 1 1 1 1 1 7 1 1 1 1 1 1 1 1 1 1 1 1 1 1 1 1 1 1 1 1 1 1 1 1 1 1 1 1 1 100 12 12 12 12 1 12 12 12 12 1 12 12 12 1 1 12 7 12 12 1 1 1 12 12 12 1 12 12 12 12 12 1 12 12 12 12 12 12 1 12 1 12 12 12 1 1 12 12 1 12 7 12 1 12 12 12 12 12 12 12 12 1 12 100 12 12 12 12 12 12 12 12 12 100 12 12 12 12 1 12 1 12 7 12 12 12 1 1 1 12 12 1 1 12 12 12 12 12 12 12 12 12 12 12 12 7 12 12 12 12 12 12 12 12 12 12 1 12 12 12 1 1 12 1 12 12 12 12 12 7 12 12 7 1 12 12 1 12 1 1 15 16 15 16 12 100 12 100 12 7 12 1 12 12 12 1 12 12 7 12 12 1 1 12 12 7 12 12 1 1 12 1 1 12 12 1 12 100 12 1 1 12 1 1 12 12 1 12 12 1 12 12 12 12 12 100 12 12 12 12 12 12 1 12 1 16 15 16 12 12 12 12 12 1 12 12 16 15 16 12 12 1 12 12 12 15 12 7 12 16 15 16 12 12 12 12 12 1 12 12 1 12 1 12 1 12 1 1 12 12 1 1 12 12 100 12 1 1 100 12 12 1 12 12 12 12 12 12 12 12 1 12 12 12 12 12 12 1 1 12 12 12 12 12 12 12 12 12 12 7 12 12 12 12 12 100 12 1 12 12 12 1 1 1 1 1 1 1 1 1 1 1 1 1 1 1 1 1 1 1 1 1 1 1 1 1 1 1 1 1 1 1 1 1 1 1 1 1 1 1 1 1 1 1 1 1 1 1 1 1 1 1 1 1 1 1 1 1 1 1 1 1 1 1 1 1 1 1 1 1 1 1 1 1 1 1 1 1 1 1 1 1 1 1 1 1 1 1 1 1 1 1 1 1 1 1 1 10 1 10 1 1 1 1 1 1 1 1 1 1 1 1 1 1 1 1 1 1 1 1 1 1 1 1 1 1 1 1 1 1 1 1 1 1 1 1 1 1 1 1 1 1 1 1 10 1 1 1 1 1 1 1 1 10 1 1 1 1 1 10 1 1 1 10 1 1 1 1 1 1 1 1 1 1 1 1 1 1 1 1 1 1 1 1 1 1 1 1 1 1 1 1 1 1 1 1 1 1 1 1 1 1 1 1 1 1 100 12 12 12 12 12 12 1 1 100 1 1 100 1 1
staticfield java/lang/ClassLoader nocerts [Ljava/security/cert/Certificate; 0 [Ljava/security/cert/Certificate;
staticfield java/lang/ClassLoader loadedLibraryNames Ljava/util/Set; java/util/HashSet
staticfield java/lang/ClassLoader $assertionsDisabled Z 1
ciInstanceKlass java/lang/System 1 1 631 10 10 10 10 10 9 7 10 11 10 10 10 100 8 10 10 9 100 8 10 10 8 10 100 10 8 10 10 100 10 10 10 9 9 7 10 10 10 10 10 10 10 100 100 8 10 10 7 10 100 8 10 8 10 100 8 10 100 10 8 10 10 10 8 10 10 10 100 8 10 10 10 100 18 100 9 10 100 10 10 10 10 10 10 10 10 7 7 10 10 100 10 10 100 8 10 9 9 10 10 10 10 8 10 10 8 10 10 8 10 7 9 10 7 9 10 9 7 10 8 10 8 10 10 10 10 10 10 10 10 10 9 100 8 10 8 10 10 8 100 10 10 10 10 100 10 10 10 10 10 8 10 10 10 10 8 10 10 10 7 10 10 10 9 100 1 1 1 1 1 1 1 1 1 1 1 1 1 1 1 1 1 1 1 1 1 1 1 1 1 1 1 1 1 1 1 1 1 1 1 100 100 1 1 1 100 1 1 1 1 1 1 1 1 1 1 1 1 1 1 1 1 1 1 1 1 1 1 1 1 1 1 1 1 1 1 1 1 1 1 1 1 1 1 1 1 1 1 1 1 1 1 1 1 1 1 1 1 1 1 1 1 1 1 1 1 1 1 1 1 1 1 1 1 1 1 1 1 1 1 1 1 1 1 1 1 1 1 1 100 1 1 1 1 1 1 1 1 1 1 1 1 1 1 1 1 1 100 1 1 1 1 1 1 1 100 12 12 12 12 12 12 1 7 12 100 12 100 12 12 12 1 1 12 12 12 1 1 12 100 12 1 12 1 12 12 12 1 12 100 12 12 12 12 1 12 7 12 12 12 12 12 1 1 1 12 12 1 12 1 1 1 12 1 1 1 1 12 12 7 12 1 12 100 12 7 12 1 1 12 100 12 1 1 15 16 15 16 12 1 12 12 1 12 12 7 12 12 12 12 12 12 1 1 12 12 1 12 7 12 1 1 12 12 12 12 12 12 1 12 12 1 12 12 1 7 12 1 7 12 12 1 12 12 1 12 1 12 1 7 12 12 7 12 12 7 12 12 7 12 12 7 12 12 1 1 12 1 12 1 1 12 12 12 1 12 12 12 100 12 1 12 12 1 12 12 12 1 12 12 12 1 1 1 1 1 1 1 1 1 1 1 1 1 1 1 1 1 1 1 1 1 1 1 1 1 1 1 1 1 1 1 1 1 1 1 1 1 1 1 1 1 1 1 1 1 1 1 1 1 1 1 1 10 1 10 1 1 1 1 1 1 1 1 1 1 1 1 1 1 1 1 1 1 1 1 1 1 1 1 1 1 1 1 1 1 1 1 1 1 1 1 1 1 1 1 1 1 1 1 1 1 1 1 1 1 1 1 1 1 1 1 1 1 1 1 1 1 1 1 1 1 1 1 1 1 1 1 1 100 12 12 1 1 100 1 1 100 1 1
staticfield java/lang/System in Ljava/io/InputStream; java/io/BufferedInputStream
staticfield java/lang/System out Ljava/io/PrintStream; org/apache/maven/surefire/report/ConsoleOutputCapture$ForwardingPrintStream
staticfield java/lang/System err Ljava/io/PrintStream; org/apache/maven/surefire/report/ConsoleOutputCapture$ForwardingPrintStream
instanceKlass org/junit/Test$None
instanceKlass java/lang/Exception
instanceKlass java/lang/Error
ciInstanceKlass java/lang/Throwable 1 1 395 10 9 9 9 9 9 10 9 10 10 100 100 10 8 10 8 10 10 10 100 8 10 10 10 10 8 9 10 100 10 10 100 10 10 11 10 10 10 8 10 10 7 8 8 10 10 8 8 9 10 100 10 11 8 8 10 8 10 8 100 10 9 10 10 100 9 10 10 100 8 10 10 10 10 100 10 10 11 11 11 8 8 10 10 10 9 8 7 10 10 100 8 10 11 8 9 10 11 9 11 100 10 7 10 100 1 1 1 100 1 100 1 1 1 1 5 0 1 1 1 1 1 1 1 1 1 1 1 1 1 1 1 1 1 1 1 1 1 1 1 1 1 1 1 1 1 1 1 1 1 1 1 100 1 1 1 1 1 1 1 1 1 1 1 1 1 1 1 1 1 1 1 1 1 1 1 1 1 1 100 1 1 1 1 1 1 1 1 1 1 1 1 1 1 1 1 1 1 1 1 1 1 1 1 1 1 1 1 1 1 1 100 100 100 1 100 100 1 1 1 1 1 1 1 1 1 1 1 1 1 1 1 1 1 12 12 12 12 12 12 12 12 12 12 1 1 1 12 1 100 12 12 1 1 12 7 12 12 1 100 12 12 1 12 12 1 7 12 12 12 12 12 1 12 12 1 1 1 12 12 1 1 12 100 12 1 12 1 1 12 1 12 1 1 12 12 12 100 12 12 12 100 1 1 12 12 100 12 1 100 12 12 12 12 12 1 1 100 12 1 1 12 1 1 12 1 12 100 12 12 12 12 1 12 1 1 1 1 1 1 1 1 1 1 1 1 1 1 1 1 1 1 1 1 1 1 1 1 1 1 1 1 1 1 1 1 1 1 1 1 1 1 1 1 1 1 1 1 1 1 1 1 1 1 1 1 1 1 1 1 1 1 1 1
staticfield java/lang/Throwable UNASSIGNED_STACK [Ljava/lang/StackTraceElement; 0 [Ljava/lang/StackTraceElement;
staticfield java/lang/Throwable SUPPRESSED_SENTINEL Ljava/util/List; java/util/Collections$EmptyList
staticfield java/lang/Throwable EMPTY_THROWABLE_ARRAY [Ljava/lang/Throwable; 0 [Ljava/lang/Throwable;
staticfield java/lang/Throwable $assertionsDisabled Z 1
instanceKlass java/util/ServiceConfigurationError
instanceKlass java/lang/AssertionError
instanceKlass java/lang/VirtualMachineError
instanceKlass java/lang/LinkageError
instanceKlass java/lang/ThreadDeath
ciInstanceKlass java/lang/Error 1 1 40 10 10 10 10 10 100 7 1 1 1 5 0 1 1 1 1 1 1 1 1 1 1 1 1 1 1 1 1 1 1 1 1 12 12 12 12 12 1 1
ciInstanceKlass java/lang/ThreadDeath 0 0 21 10 100 100 1 1 1 5 0 1 1 1 1 1 1 1 1 1 12 1 1
instanceKlass java/text/ParseException
instanceKlass org/apache/maven/surefire/booter/SurefireExecutionException
instanceKlass org/apache/maven/surefire/testset/TestSetFailedException
instanceKlass org/aspectj/weaver/bcel/AtAjAttributes$ThrownFormalNotDeclaredInAdviceSignatureException
instanceKlass org/aspectj/weaver/bcel/AtAjAttributes$ReturningFormalNotDeclaredInAdviceSignatureException
instanceKlass org/aspectj/weaver/bcel/AtAjAttributes$UnreadableDebugInfoException
instanceKlass org/aspectj/apache/bcel/generic/TargetLostException
instanceKlass org/aspectj/weaver/bcel/BcelGenericSignatureToTypeXConverter$GenericSignatureFormatException
instanceKlass java/lang/CloneNotSupportedException
instanceKlass org/xml/sax/SAXException
instanceKlass java/lang/InterruptedException
instanceKlass java/sql/SQLException
instanceKlass java/io/IOException
instanceKlass java/lang/ReflectiveOperationException
instanceKlass java/lang/RuntimeException
ciInstanceKlass java/lang/Exception 1 1 40 10 10 10 10 10 100 7 1 1 1 5 0 1 1 1 1 1 1 1 1 1 1 1 1 1 1 1 1 1 1 1 1 12 12 12 12 12 1 1
instanceKlass io/qameta/allure/AllureResultsWriteException
instanceKlass org/junit/runner/notification/StoppedByUserException
instanceKlass java/lang/reflect/UndeclaredThrowableException
instanceKlass org/apache/maven/surefire/util/SurefireReflectionException
instanceKlass java/util/NoSuchElementException
instanceKlass org/aspectj/weaver/patterns/ParserException
instanceKlass java/lang/NegativeArraySizeException
instanceKlass org/aspectj/apache/bcel/generic/ClassGenException
instanceKlass java/lang/IndexOutOfBoundsException
instanceKlass org/aspectj/apache/bcel/classfile/ClassFormatException
instanceKlass java/lang/SecurityException
instanceKlass org/aspectj/weaver/BCException
instanceKlass java/lang/IllegalStateException
instanceKlass com/sun/org/apache/xerces/internal/xni/XNIException
instanceKlass org/aspectj/bridge/AbortException
instanceKlass java/lang/UnsupportedOperationException
instanceKlass java/lang/IllegalArgumentException
instanceKlass java/lang/ArithmeticException
instanceKlass java/lang/NullPointerException
instanceKlass java/lang/IllegalMonitorStateException
instanceKlass java/lang/ArrayStoreException
instanceKlass java/lang/ClassCastException
ciInstanceKlass java/lang/RuntimeException 1 1 40 10 10 10 10 10 100 7 1 1 1 5 0 1 1 1 1 1 1 1 1 1 1 1 1 1 1 1 1 1 1 1 1 12 12 12 12 12 1 1
ciInstanceKlass java/lang/SecurityManager 0 0 572 10 9 100 10 100 8 10 10 10 10 100 10 100 10 9 10 10 10 100 8 10 9 9 8 9 100 10 8 10 10 10 100 10 10 100 100 8 10 8 8 8 8 8 8 10 8 8 8 8 8 10 10 8 100 8 10 8 8 8 8 8 10 8 100 8 8 10 8 8 10 100 8 10 10 100 10 10 10 10 10 10 11 18 11 18 11 18 18 11 18 11 9 9 9 9 100 10 10 10 18 18 10 18 10 18 18 8 10 9 11 8 100 10 10 10 9 10 10 8 100 10 9 8 8 100 10 10 10 9 11 10 11 10 100 100 10 10 10 1 1 1 1 1 1 1 1 1 1 1 1 1 1 1 1 1 1 1 1 1 1 1 1 1 1 100 1 1 1 1 1 1 1 1 1 1 1 1 1 1 1 100 1 1 1 1 1 1 1 1 1 1 1 1 1 1 1 1 1 1 1 1 1 1 1 1 1 1 1 1 1 1 1 1 1 1 1 1 1 1 1 1 1 1 1 1 1 1 1 1 1 1 1 1 1 1 1 1 1 1 100 1 1 1 1 1 1 1 1 1 1 1 1 1 1 1 1 1 1 1 1 1 1 1 1 1 1 1 1 100 1 1 1 1 100 1 1 1 1 1 1 1 1 1 1 1 12 12 1 100 12 1 1 12 12 100 12 1 1 12 100 12 12 12 1 1 12 12 1 12 1 1 12 12 12 1 12 1 1 1 12 1 1 1 1 1 1 12 1 1 1 1 1 12 12 1 1 1 1 1 1 1 1 100 12 1 1 1 1 1 1 12 1 1 12 1 12 12 12 100 12 12 100 12 100 12 1 15 16 15 16 12 100 12 16 15 16 12 12 15 16 15 16 12 16 15 16 12 12 12 12 12 12 1 100 12 12 12 15 16 12 15 16 100 12 15 12 12 15 16 15 16 1 12 12 100 12 1 1 12 12 12 12 12 12 1 1 12 1 1 1 12 100 12 12 12 12 12 1 1 12 12 1 1 1 1 1 1 1 1 1 1 1 1 1 1 1 1 1 1 1 1 1 1 1 1 1 1 1 1 1 1 1 1 1 1 1 1 1 1 1 1 1 1 1 1 1 1 10 1 10 1 1 1 1 1 1 10 1 1 1 1 1 10 11 1 1 1 10 1 1 1 1 1 1 10 1 10 1 1 1 11 1 1 10 10 1 1 1 1 1 1 1 1 1 1 1 1 1 1 1 1 1 1 1 1 100 12 100 12 12 12 100 12 12 12 12 12 1 1 100 1 1 1 1 1 1 1 1 100 1 1
ciInstanceKlass java/security/ProtectionDomain 1 1 331 10 9 7 10 9 9 9 10 7 9 9 7 9 9 10 100 10 10 10 10 9 9 10 7 10 100 10 9 8 100 8 10 10 10 10 8 11 8 10 8 8 10 10 10 10 8 10 8 8 10 9 10 9 10 100 100 10 10 7 10 100 10 10 11 11 100 11 10 10 11 11 10 10 10 11 10 8 8 10 7 10 10 7 1 1 100 1 1 1 1 1 1 1 1 1 1 1 1 1 1 1 1 1 1 1 1 1 1 1 1 100 1 100 1 1 1 1 1 1 1 1 1 1 1 1 1 1 1 1 1 1 1 100 1 1 1 1 1 1 1 1 1 1 7 1 1 1 100 1 1 1 1 1 1 1 1 1 1 1 1 1 1 1 1 1 1 1 1 1 100 100 100 100 1 1 1 1 1 100 12 12 1 12 12 12 12 12 1 12 12 1 12 12 100 12 100 12 12 12 12 100 12 12 1 1 12 100 12 1 1 1 12 12 12 1 1 12 1 1 12 12 12 12 1 12 1 1 100 12 12 12 12 12 1 1 100 12 1 1 12 12 12 12 1 12 12 12 12 12 12 100 12 12 12 1 1 7 12 1 7 12 1 1 1 1 1 1 1 1 1 1 1 1 1 1 1 1 1 1 1 1 1 1 1 1 1 1 1 1 1 1 1 1 1 1 1 1 1 1 1 1 1 1 1 1 1 1 1 1 1 1 1 1 1 1 1 1 1 1 1 1 1 1 1 1 1 1 1 1 1
staticfield java/security/ProtectionDomain filePermCompatInPD Z 0
ciInstanceKlass java/security/AccessControlContext 1 1 367 9 9 10 8 10 10 9 9 9 10 7 100 10 11 11 11 11 7 11 10 10 9 10 11 10 7 100 8 10 10 7 10 9 9 9 9 9 9 9 10 9 10 10 8 10 10 10 100 10 10 10 10 8 10 8 10 8 8 10 8 10 8 10 10 10 8 8 100 10 10 100 10 8 10 10 10 8 10 10 10 7 10 10 10 10 10 10 10 10 7 1 1 1 1 1 1 1 1 1 1 1 1 1 1 1 1 1 1 1 1 1 1 1 1 1 1 1 1 1 1 1 1 1 1 100 1 1 1 1 1 1 100 1 1 1 1 1 1 100 1 1 1 1 1 1 1 1 100 1 1 1 1 1 1 1 1 1 1 1 1 1 1 100 1 1 1 1 1 1 1 1 1 1 1 1 1 1 1 1 1 1 1 1 1 1 1 1 1 1 1 1 1 1 1 1 1 1 1 1 1 1 1 1 1 1 1 1 1 1 1 1 1 1 12 12 100 12 1 100 12 12 12 12 12 7 12 1 12 12 12 12 12 1 12 12 100 12 100 12 12 12 1 1 1 12 12 1 7 12 12 12 12 12 12 12 12 7 12 12 12 12 1 12 12 100 12 1 12 100 12 1 12 1 100 12 1 1 12 1 12 1 12 12 12 1 1 1 12 12 1 12 1 12 12 1 12 12 12 1 12 12 12 12 12 12 1 1 1 1 1 1 1 1 1 1 1 1 1 1 1 1 1 1 1 1 1 1 1 1 1 1 1 1 1 1 1 1 1 1 1 1 1 1 1 1 1 1 1 1 1 1 1 1 1 1 1 1 1 1 1 1 1 1 1 1 1
instanceKlass java/net/URLClassLoader
instanceKlass jdk/internal/loader/BuiltinClassLoader
ciInstanceKlass java/security/SecureClassLoader 1 1 127 10 7 10 9 10 10 9 10 10 10 10 10 10 7 10 7 10 7 10 11 7 100 8 10 10 7 7 1 1 7 1 1 1 1 1 1 1 1 1 1 1 1 1 1 1 1 1 1 1 100 1 1 1 1 100 1 1 1 1 1 1 1 1 1 1 1 1 1 1 1 1 1 1 1 1 1 1 1 1 1 12 1 12 12 7 12 12 12 12 12 12 12 12 12 1 1 12 1 12 7 12 1 1 1 12 12 1 1 1 1 1 1 1 1 1 1 1 1 1 1 1 1 1 1 1 1
instanceKlass java/lang/reflect/InvocationTargetException
instanceKlass java/lang/IllegalAccessException
instanceKlass java/lang/InstantiationException
instanceKlass java/lang/NoSuchFieldException
instanceKlass java/lang/NoSuchMethodException
instanceKlass java/lang/ClassNotFoundException
ciInstanceKlass java/lang/ReflectiveOperationException 1 1 34 10 10 10 10 100 7 1 1 1 5 0 1 1 1 1 1 1 1 1 1 1 1 1 1 1 1 1 12 12 12 12 1 1
ciInstanceKlass java/lang/ClassNotFoundException 1 1 37 100 10 10 9 100 7 1 1 1 5 0 1 1 1 1 1 1 1 1 1 1 1 1 1 1 1 1 1 1 1 12 12 12 1 1 1
instanceKlass java/lang/VerifyError
instanceKlass java/lang/UnsatisfiedLinkError
instanceKlass java/lang/ClassFormatError
instanceKlass java/lang/ClassCircularityError
instanceKlass java/lang/IncompatibleClassChangeError
instanceKlass java/lang/ExceptionInInitializerError
instanceKlass java/lang/BootstrapMethodError
instanceKlass java/lang/NoClassDefFoundError
ciInstanceKlass java/lang/LinkageError 1 1 31 10 10 10 100 7 1 1 1 5 0 1 1 1 1 1 1 1 1 1 1 1 1 1 1 1 12 12 12 1 1
ciInstanceKlass java/lang/NoClassDefFoundError 0 0 26 10 10 100 100 1 1 1 5 0 1 1 1 1 1 1 1 1 1 1 1 1 12 12 1 1
ciInstanceKlass java/lang/ClassCastException 1 1 26 10 10 100 100 1 1 1 5 0 1 1 1 1 1 1 1 1 1 1 1 1 12 12 1 1
ciInstanceKlass java/lang/ArrayStoreException 1 1 26 10 10 100 100 1 1 1 5 0 1 1 1 1 1 1 1 1 1 1 1 1 12 12 1 1
instanceKlass java/lang/InternalError
instanceKlass java/lang/StackOverflowError
instanceKlass java/lang/OutOfMemoryError
ciInstanceKlass java/lang/VirtualMachineError 1 1 34 10 10 10 10 100 7 1 1 1 5 0 1 1 1 1 1 1 1 1 1 1 1 1 1 1 1 1 12 12 12 12 1 1
ciInstanceKlass java/lang/OutOfMemoryError 1 1 26 10 10 100 100 1 1 1 5 0 1 1 1 1 1 1 1 1 1 1 1 1 12 12 1 1
ciInstanceKlass java/lang/StackOverflowError 1 1 26 10 10 100 100 1 1 1 5 0 1 1 1 1 1 1 1 1 1 1 1 1 12 12 1 1
ciInstanceKlass java/lang/IllegalMonitorStateException 1 1 26 10 10 100 100 1 1 1 5 0 1 1 1 1 1 1 1 1 1 1 1 1 12 12 1 1
instanceKlass java/lang/ref/PhantomReference
instanceKlass java/lang/ref/FinalReference
instanceKlass java/lang/ref/WeakReference
instanceKlass java/lang/ref/SoftReference
ciInstanceKlass java/lang/ref/Reference 1 1 159 10 9 10 9 9 7 10 10 9 9 10 10 10 9 9 100 10 10 10 7 10 10 10 7 8 10 7 10 10 10 7 10 10 7 1 1 1 1 1 1 1 1 1 1 1 1 1 1 1 1 1 1 1 1 1 1 1 1 1 1 1 1 1 1 1 1 1 1 100 1 1 100 1 1 1 1 1 1 1 1 1 1 1 1 1 1 7 1 1 1 1 1 1 1 1 1 7 1 1 1 1 12 12 12 12 12 1 12 12 12 12 12 12 12 12 12 1 12 12 1 12 12 12 1 1 12 1 12 12 12 1 7 12 1 1 1 1 1 1 1 1 1 1 1 1 1 1 1 1 1 1 1 1 1 1 1 1 1
staticfield java/lang/ref/Reference processPendingLock Ljava/lang/Object; java/lang/Object
instanceKlass java/io/ClassCache$CacheRef
instanceKlass sun/util/locale/provider/LocaleResources$ResourceReference
instanceKlass sun/util/resources/Bundles$BundleReference
instanceKlass org/aspectj/apache/bcel/util/ClassLoaderRepository$SoftHashMap$SpecialValue
instanceKlass java/util/ResourceBundle$BundleReference
instanceKlass sun/util/locale/LocaleObjectCache$CacheEntry
instanceKlass jdk/internal/ref/SoftCleanable
instanceKlass java/lang/invoke/LambdaFormEditor$Transform
ciInstanceKlass java/lang/ref/SoftReference 1 1 47 10 9 9 10 10 7 7 1 1 1 1 1 1 1 1 1 1 1 1 1 1 1 1 1 1 1 1 1 1 1 1 1 1 100 1 1 1 1 12 12 12 12 12 1 1 1
instanceKlass java/lang/WeakPairMap$WeakRefPeer
instanceKlass jdk/internal/jimage/ImageBufferCache$BufferReference
instanceKlass java/util/ResourceBundle$KeyElementReference
instanceKlass org/aspectj/weaver/loadtime/Aj$AdaptorKey
instanceKlass java/lang/ClassValue$Entry
instanceKlass java/util/logging/LogManager$LoggerWeakRef
instanceKlass java/util/logging/Level$KnownLevel
instanceKlass jdk/internal/ref/WeakCleanable
instanceKlass java/lang/invoke/MethodType$ConcurrentWeakInternSet$WeakEntry
instanceKlass java/util/WeakHashMap$Entry
instanceKlass java/lang/ThreadLocal$ThreadLocalMap$Entry
ciInstanceKlass java/lang/ref/WeakReference 1 1 31 10 10 100 7 1 1 1 1 1 1 1 1 1 1 1 1 1 1 1 1 1 1 1 1 1 1 12 12 1 1
instanceKlass java/lang/ref/Finalizer
ciInstanceKlass java/lang/ref/FinalReference 1 1 36 10 100 8 10 100 7 1 1 1 1 1 1 1 1 1 1 1 1 1 1 1 1 1 1 1 1 1 1 12 1 1 12 1 1 1
instanceKlass jdk/internal/ref/PhantomCleanable
instanceKlass jdk/internal/ref/Cleaner
ciInstanceKlass java/lang/ref/PhantomReference 1 1 30 10 100 7 1 1 1 1 1 1 1 1 1 1 1 1 1 1 1 1 1 1 1 1 1 1 1 12 1 1
ciInstanceKlass java/lang/ref/Finalizer 1 1 139 9 10 9 9 9 9 7 10 10 100 11 100 10 100 10 10 10 100 10 10 7 10 7 10 10 10 10 7 10 7 10 10 10 7 1 1 1 1 1 1 1 1 1 1 1 1 1 1 1 1 1 1 1 1 1 1 1 1 1 1 1 1 1 1 1 1 1 1 1 1 1 1 1 1 7 1 1 1 1 12 12 12 12 12 12 1 12 12 1 100 12 1 12 1 12 100 12 100 12 1 12 12 1 1 12 12 12 1 12 1 12 12 12 1 1 1 1 1 1 1 1 1 1 1 1 1 1 1 1 1 1 1 1 1 1 1 1 1
staticfield java/lang/ref/Finalizer lock Ljava/lang/Object; java/lang/Object
instanceKlass java/util/logging/LogManager$Cleaner
instanceKlass jdk/internal/misc/InnocuousThread
instanceKlass java/lang/ref/Finalizer$FinalizerThread
instanceKlass java/lang/ref/Reference$ReferenceHandler
ciInstanceKlass java/lang/Thread 1 1 591 9 9 10 9 9 100 8 10 3 8 3 10 10 9 9 9 9 7 100 8 10 9 10 10 10 10 10 10 9 10 10 9 10 10 9 10 9 10 9 9 10 10 9 10 9 100 10 100 10 8 10 10 10 10 10 10 9 100 10 10 10 10 100 11 9 10 10 10 9 10 9 10 100 10 10 10 11 10 10 10 7 10 10 10 10 10 10 10 10 10 10 100 8 10 10 10 8 10 8 10 8 8 10 10 100 8 10 9 9 10 10 10 9 10 100 10 11 9 9 10 100 10 11 100 10 10 11 10 100 10 10 10 8 9 10 11 10 11 10 7 7 1 1 100 1 100 1 100 1 1 1 1 1 1 1 1 1 1 1 1 1 1 1 1 1 1 1 1 100 1 1 1 1 1 1 1 1 1 1 1 1 1 1 3 1 3 1 3 1 1 1 1 1 1 1 1 1 1 1 1 1 1 1 1 1 1 1 1 1 1 1 1 1 1 1 100 1 1 1 1 1 1 1 100 1 1 1 1 1 1 1 1 1 1 1 1 1 7 100 100 100 1 1 1 1 1 1 1 1 1 1 1 1 1 1 1 1 1 1 1 1 1 1 1 1 1 1 1 1 1 1 1 1 1 1 1 1 1 1 1 1 1 1 1 1 1 1 1 1 1 1 1 1 1 1 1 1 1 1 1 1 1 1 1 1 1 1 1 1 1 1 100 100 1 1 1 1 1 1 1 1 1 100 100 1 1 1 1 1 1 1 1 1 1 1 1 1 1 1 1 1 1 1 1 1 1 1 1 1 1 1 1 1 1 1 1 1 1 1 1 1 1 1 1 1 1 100 1 1 1 1 1 1 1 1 1 1 1 1 12 12 12 12 12 1 1 12 1 12 12 12 12 12 12 1 1 1 12 7 12 12 12 12 12 100 12 12 12 12 12 12 12 12 12 7 12 12 12 12 100 12 12 12 12 1 1 1 12 12 12 12 12 12 12 1 12 12 12 1 12 100 12 12 12 12 12 12 12 1 12 12 12 12 12 12 1 12 12 12 12 12 12 12 12 12 1 1 12 12 1 12 1 1 1 100 12 100 12 1 12 12 12 12 12 12 1 12 12 12 12 12 1 12 100 12 1 12 12 12 12 1 12 12 7 12 12 12 12 100 12 12 12 1 1 1 1 1 1 1 1 1 1 1 1 1 1 1 1 1 1 1 1 1 1 1 1 1 1 1 1 1 1 1 1 1 1 1 1 1 1 1 1 1 1 1 1 1 1 1 1 1 1 1 1 1 1 1 1 1 1 1 1 1 1 1 1 1 1 1 1 1 1 1 1 1 1 1 1 1 1
staticfield java/lang/Thread EMPTY_STACK_TRACE [Ljava/lang/StackTraceElement; 0 [Ljava/lang/StackTraceElement;
ciInstanceKlass java/lang/ThreadGroup 1 1 289 10 9 8 9 7 9 9 10 10 10 10 10 9 10 10 9 10 9 9 10 100 10 10 10 9 10 10 9 10 10 10 10 10 10 10 10 10 10 10 100 10 10 10 7 10 100 10 9 10 8 10 10 10 10 11 100 9 100 10 8 10 10 8 10 10 10 10 8 10 8 10 8 7 100 1 1 1 1 1 1 1 1 1 1 1 1 1 1 1 1 1 1 1 1 1 1 1 1 1 1 1 1 1 1 1 1 1 1 1 1 1 1 1 1 1 1 1 1 1 1 1 100 1 1 1 1 1 1 100 1 1 1 1 1 1 1 1 1 1 1 1 1 1 1 1 1 1 1 1 1 1 1 1 1 1 1 1 1 1 1 1 1 1 1 1 1 1 1 1 1 1 1 100 1 1 1 1 1 1 1 1 1 1 1 1 1 12 12 1 12 1 12 12 12 12 12 12 12 12 12 12 12 100 12 12 12 100 12 12 7 12 12 12 12 12 12 12 12 12 12 12 12 12 12 12 1 12 12 1 12 12 12 12 1 12 12 12 12 1 12 1 1 12 12 1 12 12 12 100 1 1 12 1 1 1 1 1 1 1 1 1 1 1 1 1 1 1 1 1 1 1 1 1 1 1 1 1 1 1 1 1 1 1 1 1 1 1 1
ciInstanceKlass java/util/Map 1 1 258 11 11 10 11 11 11 11 7 11 11 100 100 10 11 11 11 11 10 11 11 10 100 10 7 7 10 7 10 100 11 100 11 7 1 1 1 1 1 1 1 1 1 1 1 1 1 1 1 1 1 1 1 1 1 1 1 1 1 1 1 1 1 1 1 1 1 1 1 1 1 1 1 1 1 1 1 1 1 1 1 1 1 1 1 1 1 1 1 1 1 1 1 100 100 1 1 1 1 1 1 100 1 1 1 1 1 1 1 1 1 1 1 1 1 1 1 1 1 1 1 1 1 1 1 1 1 1 1 1 1 1 1 1 1 1 1 1 1 1 1 1 1 1 1 1 1 1 1 1 1 1 1 1 1 1 1 1 1 1 1 1 1 1 1 1 1 1 1 1 1 1 1 1 1 1 1 1 1 1 100 1 1 1 1 1 1 1 1 1 1 1 1 1 1 12 12 100 12 12 100 12 12 12 1 12 12 1 1 12 12 12 12 12 12 12 100 12 7 12 1 1 12 1 1 1 12 1 1 1 12 12 1 1 1 1 1 1 1 1 1 1 1 1 1 1 1 1 1 1 1 1 1 1 1 1 1 1
instanceKlass java/util/Hashtable
ciInstanceKlass java/util/Dictionary 1 1 36 10 100 7 1 1 1 1 1 1 1 1 1 1 1 1 1 1 1 1 1 1 1 1 1 1 1 1 1 1 1 1 1 12 1 1
instanceKlass java/util/Properties
ciInstanceKlass java/util/Hashtable 1 1 512 100 10 9 100 100 10 8 10 10 10 10 10 8 10 9 7 9 7 4 10 9 4 10 11 10 10 9 10 100 10 9 10 9 10 10 3 9 9 3 10 10 10 11 11 11 11 100 11 11 10 10 10 9 9 9 10 100 100 10 10 8 10 10 8 10 8 10 7 10 10 100 10 10 100 10 100 10 10 100 11 11 100 10 10 10 11 100 10 11 11 10 10 10 10 10 10 10 8 10 100 8 10 4 10 4 10 8 10 10 100 11 10 10 10 10 7 100 100 1 1 1 100 1 1 1 1 1 1 1 1 1 1 1 1 1 1 1 1 1 5 0 1 1 1 1 1 1 1 1 1 1 3 1 3 1 3 1 1 1 1 1 1 1 1 1 1 1 1 1 1 1 1 1 1 1 1 1 1 1 1 1 1 1 1 1 1 1 1 1 1 1 1 1 1 1 100 1 1 1 1 1 7 1 1 1 1 1 1 1 1 1 1 1 1 1 1 1 1 1 1 1 1 1 1 1 1 1 100 1 1 1 1 1 1 1 1 1 1 1 1 1 1 1 1 1 100 1 1 1 1 1 1 1 1 1 1 1 1 1 1 1 1 1 1 1 1 1 1 1 1 1 1 1 1 1 1 100 1 1 1 1 1 1 1 100 1 1 1 1 1 1 1 1 1 1 1 1 1 100 1 1 1 1 1 1 1 1 1 1 1 1 1 1 1 100 1 1 1 100 100 1 1 1 1 1 1 100 1 1 100 1 1 1 1 1 1 1 1 1 1 1 1 12 12 1 1 1 12 12 12 12 7 12 1 12 12 1 12 1 7 12 12 12 12 12 12 12 12 1 12 12 12 12 12 12 12 12 12 12 12 100 12 12 12 1 12 12 12 12 12 12 12 12 1 1 12 1 12 1 1 100 12 1 12 12 1 12 12 1 1 12 1 12 12 1 100 12 12 1 12 12 12 12 12 12 12 12 100 12 12 1 1 12 12 1 12 100 12 1 100 12 12 12 12 1 1 1 1 1 1 1 1 1 1 1 1 1 1 1 1 1 1 1 1 1 1 1 1 1 1 1 1 1 1 1 1 1 1 1 1 1 1 1 1 1 1 1 1 1 1 1 1 1 1 1 1 1 1 1 1 1 1 1 1 1 1 1 1 1 1 1
ciInstanceKlass java/util/Properties 1 1 645 10 100 10 7 10 9 9 9 10 10 8 10 7 10 10 8 10 7 10 10 9 10 7 10 10 10 100 8 10 10 10 10 100 3 10 10 10 8 10 10 10 10 10 100 100 10 10 100 9 10 10 10 100 10 10 10 11 11 11 7 11 11 10 8 10 10 100 10 10 10 9 10 10 100 100 100 10 8 8 10 10 10 7 10 10 10 7 10 10 11 10 8 10 11 8 10 11 9 10 10 10 10 10 10 10 10 10 10 10 10 10 10 10 7 10 10 10 10 10 10 10 10 10 10 10 10 10 10 10 10 7 10 100 10 11 4 11 10 10 11 10 10 10 100 8 10 10 10 100 6 0 10 11 10 10 1 1 1 1 1 1 5 0 1 1 1 1 1 1 1 1 1 1 1 1 1 1 1 1 1 1 1 1 1 1 1 1 1 1 1 1 1 1 1 1 1 1 1 1 1 1 1 1 1 1 1 1 1 1 1 1 1 1 1 1 1 1 1 1 1 1 1 100 1 1 1 1 1 1 1 1 1 1 1 1 1 1 1 1 1 1 1 1 1 1 1 1 1 100 1 1 1 1 1 1 1 1 1 100 7 100 1 1 1 100 1 1 1 1 1 1 1 1 1 1 1 1 1 1 1 1 1 1 1 1 1 1 1 1 1 1 1 1 1 1 1 1 7 100 1 1 100 1 1 1 1 1 1 1 1 1 1 1 1 1 1 1 1 1 1 1 1 1 1 1 1 1 1 1 1 1 1 1 1 1 1 1 1 1 1 1 1 1 1 1 1 1 1 1 1 1 1 1 1 1 1 1 1 1 1 1 1 1 1 1 1 1 1 1 1 1 1 1 1 1 1 1 1 1 1 1 1 1 1 1 1 1 1 1 1 1 1 1 100 100 1 1 1 1 100 1 1 1 1 1 12 1 12 1 12 12 12 12 7 12 12 1 7 12 1 12 12 1 12 1 12 12 12 12 1 12 12 12 1 1 12 12 12 12 1 12 12 1 12 12 12 12 12 1 1 12 12 1 100 12 12 12 12 1 12 7 12 12 12 1 12 12 12 1 12 12 1 12 100 12 100 12 12 100 12 1 1 1 1 1 12 12 12 1 12 12 1 12 12 7 12 1 12 1 12 12 12 12 12 12 12 12 12 12 12 12 12 12 1 12 12 12 12 12 12 12 12 12 12 12 12 12 12 12 1 12 1 12 12 12 12 12 100 12 12 1 1 12 100 12 1 12 100 12 12 12 1 1 1 1 1 1 1 1 1 1 1 1 1 1 1 1 1 1 1 1 1 1 1 1 1 1 1 1 1 1 1 1 1 1 1 1 1 1 1 1 1 1 1 1 1 1 1 1 1 1 1 1 1 1 1 1 1 1 100 1 1 1 1 1 1 1 1 1 1 1 1 1 1 1 1 1 1 1 1 1 1 1 1 1 1 1 1 1 1 1 1 1 1
staticfield java/util/Properties UNSAFE Ljdk/internal/misc/Unsafe; jdk/internal/misc/Unsafe
staticfield java/util/Properties hexDigit [C 16
ciInstanceKlass java/lang/Module 1 1 907 10 9 10 9 9 9 10 10 10 10 7 10 10 7 11 7 10 10 9 10 10 8 10 10 10 9 11 9 10 9 10 10 100 100 10 10 8 10 10 10 10 10 10 9 10 10 9 10 10 9 11 7 10 9 9 10 7 7 10 100 8 10 10 10 8 10 10 10 10 8 8 10 10 10 18 10 11 9 11 10 100 8 10 7 10 10 11 11 9 11 10 10 9 10 10 10 10 18 11 10 11 10 11 4 10 7 10 11 7 10 11 7 10 7 8 10 10 7 10 10 7 7 10 9 100 10 11 10 10 10 11 7 10 11 10 11 10 10 10 10 10 10 10 10 18 11 11 18 10 10 10 7 10 10 10 9 7 10 10 10 10 10 10 10 10 10 9 18 10 7 100 8 10 10 10 100 10 100 8 100 10 100 100 3 10 100 10 10 10 100 10 10 100 100 10 8 10 10 10 10 10 10 10 100 10 10 10 100 8 10 10 8 10 8 10 10 10 8 10 7 10 10 10 11 100 7 1 1 1 1 1 1 1 1 1 1 1 1 1 1 1 1 1 1 1 1 1 1 1 1 1 1 1 1 1 1 1 1 1 1 1 1 1 1 1 1 1 1 1 1 1 1 7 1 1 1 1 1 1 1 1 1 1 100 1 1 1 1 1 1 1 1 1 1 1 1 1 1 1 1 1 1 1 1 1 1 1 1 1 1 1 1 1 1 1 1 1 1 1 1 1 1 1 1 1 1 1 1 1 1 1 1 1 1 1 1 1 1 1 1 100 1 1 1 1 1 1 1 1 1 1 1 1 1 1 1 1 1 1 1 1 100 1 1 1 1 1 1 1 1 1 1 1 1 1 1 1 1 1 1 1 1 1 1 1 1 1 1 1 1 1 1 1 7 7 7 7 7 1 1 1 1 1 1 1 1 1 1 1 1 1 1 1 1 1 1 1 1 100 1 1 1 1 1 1 1 1 1 1 1 1 1 1 1 1 1 1 1 1 100 1 1 1 1 1 1 1 1 1 1 1 1 1 100 100 1 100 1 1 1 1 1 100 1 1 1 1 1 1 1 1 1 1 1 1 1 1 1 1 1 7 1 1 1 1 1 1 1 1 1 12 12 12 12 12 12 12 12 12 12 1 7 12 12 1 12 12 7 12 100 12 12 12 1 12 12 12 12 12 12 7 12 12 7 12 12 1 1 12 1 12 12 12 12 12 12 12 12 12 12 12 12 12 12 1 12 12 12 12 1 1 12 1 1 12 12 1 12 12 12 12 1 1 12 12 12 1 15 16 15 16 12 12 12 12 12 7 12 1 1 1 12 12 12 12 12 12 12 12 12 12 7 12 16 15 16 12 12 100 12 12 12 12 12 1 12 1 12 1 7 12 100 1 1 1 12 12 1 12 12 1 1 12 12 1 12 12 12 12 1 12 12 12 12 12 12 12 12 12 12 12 16 15 16 12 12 12 15 16 12 12 12 12 1 12 12 12 12 1 12 12 12 12 12 12 12 16 15 16 12 100 12 1 1 1 12 12 12 1 12 1 1 1 1 1 12 1 12 12 12 1 12 12 1 1 12 1 12 12 7 12 12 12 12 12 1 12 12 1 1 12 100 12 1 12 1 12 12 12 1 1 12 12 12 1 1 1 1 1 1 1 1 1 1 1 1 1 1 1 1 1 1 1 1 1 1 1 1 1 1 1 1 1 1 1 1 1 1 1 1 1 1 1 1 1 1 1 1 1 1 1 1 1 1 1 1 1 1 1 1 1 1 1 1 10 10 1 1 1 1 1 1 1 1 1 1 1 1 1 1 1 1 10 1 1 1 1 1 1 1 1 1 1 1 1 1 1 1 1 1 1 1 1 1 1 1 1 1 1 1 1 1 1 1 1 1 1 10 1 1 1 1 1 1 10 1 1 1 1 1 1 10 1 1 1 1 1 1 1 1 1 1 1 1 1 1 1 1 1 1 1 1 1 1 1 1 1 1 1 1 1 1 1 1 1 1 1 1 1 1 7 12 12 100 12 12 12 1 1 100 1 1 1 100 1 1
staticfield java/lang/Module ALL_UNNAMED_MODULE Ljava/lang/Module; java/lang/Module
staticfield java/lang/Module ALL_UNNAMED_MODULE_SET Ljava/util/Set; java/util/ImmutableCollections$Set12
staticfield java/lang/Module EVERYONE_MODULE Ljava/lang/Module; java/lang/Module
staticfield java/lang/Module EVERYONE_SET Ljava/util/Set; java/util/ImmutableCollections$Set12
staticfield java/lang/Module $assertionsDisabled Z 1
instanceKlass java/lang/reflect/Executable
instanceKlass java/lang/reflect/Field
ciInstanceKlass java/lang/reflect/AccessibleObject 1 1 405 10 9 10 10 10 10 100 10 10 9 100 10 11 7 100 10 7 100 10 10 7 10 10 7 10 7 10 10 10 10 10 10 10 10 10 10 8 100 10 10 8 10 10 8 8 8 8 8 8 100 10 10 9 10 10 10 18 10 10 10 11 100 100 8 10 10 10 8 10 8 10 10 100 8 10 11 10 10 10 10 10 9 100 10 10 9 10 8 10 8 10 9 100 10 7 10 10 7 9 7 7 1 1 1 1 1 1 1 1 1 1 1 1 1 1 1 1 100 1 1 1 1 1 1 1 1 1 1 1 1 1 1 1 1 1 1 1 1 1 1 1 1 1 1 1 1 1 1 1 1 1 1 1 1 1 1 1 7 100 1 1 1 1 1 1 1 1 1 1 1 1 1 1 1 1 1 1 1 1 1 1 1 1 1 1 1 1 1 1 1 1 1 1 1 1 1 1 1 1 1 1 1 1 100 1 1 1 1 1 1 1 1 1 1 1 1 1 1 1 1 1 7 12 100 12 12 12 7 12 100 12 12 12 12 1 12 12 1 1 12 1 1 12 12 1 12 12 1 12 1 7 12 12 12 12 12 12 12 12 1 1 12 1 12 12 1 1 1 1 1 1 1 12 12 12 12 12 7 12 1 15 16 15 16 12 12 12 1 1 1 12 12 1 12 1 12 1 1 12 12 12 12 12 12 12 12 12 12 100 12 1 100 12 1 12 12 1 1 1 1 7 12 1 12 1 1 1 1 1 1 1 1 1 1 1 1 1 1 1 1 1 1 1 1 1 1 1 1 1 1 1 1 1 1 1 1 1 1 1 1 1 1 1 1 1 1 1 1 1 1 1 10 10 1 1 1 1 1 1 1 1 1 1 1 1 1 1 1 1 1 1 1 1 7 12 12 1 1 100 1 1 100 1 1
staticfield java/lang/reflect/AccessibleObject reflectionFactory Ljdk/internal/reflect/ReflectionFactory; jdk/internal/reflect/ReflectionFactory
ciInstanceKlass java/lang/reflect/Field 1 1 433 9 10 10 10 9 10 10 10 10 9 9 9 9 9 9 9 100 8 10 7 10 9 9 10 10 10 10 10 10 100 10 10 10 10 10 10 10 100 10 8 10 10 8 10 10 8 8 10 11 9 10 10 11 11 11 11 11 11 11 11 11 11 11 11 11 11 11 11 11 11 10 10 10 10 10 9 10 10 10 10 11 10 100 10 10 9 10 11 10 10 9 10 10 7 100 1 1 1 1 1 1 1 1 1 1 1 1 1 1 1 1 1 1 1 1 1 1 1 1 1 1 1 1 1 1 1 1 1 1 1 1 1 1 1 1 1 1 1 1 1 1 1 1 1 1 1 1 1 1 1 1 1 1 1 1 1 1 1 1 1 1 1 1 1 1 1 1 1 100 1 1 1 1 100 1 1 1 100 1 1 1 1 1 1 1 1 1 1 1 1 1 1 1 1 1 1 1 1 1 1 1 1 1 1 1 1 1 1 1 1 1 1 1 1 1 1 1 1 1 1 1 1 1 1 1 1 1 1 100 100 1 1 1 1 1 7 1 1 1 1 1 1 1 1 1 1 1 1 1 1 1 1 1 1 1 1 100 100 1 1 1 1 1 1 1 1 12 12 100 12 100 12 12 12 12 100 12 12 12 12 12 12 12 12 12 1 1 12 1 12 12 12 12 7 12 12 12 12 12 1 12 12 12 12 12 12 1 1 12 12 1 12 12 1 1 12 12 12 12 12 12 12 12 12 12 12 12 12 12 12 12 12 12 12 12 12 12 12 12 12 12 12 7 12 12 100 12 12 12 1 100 12 100 12 12 100 12 100 12 12 12 100 12 100 12 12 1 1 1 1 1 1 1 1 1 1 1 1 1 1 1 1 1 1 1 1 1 1 1 1 1 1 1 1 1 1 1 1 1 1 1 1 1 1 1 1 1 1 1 1 1 1 1 1 1 1 1 1 1 1 1 1 100 1 1 1 1 1 1 1 1 1
ciInstanceKlass java/lang/reflect/Parameter 0 0 226 10 9 9 9 9 100 10 10 10 100 10 10 11 10 10 10 10 10 8 8 10 10 10 8 10 8 10 9 10 9 10 10 10 10 10 10 10 10 11 10 100 10 10 10 10 10 9 100 10 11 11 100 100 1 1 1 1 1 1 1 1 1 1 1 1 1 1 1 1 1 1 1 1 1 1 1 1 1 1 1 1 1 1 1 1 1 1 1 1 1 1 1 100 100 1 1 1 1 1 1 1 1 1 1 1 100 1 1 1 1 1 1 1 1 1 1 1 1 1 1 1 1 1 1 1 1 1 1 100 1 1 1 12 12 12 12 12 1 12 12 100 12 1 12 12 12 100 12 12 12 12 1 1 12 12 12 1 1 12 12 12 12 12 12 12 12 12 100 12 12 100 12 12 1 100 12 12 12 12 12 12 1 12 12 1 1 1 1 1 1 1 1 1 1 1 1 1 1 1 1 1 1 1 1 1 1 1 1 1 1 1 1 1 1 1 1 1 1 1 1 1 1 1 1 1
instanceKlass java/lang/reflect/Constructor
instanceKlass java/lang/reflect/Method
ciInstanceKlass java/lang/reflect/Executable 1 1 458 10 10 10 11 10 10 10 10 10 7 8 100 10 10 10 100 8 10 10 10 10 8 8 10 10 100 8 10 8 10 8 11 10 10 11 10 8 8 10 10 100 10 10 10 10 10 10 100 10 10 10 10 10 100 10 100 8 10 10 3 100 8 10 10 10 10 10 8 8 8 9 10 100 8 9 10 10 10 10 10 10 100 10 10 100 10 100 10 10 11 10 10 10 9 10 7 10 10 9 10 10 9 10 9 10 9 7 100 100 1 1 1 1 1 1 1 1 1 1 1 1 1 1 1 1 1 1 1 1 1 1 1 1 1 1 1 1 1 1 1 1 1 1 1 1 1 1 1 1 1 1 1 1 1 1 1 1 1 1 1 1 1 1 1 1 1 1 100 1 1 1 1 1 1 1 1 1 1 1 1 1 1 1 1 1 100 100 100 1 1 1 1 1 1 1 1 1 1 1 1 1 1 1 1 1 1 1 1 1 1 1 1 1 1 1 1 1 1 1 1 1 1 1 1 1 1 1 1 1 1 1 1 1 1 1 1 1 1 1 1 1 1 1 1 1 1 1 1 1 1 1 1 1 1 1 1 1 1 7 100 100 1 1 1 1 1 1 1 1 1 1 1 1 12 7 12 12 7 12 7 12 12 12 12 12 1 1 1 12 12 1 1 12 7 12 12 12 1 1 12 1 1 12 1 12 1 100 12 12 12 1 1 12 12 1 12 12 100 12 12 12 1 12 12 12 12 100 12 12 1 1 12 12 1 1 12 12 12 12 1 1 1 12 12 1 1 12 12 12 12 12 12 12 12 12 1 100 12 1 7 12 12 12 12 100 12 12 12 12 1 12 12 100 12 100 12 12 12 12 12 12 12 1 1 1 1 1 1 1 1 1 1 1 1 1 1 1 1 1 1 1 1 1 1 1 1 1 1 1 1 1 1 1 1 1 1 1 1 1 1 1 1 1 1 1 1 1 1 1 1 1 1 1 1 1 1 1 1 1 1 1 100 1 1 1 1 1 1 1 1 1 1 1 1 1 1 1
ciInstanceKlass java/lang/reflect/Method 1 1 441 9 10 10 9 10 10 10 10 9 9 9 9 9 9 9 9 9 9 9 100 8 10 7 10 9 8 10 10 10 10 10 10 10 100 10 10 10 7 10 10 10 10 10 10 10 10 10 10 10 10 10 10 10 100 8 10 100 8 10 10 10 10 10 10 10 11 9 10 10 10 10 11 10 100 10 10 10 10 9 10 10 10 10 10 11 10 7 100 100 10 10 10 100 10 8 10 10 10 10 10 8 10 7 1 1 1 1 1 1 1 1 1 1 1 1 1 1 1 1 1 1 1 1 1 1 1 1 1 1 1 1 1 1 1 1 1 1 1 1 1 1 1 1 1 1 1 1 1 1 1 1 1 1 1 1 1 1 1 1 1 1 1 1 1 1 1 1 1 1 1 1 1 1 1 1 1 1 1 1 1 1 1 1 1 1 1 1 1 1 1 1 1 1 1 1 1 1 1 1 1 1 1 1 1 1 1 1 1 1 1 100 100 100 7 1 100 100 1 1 1 1 1 1 1 1 1 1 1 1 1 1 1 1 1 1 1 1 1 1 1 1 1 1 1 1 1 1 1 1 1 1 1 1 1 1 12 100 12 100 12 12 12 12 100 12 12 12 12 12 12 12 12 12 12 12 12 12 1 1 12 1 12 12 1 7 12 7 12 12 12 12 12 12 1 12 12 7 12 12 7 12 12 12 12 12 100 12 12 12 12 12 12 12 1 1 1 1 12 12 12 12 12 12 12 100 12 12 12 12 12 12 12 1 12 12 12 12 12 7 12 12 7 12 7 12 7 12 7 12 7 12 1 1 1 12 12 12 1 1 12 12 12 12 1 12 1 1 1 1 1 1 1 1 1 1 1 1 1 1 1 1 1 1 1 1 1 1 1 1 1 1 1 1 1 1 1 1 1 1 1 1 1 1 1 1 1 1 1 1 1 1 1 1 1 1 1 1 1 1 1 1 1 1 1 1 1 1 1 1 1 1 1 1 1 1 1 1 1 1 1
ciInstanceKlass java/lang/reflect/Constructor 1 1 415 10 10 9 10 10 10 9 10 9 9 9 9 9 9 9 9 100 8 10 7 10 9 10 10 10 10 10 7 100 8 10 10 10 10 10 100 10 7 10 10 10 10 10 10 10 10 10 100 8 10 10 100 8 10 10 10 10 10 10 10 9 10 10 100 8 10 11 10 10 10 9 10 10 10 10 10 10 10 10 10 100 8 10 10 10 10 10 10 10 11 9 10 10 7 1 1 1 1 1 1 1 1 1 1 1 1 1 1 1 1 1 1 1 1 1 1 1 1 1 1 1 1 1 1 1 1 1 1 1 1 1 1 1 1 1 1 1 1 1 1 1 1 1 1 1 1 1 1 1 1 1 1 1 1 1 1 1 1 1 1 1 1 1 1 1 1 1 1 1 1 1 1 1 1 1 1 1 1 1 1 1 1 1 1 1 1 1 1 1 1 1 1 1 1 1 1 1 7 1 100 100 100 1 1 1 1 1 1 1 1 1 1 1 1 1 1 1 1 1 1 1 1 1 1 1 1 1 1 1 1 1 1 1 1 1 1 1 1 1 100 12 100 12 12 12 12 100 12 12 12 12 12 12 12 12 12 12 12 1 1 12 1 12 12 7 12 7 12 12 12 12 1 1 1 12 12 12 12 1 7 12 12 7 12 12 100 12 12 12 12 12 1 1 12 1 1 12 12 12 12 12 12 12 12 12 12 1 1 12 12 12 12 12 12 7 12 12 12 12 12 12 12 12 12 1 1 12 12 12 12 100 12 100 12 100 12 100 12 12 1 1 1 1 1 1 1 1 1 1 1 1 1 1 1 1 1 1 1 1 1 1 1 1 1 1 1 1 1 1 1 1 1 1 1 1 1 1 1 1 1 1 1 1 1 1 1 1 1 1 1 1 1 1 1 1 1 1 1 1 1 1 1 1 1 100 1 1 1 1 1 1 1 1 1
instanceKlass jdk/internal/reflect/FieldAccessorImpl
instanceKlass jdk/internal/reflect/ConstructorAccessorImpl
instanceKlass jdk/internal/reflect/MethodAccessorImpl
ciInstanceKlass jdk/internal/reflect/MagicAccessorImpl 1 1 16 10 100 7 1 1 1 1 1 1 1 1 1 12 1 1
instanceKlass jdk/internal/reflect/DelegatingMethodAccessorImpl
instanceKlass jdk/internal/reflect/NativeMethodAccessorImpl
ciInstanceKlass jdk/internal/reflect/MethodAccessorImpl 1 1 25 10 100 7 100 1 1 1 1 1 1 1 1 1 1 100 100 1 1 12 1 1 1 1 1
instanceKlass jdk/internal/reflect/BootstrapConstructorAccessorImpl
instanceKlass jdk/internal/reflect/SerializationConstructorAccessorImpl
instanceKlass jdk/internal/reflect/DelegatingConstructorAccessorImpl
instanceKlass jdk/internal/reflect/NativeConstructorAccessorImpl
ciInstanceKlass jdk/internal/reflect/ConstructorAccessorImpl 1 1 27 10 100 7 100 1 1 1 1 1 1 1 1 1 1 100 100 100 1 1 12 1 1 1 1 1 1
ciInstanceKlass jdk/internal/reflect/DelegatingClassLoader 1 1 18 10 100 7 1 1 1 1 1 1 1 1 1 1 1 12 1 1
ciInstanceKlass jdk/internal/reflect/ConstantPool 1 1 138 10 9 10 10 10 10 10 10 10 10 10 10 10 10 10 10 10 10 10 10 10 7 7 8 10 100 100 1 1 1 1 1 1 1 1 1 1 1 1 1 1 1 1 1 1 1 1 1 1 1 1 1 1 1 1 1 1 1 1 1 1 1 1 1 1 1 1 1 1 1 1 1 1 1 1 1 1 1 1 1 1 1 1 1 1 1 1 1 1 1 1 1 1 1 1 1 1 1 1 1 1 1 1 1 1 12 12 12 12 12 12 12 12 12 12 12 12 12 12 12 12 12 12 12 12 12 1 1 7 12 1 1 1 1 1 1 1
instanceKlass jdk/internal/reflect/UnsafeFieldAccessorImpl
ciInstanceKlass jdk/internal/reflect/FieldAccessorImpl 1 1 59 10 100 7 100 1 1 1 1 1 1 1 1 1 1 100 1 1 1 1 1 1 1 1 1 1 1 1 1 1 1 1 1 1 100 1 1 1 1 1 1 1 1 1 1 1 1 1 1 1 1 1 1 12 1 1 1 1 1
instanceKlass jdk/internal/reflect/UnsafeStaticFieldAccessorImpl
ciInstanceKlass jdk/internal/reflect/UnsafeFieldAccessorImpl 1 1 254 10 9 10 10 9 10 9 10 10 9 10 10 10 10 100 10 10 10 8 10 10 100 8 10 8 10 8 10 100 10 10 8 10 8 10 8 10 8 10 8 10 8 10 8 10 8 10 8 10 10 8 8 8 8 8 8 10 8 8 8 10 10 7 7 1 1 1 1 1 1 1 1 1 1 1 1 1 1 1 1 7 1 1 1 1 1 1 1 1 1 1 1 1 1 1 1 100 100 1 1 1 1 1 1 1 1 1 1 1 1 1 1 1 1 1 1 1 1 1 1 1 1 1 1 1 1 1 1 1 1 1 1 1 1 1 1 1 12 12 12 7 12 12 7 12 12 12 12 12 12 12 100 12 12 1 12 12 1 12 1 1 12 1 12 1 12 1 12 1 12 1 100 12 1 100 12 1 100 12 1 100 12 1 100 12 1 100 12 1 100 12 1 100 12 12 1 1 1 1 1 1 12 1 1 1 12 12 1 1 1 1 1 1 1 1 1 1 1 1 1 1 1 1 1 1 1 1 1 1 1 1 1 1 1 1 1 1 1 1 1 1 1 1 1 1 1 1 1 1 1 1 1 1
staticfield jdk/internal/reflect/UnsafeFieldAccessorImpl unsafe Ljdk/internal/misc/Unsafe; jdk/internal/misc/Unsafe
instanceKlass jdk/internal/reflect/UnsafeQualifiedStaticFieldAccessorImpl
ciInstanceKlass jdk/internal/reflect/UnsafeStaticFieldAccessorImpl 1 1 43 10 9 10 9 7 7 8 10 7 1 1 1 1 1 1 1 1 1 1 1 1 1 1 1 12 12 7 12 12 1 1 7 12 1 1 1 1 1 1 1 1 1
ciInstanceKlass jdk/internal/reflect/CallerSensitive 0 0 17 100 100 100 1 1 1 1 1 1 1 1 1 1 1 1 1
instanceKlass java/lang/invoke/DelegatingMethodHandle
instanceKlass java/lang/invoke/BoundMethodHandle
instanceKlass java/lang/invoke/DirectMethodHandle
ciInstanceKlass java/lang/invoke/MethodHandle 1 1 489 9 10 10 7 7 10 9 10 10 10 10 10 10 11 10 10 10 9 10 100 100 10 8 10 10 8 10 10 10 10 10 10 10 10 10 10 7 10 10 10 8 10 8 10 10 10 10 8 10 8 10 8 10 9 100 10 9 9 8 10 10 10 10 10 10 10 10 10 10 10 8 10 8 10 10 10 10 10 9 8 10 10 8 10 10 10 10 10 100 8 10 10 9 10 7 10 10 9 10 10 8 9 9 9 10 10 10 10 7 10 8 10 100 1 1 1 1 1 1 1 1 1 1 1 1 1 1 1 1 1 1 1 1 1 1 1 1 100 1 1 1 1 1 1 1 1 1 1 1 1 1 1 1 1 1 1 1 1 1 1 1 1 1 1 1 1 1 1 1 1 1 1 1 1 1 1 1 1 1 1 1 1 1 1 1 1 1 1 1 1 1 1 1 1 1 1 1 1 1 1 1 1 1 7 1 1 1 1 1 1 1 1 1 1 1 1 1 1 1 1 1 1 1 1 1 1 1 1 1 1 1 1 1 100 1 1 1 1 1 1 1 1 1 1 1 1 1 100 1 1 1 1 1 1 1 1 1 1 1 1 1 1 1 1 1 1 1 1 1 1 12 12 7 12 1 1 12 12 12 12 12 100 12 12 12 100 12 12 12 12 12 12 1 1 1 12 12 1 12 12 7 12 12 12 12 12 12 12 100 12 1 12 12 12 1 7 12 1 12 12 12 12 1 12 1 12 1 100 12 12 1 100 12 100 1 12 12 12 12 12 12 12 12 12 12 12 1 12 1 12 12 12 12 12 12 1 12 12 1 12 12 7 12 12 1 1 12 12 12 1 100 12 12 12 12 12 1 12 12 12 7 12 12 12 12 1 12 12 1 1 1 1 1 1 1 1 1 1 1 1 1 1 1 1 1 1 1 1 1 1 1 1 1 1 1 1 1 1 1 1 1 1 1 1 1 1 1 1 1 1 1 1 1 1 1 1 1 1 1 1 1 1 1 1 1 1 1 1 1 1 1 1 1 1 1 1 1 1 1 1 1 1 1 1 1 1 1 1 1 1 1 1 1 1 1 1 1 1 1 1 1 1 1 1 1 1 1 1
staticfield java/lang/invoke/MethodHandle FORM_OFFSET J 20
staticfield java/lang/invoke/MethodHandle $assertionsDisabled Z 1
instanceKlass java/lang/invoke/DirectMethodHandle$Special
instanceKlass java/lang/invoke/DirectMethodHandle$Interface
instanceKlass java/lang/invoke/DirectMethodHandle$Constructor
instanceKlass java/lang/invoke/DirectMethodHandle$Accessor
ciInstanceKlass java/lang/invoke/DirectMethodHandle 1 1 922 7 7 100 7 7 10 10 100 10 10 10 10 10 10 7 7 10 10 10 10 10 10 9 100 10 9 10 10 10 10 10 10 7 10 10 10 8 10 7 10 7 10 10 10 10 10 10 100 10 10 7 10 10 10 10 8 10 10 10 10 10 9 7 10 10 10 100 10 8 10 10 10 10 10 10 10 10 10 10 10 10 10 10 10 10 10 10 10 8 9 8 9 9 8 9 9 8 9 9 8 10 10 7 9 7 10 100 10 10 10 10 7 10 10 10 7 10 10 10 10 10 9 10 9 9 10 10 7 7 7 9 10 10 10 10 9 10 100 10 100 10 10 8 9 9 10 9 10 9 9 10 10 10 10 10 10 10 9 10 10 10 10 10 9 10 9 9 9 9 9 9 9 9 9 9 9 9 9 9 9 9 9 9 9 9 9 9 9 9 9 9 9 9 9 9 9 9 9 9 9 9 9 8 9 9 10 100 10 9 10 7 9 10 10 10 10 10 8 8 8 8 10 9 10 7 10 8 9 10 8 8 8 9 8 8 8 8 8 8 7 8 10 10 8 8 10 10 10 10 7 7 1 1 1 1 1 1 1 100 1 1 1 1 7 1 1 1 1 1 3 1 3 1 3 1 3 1 3 1 3 1 3 1 1 3 1 1 3 1 3 1 1 1 1 1 1 1 1 1 1 1 1 1 1 3 1 3 1 1 1 1 3 1 1 1 1 1 1 1 1 1 1 1 1 1 1 1 1 1 1 1 1 7 1 1 1 1 1 1 1 1 1 1 1 1 1 1 1 1 1 1 1 1 1 1 1 1 1 1 1 1 1 1 1 1 1 1 1 1 1 1 1 1 1 1 1 7 1 1 1 1 1 1 1 1 1 1 1 1 1 1 1 1 1 1 1 1 1 1 1 100 1 1 1 1 1 1 1 1 1 1 1 1 1 1 1 1 1 1 1 1 1 1 1 1 1 1 1 1 1 100 1 1 1 1 1 1 1 1 1 1 1 1 1 1 1 1 1 1 1 1 1 1 1 1 1 1 1 1 1 1 1 1 1 1 1 1 1 1 1 1 1 1 1 1 1 1 1 1 1 1 1 1 1 1 1 1 1 1 1 1 1 1 1 7 1 1 1 1 12 12 1 12 12 12 12 12 12 1 1 12 12 12 12 12 12 12 1 12 12 12 12 12 12 12 1 12 12 12 1 12 1 12 1 12 12 12 12 12 1 12 12 1 12 12 12 12 12 12 12 12 12 7 12 1 12 7 12 12 1 1 12 12 12 12 12 12 12 12 12 12 12 12 7 12 12 12 12 12 1 12 1 12 12 1 12 12 1 12 12 1 12 12 1 12 1 12 1 12 12 12 12 1 12 12 12 12 7 12 12 12 12 12 12 12 7 12 12 1 1 1 12 12 12 12 12 12 12 1 12 1 12 12 1 12 12 12 12 100 12 12 12 12 12 12 12 12 12 7 12 12 12 12 12 12 12 12 12 12 12 12 12 12 12 12 12 12 12 12 12 12 12 12 12 12 12 12 12 12 12 12 12 12 12 12 12 12 12 12 12 12 12 12 12 12 1 12 12 12 1 12 7 12 1 12 12 12 12 12 1 1 1 1 12 12 12 1 100 12 12 12 12 1 1 12 12 1 12 12 12 12 1 1 1 1 1 1 1 1 1 1 1 1 1 1 1 1 1 1 1 1 1 1 1 1 1 1 1 1 1 1 1 1 1 1 1 1 1 1 1 1 1 1 1 1 1 1 1 1 1 1 1 1 1 1 1 1 1 1 1 1 1 1 1 1 1 1 1 1 1 1 1 1 1 1 1 1 1 1 1 1 1 1 1 1 1 1 1 1 1 1 1 1 1 1 1 1 1 1 1 1 1 1 1 1 1 1 1 1 1 1 1 1 1 1 1 1 1 1 1 1 1 1 1 1 1 1 1 1 1 1 1 1 1 1 1 1 1 1 1 1 1 1 1 1 1 1 1 1 1 1 1 1 1 1 1 1 1 1 1 1 1 1 1 1 1 1 1 1 1 1 1 1 1 1 1 1 1 1 1 1 1 1 1 1 1 1 1 1 1 1
staticfield java/lang/invoke/DirectMethodHandle IMPL_NAMES Ljava/lang/invoke/MemberName$Factory; java/lang/invoke/MemberName$Factory
staticfield java/lang/invoke/DirectMethodHandle FT_UNCHECKED_REF I 8
staticfield java/lang/invoke/DirectMethodHandle ACCESSOR_FORMS [Ljava/lang/invoke/LambdaForm; 132 [Ljava/lang/invoke/LambdaForm;
staticfield java/lang/invoke/DirectMethodHandle ALL_WRAPPERS [Lsun/invoke/util/Wrapper; 10 [Lsun/invoke/util/Wrapper;
staticfield java/lang/invoke/DirectMethodHandle NFS [Ljava/lang/invoke/LambdaForm$NamedFunction; 12 [Ljava/lang/invoke/LambdaForm$NamedFunction;
staticfield java/lang/invoke/DirectMethodHandle OBJ_OBJ_TYPE Ljava/lang/invoke/MethodType; java/lang/invoke/MethodType
staticfield java/lang/invoke/DirectMethodHandle LONG_OBJ_TYPE Ljava/lang/invoke/MethodType; java/lang/invoke/MethodType
staticfield java/lang/invoke/DirectMethodHandle $assertionsDisabled Z 1
instanceKlass java/lang/invoke/VarHandleObjects$FieldInstanceReadOnly
instanceKlass java/lang/invoke/VarHandleInts$FieldInstanceReadOnly
ciInstanceKlass java/lang/invoke/VarHandle 1 1 298 10 9 100 10 9 10 10 10 9 10 10 9 9 10 10 10 10 10 10 10 9 100 10 9 10 10 7 7 10 10 10 9 10 9 10 10 10 100 10 9 9 10 10 10 10 10 10 10 7 10 10 9 8 10 7 10 7 100 1 1 100 1 100 1 100 1 1 1 1 1 1 1 1 1 1 1 1 1 1 1 1 1 1 1 1 1 1 1 1 1 1 100 1 1 1 1 1 1 1 1 1 1 1 1 1 1 1 1 1 1 1 1 1 1 1 1 1 1 1 1 1 1 1 1 1 1 1 1 1 1 1 1 1 1 1 1 1 1 1 1 1 1 1 100 1 1 1 1 1 1 1 1 1 100 1 1 1 1 1 1 1 100 1 1 1 100 1 1 1 1 1 1 1 1 1 1 1 1 12 12 1 12 12 12 12 12 12 12 12 12 12 12 12 12 12 100 12 12 1 12 12 12 1 1 12 100 12 12 12 12 12 12 12 12 1 7 12 12 7 12 12 12 12 12 12 12 1 7 12 12 12 1 12 1 1 1 1 1 1 1 1 1 1 1 1 1 1 1 1 1 1 1 1 1 1 1 1 1 1 1 1 1 1 1 1 1 1 1 1 1 1 1 1 1 1 1 1 1 1 1 1 1 1 1 1 1 1 1 1 1 1 1 1 1 1 1 1
staticfield java/lang/invoke/VarHandle AIOOBE_SUPPLIER Ljava/util/function/BiFunction; jdk/internal/util/Preconditions$1
staticfield java/lang/invoke/VarHandle VFORM_OFFSET J 12
staticfield java/lang/invoke/VarHandle $assertionsDisabled Z 1
ciInstanceKlass java/lang/invoke/MemberName 1 1 747 7 7 100 9 10 9 10 10 10 10 10 10 10 9 10 100 100 10 8 10 10 10 10 9 8 10 7 7 10 10 100 100 7 10 9 100 8 10 10 10 10 10 10 10 10 10 10 8 8 8 10 10 9 3 10 10 10 10 10 10 10 10 10 7 8 10 10 8 9 8 9 10 8 10 10 10 10 10 100 10 10 8 10 10 8 10 10 100 10 10 8 8 100 10 10 100 10 10 10 10 10 10 10 10 10 3 10 3 10 3 3 3 3 3 3 100 10 10 10 3 9 10 3 10 10 10 10 10 10 10 10 10 10 10 10 10 10 100 10 10 10 100 10 10 10 10 10 10 8 10 10 10 10 10 10 10 10 10 10 10 10 10 100 10 100 8 10 7 10 10 10 10 10 8 8 8 8 10 10 10 8 8 10 8 10 10 10 8 8 10 10 8 10 8 10 10 10 8 8 8 100 10 8 8 8 8 10 100 100 100 10 100 10 100 10 9 10 100 100 7 1 1 1 1 1 1 1 1 1 1 1 1 1 1 1 1 1 3 1 3 1 3 1 3 1 3 1 3 1 1 1 1 1 1 1 1 3 1 1 1 1 3 1 1 1 1 1 1 1 1 1 1 1 1 1 1 1 1 1 1 1 1 1 1 1 1 1 1 1 1 1 1 1 1 1 1 1 1 1 1 1 1 1 1 1 1 1 1 1 1 1 1 1 1 1 1 1 1 1 1 1 1 1 1 1 1 1 1 1 1 1 1 1 1 1 1 1 1 1 1 1 1 1 1 1 1 1 1 1 1 1 1 1 1 1 1 1 1 1 1 1 1 1 1 1 1 1 1 1 1 1 1 1 1 1 1 1 1 1 1 1 1 1 7 1 1 1 1 1 1 1 1 1 1 1 100 1 1 1 1 1 1 100 1 1 1 1 1 1 1 1 1 1 1 1 1 1 1 1 1 1 1 1 1 1 1 1 1 1 1 1 1 1 1 1 1 1 1 1 1 1 1 1 1 1 1 1 1 1 1 100 1 1 100 1 1 1 1 1 1 1 1 1 7 1 1 12 12 12 12 12 12 12 12 12 12 100 12 12 1 1 12 1 12 12 12 12 12 1 100 12 1 1 12 1 12 12 1 1 12 12 12 12 12 12 12 12 12 12 1 1 1 100 12 12 12 12 12 12 12 12 12 12 12 1 12 12 100 100 12 1 12 12 12 12 12 1 12 12 1 12 12 1 12 12 1 12 12 1 1 1 12 100 12 1 12 12 12 12 12 12 12 12 12 12 100 1 12 7 12 12 12 12 12 7 12 12 12 12 12 12 12 12 12 1 12 1 12 12 12 12 12 12 12 12 12 12 12 12 12 1 12 1 1 1 12 12 12 12 12 1 1 1 1 12 12 12 1 1 12 1 12 12 1 1 12 1 12 1 12 12 12 1 1 1 1 1 1 1 1 12 1 1 1 1 1 12 12 12 1 1 1 1 1 1 1 1 1 1 1 1 1 1 1 1 1 1 1 1 1 1 1 1 1 1 1 1 1 1 1 1 1 1 1 1 1 1 1 1 1 1 1 1 1 1 1 1 1 1 1 1 1 1 1 1 1 1 1 1 1 1 1 1 1 1 1 1 1 1 1 1 1 1 1 1 1 1 1 1 1 1 1 1 1 1 1 1 1 1 1 1 1 1 1 1 1
staticfield java/lang/invoke/MemberName $assertionsDisabled Z 1
ciInstanceKlass java/lang/invoke/ResolvedMethodName 1 1 16 10 100 100 1 1 1 1 1 1 1 1 1 12 1 1
ciInstanceKlass java/lang/invoke/MethodHandleNatives 1 1 660 100 10 9 10 100 10 10 10 10 8 8 8 8 8 8 8 8 8 8 7 10 7 10 10 7 10 10 8 10 8 10 8 10 9 8 10 100 10 100 100 8 7 7 10 10 7 9 10 10 10 7 10 10 10 10 10 9 8 10 8 10 8 8 8 100 10 8 10 10 10 100 8 10 7 8 10 8 8 8 8 8 10 10 10 10 10 7 10 100 100 10 10 8 8 10 10 10 8 10 8 8 10 10 100 10 7 9 10 10 10 9 10 9 9 10 10 10 7 7 10 10 10 10 10 8 10 10 10 10 10 10 100 8 10 9 10 10 100 10 10 100 100 10 10 100 100 10 100 10 10 10 10 10 10 10 10 10 10 10 10 8 100 10 10 10 10 10 10 7 10 10 10 10 1 1 7 1 1 1 1 1 1 1 1 1 1 1 1 1 1 1 1 1 100 1 1 1 1 1 1 1 1 1 1 1 1 1 1 1 1 1 1 1 1 1 1 1 1 1 1 1 1 1 1 1 1 1 1 1 1 1 1 1 1 1 1 1 1 1 1 1 1 1 1 1 1 1 100 1 1 1 1 1 1 1 1 1 1 1 1 1 1 1 1 1 1 1 1 1 1 7 1 1 1 1 1 1 1 1 1 1 1 1 1 1 1 1 1 1 1 1 1 1 1 1 1 1 1 1 1 1 1 1 1 1 1 1 1 1 1 1 1 1 7 1 1 1 1 1 1 1 1 1 1 1 1 100 1 1 1 1 1 1 1 1 1 1 1 1 1 1 7 1 1 1 1 1 1 1 1 1 1 1 1 1 1 100 1 1 1 1 1 1 1 1 1 1 1 1 1 1 1 1 12 12 12 1 12 12 12 1 1 1 1 1 1 1 1 1 1 1 12 1 12 12 1 12 1 12 1 12 1 12 100 12 1 100 12 1 12 1 1 1 1 1 12 1 7 12 12 12 12 1 12 7 12 12 12 12 12 1 12 1 12 1 1 1 1 12 1 12 12 100 12 1 100 12 1 1 12 1 1 1 1 1 12 12 12 12 12 1 12 1 1 12 12 1 1 12 12 1 100 12 1 1 12 12 1 12 1 12 7 12 12 12 12 12 12 12 12 12 1 1 12 12 12 7 12 12 1 12 12 12 12 7 12 12 1 1 12 12 12 1 12 12 1 1 1 1 1 12 12 12 12 12 12 12 12 12 1 1 12 12 12 12 12 12 1 12 12 12 1 1 1 1 1 100 1 1 1 1 1 1 1 1 1 1 1 1 1 1 1 1 1 1 1 1 1 1 1 1 1 1 1 1 1 1 1 1 1 1 1 1 1 1 1 1 1 1 1 1 1 1 1 1 1 1 1 1 1 1 1 1 1 1 1 1 1 1 1 1 1 1 1 1 1 1 1 1 1 1 1 1 1 1 1 1 1 1 1 1 1 1 1 1 1 1 1 1 1 1 1 1 1 1 1 1 1 1 1 1 1 1 1 1 1 1 1 1
staticfield java/lang/invoke/MethodHandleNatives $assertionsDisabled Z 1
ciInstanceKlass java/lang/invoke/LambdaForm 1 1 1075 100 9 10 10 9 9 10 100 10 9 10 9 10 7 9 9 9 9 10 7 10 7 10 10 10 10 10 10 9 100 10 9 10 10 10 10 10 7 10 10 8 10 10 10 7 10 10 7 10 10 9 9 9 10 9 10 10 100 10 9 10 10 100 10 10 10 10 10 10 10 8 10 10 8 8 9 9 9 10 10 10 9 10 10 10 10 10 10 9 10 8 8 8 8 8 8 8 8 10 9 7 10 9 10 10 10 10 10 10 10 10 10 10 10 10 10 10 100 8 10 10 10 10 8 10 8 8 10 9 10 10 100 10 10 10 10 9 8 10 10 10 10 10 9 8 10 100 10 10 9 9 8 10 10 100 100 10 10 8 8 100 8 10 10 10 8 8 9 10 10 8 8 8 100 8 100 8 100 8 10 8 9 10 10 9 10 10 10 10 10 10 10 10 10 10 8 100 10 10 9 10 8 8 100 8 8 8 8 8 8 8 8 10 10 10 10 8 8 8 10 8 10 8 8 8 8 8 10 10 10 10 10 10 10 10 10 10 10 9 8 10 9 10 9 9 9 9 7 10 9 10 10 7 8 10 9 7 10 8 100 10 9 9 10 7 10 10 10 9 10 10 10 9 10 10 10 9 10 9 7 9 10 9 10 100 10 7 9 100 1 1 100 1 100 1 1 1 7 1 7 1 1 1 1 1 1 1 1 1 1 1 1 1 1 1 1 1 1 1 1 1 3 1 3 1 1 1 1 1 3 1 1 1 7 1 1 1 1 1 1 1 1 1 1 1 1 1 1 1 1 1 1 1 1 1 1 1 1 1 1 1 1 1 1 1 1 1 1 1 1 1 1 1 1 1 1 1 1 1 1 1 1 1 1 1 1 1 1 1 1 1 1 1 1 1 1 1 1 1 1 1 1 1 1 1 1 1 1 1 1 1 1 1 1 1 1 1 1 1 1 1 1 1 1 1 1 1 1 1 1 1 1 1 1 1 1 1 1 1 1 100 1 1 1 1 1 1 1 1 1 1 1 1 1 1 1 1 1 1 1 1 1 1 1 1 1 1 1 1 1 1 1 1 1 1 1 1 1 1 1 1 1 1 1 1 1 1 1 1 1 1 1 1 1 1 1 1 1 1 1 1 1 1 7 1 1 1 1 1 1 1 1 1 1 1 1 1 1 1 1 1 1 1 1 1 1 1 1 100 1 1 1 1 1 1 1 1 1 1 1 1 1 1 1 1 1 1 1 1 100 1 1 1 1 1 1 1 1 1 1 1 1 1 1 1 1 1 1 1 1 1 1 1 1 1 1 1 1 1 1 1 1 1 1 1 1 1 1 1 1 1 1 1 1 1 1 1 1 1 1 1 100 1 1 1 1 1 1 1 1 1 1 1 1 1 1 1 1 1 1 1 1 1 1 1 1 100 1 1 1 100 1 1 12 12 12 12 12 12 1 12 12 12 7 12 12 12 12 12 12 1 12 1 12 12 100 12 100 12 12 12 12 1 12 12 12 12 12 12 12 1 12 1 12 12 12 1 12 12 1 12 12 12 12 12 12 12 12 12 1 12 12 12 12 1 12 12 12 12 12 12 12 1 12 12 1 1 12 12 12 12 7 12 12 12 7 12 12 12 12 12 12 12 1 1 1 1 1 1 1 1 12 12 1 12 12 12 12 12 12 12 12 12 12 12 12 12 12 12 1 1 12 12 12 1 12 1 1 12 12 12 12 1 12 12 7 12 12 12 1 100 12 12 12 12 12 12 1 12 12 7 12 12 1 12 12 1 1 12 1 1 1 1 12 12 12 1 1 12 12 12 1 1 1 1 1 1 1 1 1 12 1 12 12 12 12 12 12 12 12 12 12 12 12 1 12 12 12 12 1 1 1 1 1 1 1 1 1 1 1 12 12 12 12 1 1 1 12 1 12 1 1 1 1 1 12 12 12 7 12 12 12 12 12 12 12 12 12 1 12 12 12 12 12 12 12 1 7 12 12 12 12 1 1 12 12 1 12 1 1 12 12 12 12 1 12 7 12 12 7 12 12 12 12 12 12 12 12 12 12 12 12 12 1 1 1 1 1 1 1 1 1 1 1 1 1 1 1 1 1 1 1 1 1 1 1 1 1 1 1 1 1 1 1 1 1 1 1 1 1 1 1 1 1 1 1 1 1 1 1 1 1 1 1 1 1 1 1 1 1 1 1 1 1 1 1 1 1 1 1 1 1 1 1 1 1 1 1 1 1 1 1 1 1 1 1 1 1 1 1 1 1 1 1 1 1 1 1 1 1 1 1 1 1 1 1 1 1 1 1 1 1 1 1 1 1 1 1 1 1 1 1 1 1 1 1 1 1 1 1 1 1 1 1 1 1 1 1 1 1 1 1 1 1 1 1 1 1 1 1 1 1 1 1 1 1 1 1 1 1 1 1 1 1
staticfield java/lang/invoke/LambdaForm COMPILE_THRESHOLD I 0
staticfield java/lang/invoke/LambdaForm INTERNED_ARGUMENTS [[Ljava/lang/invoke/LambdaForm$Name; 5 [[Ljava/lang/invoke/LambdaForm$Name;
staticfield java/lang/invoke/LambdaForm IMPL_NAMES Ljava/lang/invoke/MemberName$Factory; java/lang/invoke/MemberName$Factory
staticfield java/lang/invoke/LambdaForm LF_identity [Ljava/lang/invoke/LambdaForm; 6 [Ljava/lang/invoke/LambdaForm;
staticfield java/lang/invoke/LambdaForm LF_zero [Ljava/lang/invoke/LambdaForm; 6 [Ljava/lang/invoke/LambdaForm;
staticfield java/lang/invoke/LambdaForm NF_identity [Ljava/lang/invoke/LambdaForm$NamedFunction; 6 [Ljava/lang/invoke/LambdaForm$NamedFunction;
staticfield java/lang/invoke/LambdaForm NF_zero [Ljava/lang/invoke/LambdaForm$NamedFunction; 6 [Ljava/lang/invoke/LambdaForm$NamedFunction;
staticfield java/lang/invoke/LambdaForm createFormsLock Ljava/lang/Object; java/lang/Object
staticfield java/lang/invoke/LambdaForm DEBUG_NAME_COUNTERS Ljava/util/HashMap; null
staticfield java/lang/invoke/LambdaForm DEBUG_NAMES Ljava/util/HashMap; null
staticfield java/lang/invoke/LambdaForm TRACE_INTERPRETER Z 0
staticfield java/lang/invoke/LambdaForm $assertionsDisabled Z 1
ciInstanceKlass java/lang/invoke/MethodType 1 1 674 7 10 9 9 9 10 9 8 10 10 9 9 10 100 10 8 10 10 10 100 8 10 100 10 10 10 10 11 9 11 7 7 10 10 9 10 10 10 10 10 10 9 7 10 100 10 10 10 10 10 10 10 10 10 8 8 10 9 100 10 10 10 10 10 10 10 10 10 8 10 10 10 10 10 10 10 10 10 9 10 10 10 10 9 7 10 10 10 10 10 10 10 10 100 8 8 8 10 10 10 10 11 11 10 9 10 10 10 10 10 10 10 10 10 10 10 10 9 7 10 10 10 10 10 10 10 8 10 11 9 10 10 10 10 10 9 9 10 9 10 10 100 10 7 10 7 7 9 100 1 1 100 1 1 1 1 5 0 1 1 1 1 1 1 1 1 1 1 1 1 1 1 1 1 1 1 1 3 1 3 1 3 1 1 1 1 1 1 1 1 1 1 1 1 1 1 1 1 1 1 1 1 1 1 1 1 1 1 1 1 1 1 1 1 1 1 1 1 1 1 1 1 1 1 1 1 1 1 1 1 1 1 1 1 1 1 1 1 1 1 1 1 1 1 1 1 1 1 1 1 1 1 1 1 1 1 1 1 1 1 1 1 1 1 1 1 1 1 1 1 1 1 1 1 1 1 1 1 1 1 1 1 1 1 1 1 1 1 1 1 1 1 1 1 1 1 1 1 1 1 1 1 1 1 1 1 1 1 1 1 1 1 1 1 1 1 1 1 1 1 1 1 1 1 1 1 1 1 1 1 1 1 1 1 1 1 1 1 1 1 1 1 1 1 1 1 1 1 7 1 1 1 1 1 1 1 1 1 1 1 1 1 1 1 1 1 1 1 1 1 1 1 100 1 1 1 1 1 1 1 1 1 1 1 100 100 1 100 100 1 1 1 1 1 1 1 1 1 1 1 1 100 1 1 1 100 1 1 1 1 1 1 1 100 1 12 12 12 12 7 12 7 12 1 100 12 12 7 7 12 1 1 12 12 12 1 1 12 1 12 12 12 12 12 12 1 7 12 12 12 12 12 12 7 12 12 12 12 1 12 1 12 12 7 12 12 12 12 12 12 12 1 1 12 12 1 12 12 12 12 100 12 12 12 1 12 7 12 12 12 12 12 12 12 12 12 12 12 12 12 1 12 7 12 12 7 12 12 12 1 1 1 1 12 12 12 12 12 100 12 12 12 12 12 12 12 12 12 12 12 12 12 12 1 12 12 12 12 12 12 12 1 7 12 12 12 12 12 100 12 12 12 12 12 100 12 12 100 12 12 12 1 1 1 12 1 1 1 1 1 1 1 1 1 1 1 1 1 1 1 1 1 1 1 1 1 1 1 1 1 1 1 1 1 1 1 1 1 1 1 1 1 1 1 1 1 1 1 1 1 1 1 1 1 1 1 1 1 1 1 1 1 1 1 1 1 1 1 1 1 1 1 1 1 1 1 1 1 1 1 1 1 1 1 1 1 1 1 1 1 1 1 1 1 1 1 1 1 1 1 1 1 1 1 1 1 1 1 1 1 1 1 1
staticfield java/lang/invoke/MethodType internTable Ljava/lang/invoke/MethodType$ConcurrentWeakInternSet; java/lang/invoke/MethodType$ConcurrentWeakInternSet
staticfield java/lang/invoke/MethodType NO_PTYPES [Ljava/lang/Class; 0 [Ljava/lang/Class;
staticfield java/lang/invoke/MethodType objectOnlyTypes [Ljava/lang/invoke/MethodType; 20 [Ljava/lang/invoke/MethodType;
staticfield java/lang/invoke/MethodType METHOD_HANDLE_ARRAY [Ljava/lang/Class; 1 [Ljava/lang/Class;
staticfield java/lang/invoke/MethodType serialPersistentFields [Ljava/io/ObjectStreamField; 0 [Ljava/io/ObjectStreamField;
staticfield java/lang/invoke/MethodType $assertionsDisabled Z 1
ciInstanceKlass java/lang/BootstrapMethodError 0 0 45 10 10 10 10 10 100 100 1 1 1 5 0 1 1 1 1 1 1 1 1 1 1 1 1 1 1 1 100 100 1 1 12 12 12 12 12 1 1 1 1 1 1 1 1
instanceKlass java/lang/invoke/VolatileCallSite
instanceKlass java/lang/invoke/MutableCallSite
instanceKlass java/lang/invoke/ConstantCallSite
ciInstanceKlass java/lang/invoke/CallSite 1 1 299 10 10 9 10 9 10 10 100 7 10 7 10 10 10 100 100 10 10 10 8 10 10 10 10 10 10 10 10 9 9 7 8 10 10 100 10 9 8 100 10 10 100 8 10 10 10 100 10 10 10 10 10 9 9 8 10 9 100 10 10 10 10 10 10 100 8 10 10 100 100 100 8 10 10 1 1 1 7 1 1 1 1 1 1 1 1 1 1 1 1 1 1 1 1 1 1 1 1 1 1 1 1 1 1 1 1 1 1 1 1 1 1 1 1 1 1 1 7 1 1 1 1 1 1 1 1 1 1 1 1 1 1 1 1 1 1 1 1 1 1 1 1 1 1 1 1 1 1 1 1 1 1 1 1 1 1 1 100 7 1 1 1 1 1 1 12 12 12 12 12 12 12 1 1 12 1 12 12 12 1 1 12 12 1 12 12 12 12 12 100 12 12 12 100 12 1 12 12 1 100 12 12 12 12 1 1 12 12 1 12 12 12 12 12 12 12 100 12 12 1 100 12 12 12 12 7 12 1 1 12 1 1 1 1 12 12 1 1 1 1 1 1 1 1 1 1 1 1 1 1 1 1 1 1 1 1 1 1 1 1 1 1 1 1 1 1 1 1 1 1 1 1 1 1 1 1 1 1 1 1 1 1 1 1 1 1 1 1 1 1 1 1 1 1 1 1 1 1
staticfield java/lang/invoke/CallSite $assertionsDisabled Z 1
ciInstanceKlass java/lang/invoke/MethodHandleNatives$CallSiteContext 1 1 49 10 7 10 10 10 10 7 100 1 1 1 1 1 1 1 1 1 1 1 1 1 1 1 1 1 1 7 12 1 7 12 7 12 12 1 1 1 1 1 1 1 1 100 1 1 1 1 1
ciInstanceKlass java/lang/invoke/ConstantCallSite 1 1 49 10 9 10 100 10 9 100 10 10 7 7 1 1 1 1 1 1 1 1 1 1 1 1 1 1 1 1 100 1 1 1 1 1 1 1 1 12 12 12 1 12 12 1 12 1 1 1 1
ciInstanceKlass java/lang/invoke/MutableCallSite 0 0 67 10 10 9 10 10 10 9 10 10 100 10 100 100 1 1 1 1 1 1 1 1 1 1 1 1 1 1 1 1 1 1 1 1 1 1 1 1 1 100 1 1 1 1 12 12 12 12 12 12 12 12 100 12 1 12 1 1 1 1 1 1 1 1 1 1 1
ciInstanceKlass java/lang/invoke/VolatileCallSite 0 0 41 10 10 10 10 10 10 100 100 1 1 1 1 1 1 1 1 1 1 1 1 1 1 1 1 1 1 1 12 12 12 12 12 12 1 1 1 1 1 1 1
ciInstanceKlass java/lang/AssertionStatusDirectives 1 1 24 10 100 100 1 1 1 1 1 1 1 1 1 1 1 1 1 1 1 1 1 12 1 1
instanceKlass java/lang/StringBuilder
instanceKlass java/lang/StringBuffer
ciInstanceKlass java/lang/AbstractStringBuilder 1 1 522 7 7 10 9 9 9 9 10 9 10 10 10 10 10 10 10 10 7 3 10 3 100 10 10 100 10 10 10 10 10 10 10 100 10 10 10 10 10 10 10 10 10 10 10 10 10 10 10 10 10 10 10 11 10 10 8 10 10 10 10 10 10 10 10 10 10 10 10 10 10 10 10 10 10 10 10 10 10 10 10 10 10 10 10 10 10 10 10 10 10 10 18 100 10 18 10 10 10 11 10 10 10 100 10 8 10 10 8 8 10 10 10 10 100 10 100 10 100 10 7 100 7 1 1 1 1 1 1 1 1 1 1 1 1 1 1 1 1 1 1 1 1 1 1 1 1 1 1 100 1 1 1 1 1 1 1 1 1 1 1 1 1 1 1 1 1 1 1 1 1 1 1 1 1 1 1 1 1 1 1 1 1 1 1 1 1 1 1 1 1 1 1 1 1 1 1 1 1 1 1 1 1 1 1 1 1 1 1 1 1 1 1 1 1 1 1 1 1 1 1 1 1 1 1 1 1 1 1 1 1 1 1 1 1 1 1 1 1 1 1 1 1 1 1 1 1 1 1 1 1 1 1 1 1 1 1 1 1 1 1 1 1 1 1 1 1 1 1 1 1 1 1 1 1 1 1 1 1 1 1 1 1 1 1 1 1 1 1 1 1 100 1 1 1 1 1 1 100 1 1 1 100 1 1 1 1 1 1 1 1 1 12 12 12 12 12 7 12 12 12 7 12 12 12 12 12 7 12 1 12 1 12 1 12 12 12 12 12 12 1 12 100 12 12 12 12 12 12 12 12 12 12 12 12 12 12 12 12 12 1 12 12 12 12 12 12 7 12 12 12 100 12 12 12 12 12 12 12 12 12 7 12 12 12 12 12 12 12 12 12 12 12 12 12 12 12 12 1 15 16 15 16 12 1 100 12 15 12 12 12 12 12 12 1 1 12 12 1 1 12 12 12 1 1 12 1 1 1 1 1 1 1 1 1 1 1 1 1 1 1 1 1 1 1 1 1 1 1 1 1 1 1 1 1 1 1 1 1 1 1 1 1 1 1 1 1 1 1 1 1 1 1 1 1 1 1 1 1 1 1 1 1 1 1 1 1 1 1 1 1 10 1 10 1 1 1 1 1 10 1 1 1 1 1 1 1 1 1 1 100 12 12 12 1 1 100 1 1 100 1 1
staticfield java/lang/AbstractStringBuilder EMPTYVALUE [B 0
ciInstanceKlass java/lang/StringBuffer 1 1 471 10 10 10 11 10 10 10 9 10 10 10 9 10 10 10 10 10 10 10 10 10 10 10 10 10 10 10 10 10 10 10 10 10 10 10 10 10 10 10 10 10 10 10 10 10 10 10 10 10 10 10 10 10 10 10 10 10 9 10 10 7 10 10 10 10 10 8 10 8 10 8 10 10 10 10 7 10 100 8 10 10 10 10 10 10 10 10 10 10 10 10 10 10 10 10 10 10 10 10 10 10 10 10 10 10 10 10 10 10 10 10 10 10 7 10 7 10 9 9 9 7 100 100 100 1 1 1 1 1 5 0 1 1 1 1 1 1 1 1 1 1 1 1 1 1 1 1 1 1 1 1 1 1 1 1 1 1 1 1 1 1 1 1 1 1 1 1 1 1 1 1 1 1 1 1 1 1 1 1 1 1 1 1 1 1 1 1 1 1 1 1 1 1 1 1 1 1 1 1 1 1 1 1 1 1 1 1 1 1 1 1 1 1 1 1 1 1 1 1 1 1 1 1 1 1 1 1 1 1 1 1 1 1 1 1 1 1 1 1 1 1 1 1 1 1 1 1 1 1 1 1 1 1 1 1 1 1 100 1 1 1 1 1 100 1 1 1 100 1 1 100 1 1 1 1 1 1 1 1 1 1 1 1 1 1 1 1 1 1 1 1 1 1 1 1 1 1 1 1 1 1 1 1 1 1 1 1 1 1 1 1 1 1 1 1 1 12 12 12 12 12 12 12 12 12 12 12 12 12 12 12 12 12 12 12 12 12 12 12 12 12 12 12 12 12 12 12 12 12 12 12 12 12 12 12 12 12 12 12 12 12 12 12 12 12 12 12 12 12 12 7 12 100 1 12 100 12 12 1 12 1 12 1 12 12 100 12 12 12 1 1 12 12 12 12 12 12 12 12 12 12 12 12 12 12 12 12 12 12 12 12 12 12 12 12 12 12 12 12 12 12 12 12 12 1 12 1 12 7 12 7 12 1 1 1 1 1 1 1 1 1 1 1 1 1 1 1 1 1 1 1 1 1 1 1 1 1 1 1 1 1 1 1 1 1 1 1 1 1 1
staticfield java/lang/StringBuffer serialPersistentFields [Ljava/io/ObjectStreamField; 3 [Ljava/io/ObjectStreamField;
ciInstanceKlass java/lang/StringBuilder 1 1 409 10 10 10 11 10 10 10 10 10 10 10 10 10 10 10 10 10 10 10 10 10 10 10 10 10 10 10 10 10 10 10 10 10 10 10 10 10 10 10 10 10 10 9 9 10 10 10 10 10 10 10 10 10 10 10 100 100 8 10 10 10 10 10 10 10 10 10 10 10 10 10 10 10 10 10 10 10 10 10 10 10 10 10 10 10 10 10 10 10 10 10 10 10 10 10 10 10 10 10 10 10 10 10 10 10 7 10 7 100 100 100 1 1 1 5 0 1 1 1 1 1 1 1 1 1 1 1 1 1 1 1 1 1 1 1 1 1 1 1 1 1 1 1 1 1 1 1 1 1 1 1 1 1 1 1 1 1 1 1 1 1 1 1 1 1 1 1 1 1 1 1 1 1 1 1 1 1 1 1 1 1 1 1 1 1 1 1 1 1 1 1 1 1 1 1 1 1 1 1 1 1 1 1 7 1 1 1 1 1 100 1 1 1 100 1 1 1 1 1 1 1 1 1 1 1 1 1 1 1 1 1 1 1 1 1 1 1 1 1 1 1 1 1 1 1 1 1 1 1 1 1 1 1 1 1 1 1 1 1 1 1 1 1 1 1 1 1 1 1 1 1 1 1 1 12 12 12 12 12 12 12 12 12 12 12 12 12 12 12 12 12 12 12 12 12 12 12 12 12 12 12 12 12 12 12 12 12 12 12 12 12 12 12 12 12 12 7 12 7 100 12 12 12 12 12 100 12 12 12 1 1 12 12 12 12 12 12 12 12 12 12 12 12 12 12 12 12 12 12 12 12 12 12 12 12 12 12 12 12 12 12 12 12 12 12 12 12 12 12 12 12 12 12 12 12 12 1 12 1 1 1 1 1 1 1 1 1 1 1 1 1 1 1 1 1 1 1 1 1 1 1 1 1 1 1 1 1 1
ciInstanceKlass jdk/internal/misc/Unsafe 1 1 1165 10 9 9 10 10 10 10 10 10 10 10 10 10 10 10 10 10 10 10 10 100 10 10 10 5 0 10 10 10 10 10 10 10 10 10 100 10 10 10 10 10 10 10 10 10 10 10 10 10 10 5 0 5 0 5 0 10 10 10 100 10 10 10 10 10 10 10 10 10 100 10 10 10 10 8 10 8 8 10 9 9 9 9 9 9 9 9 10 10 10 10 5 0 5 0 9 10 10 10 10 10 8 3 10 10 10 10 10 10 10 10 10 10 10 10 10 10 10 10 10 10 10 10 10 10 10 10 10 10 10 10 10 10 10 10 10 10 10 10 10 10 10 10 10 10 10 10 10 10 10 10 10 10 10 10 10 10 10 10 10 10 10 10 10 10 10 10 10 10 10 10 10 10 10 10 10 10 10 10 10 10 10 10 10 10 10 10 10 10 10 10 10 10 10 10 10 10 10 10 100 10 100 10 9 5 0 10 5 0 10 5 0 10 10 10 10 10 10 10 10 10 10 10 10 10 10 10 10 10 10 10 10 10 10 10 10 10 10 10 10 10 10 10 5 0 5 0 5 0 10 10 10 10 10 7 10 7 10 9 7 9 7 9 7 9 7 9 7 9 7 9 7 9 7 9 10 9 9 9 9 9 9 9 9 9 10 10 10 7 1 1 1 1 1 3 1 1 1 1 1 1 1 1 1 1 1 1 1 1 1 1 1 1 1 1 1 1 1 1 1 1 1 1 1 1 1 1 1 1 1 1 1 1 1 1 1 1 1 1 1 1 1 1 1 1 1 1 1 1 1 1 1 1 1 1 1 1 1 1 1 1 1 1 1 1 1 1 1 1 1 1 1 1 1 1 1 1 1 1 1 1 1 1 1 1 1 1 1 1 1 1 1 1 1 1 1 1 1 1 1 1 1 1 1 1 1 1 1 1 1 1 1 1 1 7 1 1 1 1 1 1 1 1 1 1 1 1 1 1 1 1 1 1 1 1 1 1 1 1 1 1 1 1 1 1 1 1 1 1 1 1 1 1 1 1 1 1 1 1 1 1 1 1 1 1 1 1 1 1 1 1 1 1 1 1 1 1 1 1 1 1 1 1 1 1 1 1 1 1 1 1 7 1 1 1 1 1 1 1 1 1 1 1 1 1 1 1 1 1 1 1 1 1 1 1 1 1 1 1 1 1 1 1 1 1 1 1 1 1 1 1 1 1 1 1 1 1 1 1 1 1 1 1 1 1 1 1 1 1 1 1 1 1 1 1 1 1 1 1 1 1 1 1 1 1 1 1 1 1 1 1 1 1 1 1 1 1 1 1 1 1 1 1 1 1 1 1 1 1 1 1 1 1 1 1 1 1 1 1 1 1 1 1 1 1 1 1 1 1 1 1 1 1 1 1 1 1 1 1 1 1 1 1 1 1 1 1 1 1 1 1 1 1 1 1 1 1 1 1 1 1 1 1 1 1 1 1 1 1 1 1 1 1 1 1 1 1 1 1 1 1 1 1 1 1 1 1 1 1 1 1 1 1 1 1 1 1 1 1 1 1 1 1 1 1 1 1 1 1 1 1 1 1 1 1 1 1 1 1 1 1 1 1 1 1 1 1 1 1 1 1 1 1 1 1 1 1 1 1 1 1 1 1 1 1 1 1 1 1 1 1 1 1 1 1 1 1 1 1 1 1 1 1 1 1 1 1 1 1 1 1 1 1 1 1 1 1 1 1 1 1 1 1 1 1 1 1 1 1 1 1 1 1 1 1 1 1 1 1 1 1 1 1 1 1 1 1 1 1 1 1 1 1 1 1 1 1 1 1 1 1 1 1 1 1 1 1 1 1 1 1 1 1 1 1 1 1 1 1 1 1 1 1 1 1 1 1 1 1 1 1 1 1 1 1 1 1 1 1 1 1 1 1 1 1 1 1 1 1 1 1 1 1 1 1 1 1 1 1 1 1 1 1 1 1 1 1 1 1 1 1 1 1 1 1 1 1 1 1 1 1 1 12 12 12 12 7 12 12 12 12 12 12 12 12 12 12 12 12 12 12 12 12 1 12 12 12 12 12 12 12 12 12 12 12 1 12 12 12 12 12 12 12 12 12 12 12 12 12 12 12 12 1 12 12 12 12 12 12 12 12 1 12 12 12 1 12 1 1 12 7 12 100 7 100 100 100 100 12 12 12 12 12 12 12 12 12 12 1 12 12 12 12 12 12 12 12 12 12 12 12 12 12 12 12 12 12 12 12 12 12 12 12 12 12 12 12 12 12 12 12 12 12 12 12 12 12 12 12 12 12 12 12 12 12 12 12 12 12 12 12 12 12 12 12 12 12 12 12 12 12 12 12 12 12 12 12 12 12 12 12 12 12 12 12 12 12 12 12 12 12 12 12 12 12 12 12 12 12 12 12 12 12 12 12 1 1 12 12 12 12 12 12 12 12 12 12 12 12 12 12 12 12 12 12 12 12 12 12 12 12 12 12 12 12 12 12 12 12 12 12 12 12 12 12 1 1 12 12 12 1 12 1 12 1 12 1 12 1 12 12 12 12 12 12 12 12 12 12 12 12 12 12 12 12 1 1 1 1 1 1 1 1 1 1 1 1 1 1 1 1 1 1 1 1 1 1 1 1 1 1 1 1 1
staticfield jdk/internal/misc/Unsafe theUnsafe Ljdk/internal/misc/Unsafe; jdk/internal/misc/Unsafe
staticfield jdk/internal/misc/Unsafe ARRAY_BOOLEAN_BASE_OFFSET I 16
staticfield jdk/internal/misc/Unsafe ARRAY_BYTE_BASE_OFFSET I 16
staticfield jdk/internal/misc/Unsafe ARRAY_SHORT_BASE_OFFSET I 16
staticfield jdk/internal/misc/Unsafe ARRAY_CHAR_BASE_OFFSET I 16
staticfield jdk/internal/misc/Unsafe ARRAY_INT_BASE_OFFSET I 16
staticfield jdk/internal/misc/Unsafe ARRAY_LONG_BASE_OFFSET I 16
staticfield jdk/internal/misc/Unsafe ARRAY_FLOAT_BASE_OFFSET I 16
staticfield jdk/internal/misc/Unsafe ARRAY_DOUBLE_BASE_OFFSET I 16
staticfield jdk/internal/misc/Unsafe ARRAY_OBJECT_BASE_OFFSET I 16
staticfield jdk/internal/misc/Unsafe ARRAY_BOOLEAN_INDEX_SCALE I 1
staticfield jdk/internal/misc/Unsafe ARRAY_BYTE_INDEX_SCALE I 1
staticfield jdk/internal/misc/Unsafe ARRAY_SHORT_INDEX_SCALE I 2
staticfield jdk/internal/misc/Unsafe ARRAY_CHAR_INDEX_SCALE I 2
staticfield jdk/internal/misc/Unsafe ARRAY_INT_INDEX_SCALE I 4
staticfield jdk/internal/misc/Unsafe ARRAY_LONG_INDEX_SCALE I 8
staticfield jdk/internal/misc/Unsafe ARRAY_FLOAT_INDEX_SCALE I 4
staticfield jdk/internal/misc/Unsafe ARRAY_DOUBLE_INDEX_SCALE I 8
staticfield jdk/internal/misc/Unsafe ARRAY_OBJECT_INDEX_SCALE I 4
staticfield jdk/internal/misc/Unsafe ADDRESS_SIZE I 8
staticfield jdk/internal/misc/Unsafe BE Z 0
staticfield jdk/internal/misc/Unsafe unalignedAccess Z 1
ciInstanceKlass jdk/internal/module/Modules 1 1 483 10 9 11 11 11 11 11 11 11 11 10 10 18 10 100 10 10 10 10 11 10 10 10 10 9 10 10 10 100 100 11 10 11 10 10 10 10 10 11 18 11 10 11 100 11 11 11 10 10 18 11 18 11 10 18 18 10 9 11 100 10 11 11 100 11 10 100 10 10 10 11 10 100 10 18 10 100 8 10 10 18 11 11 10 10 10 18 10 10 7 10 10 100 1 1 1 1 1 1 1 1 1 1 1 1 1 1 1 1 1 1 1 1 1 1 1 1 1 1 1 1 1 1 1 1 1 1 1 1 1 1 1 1 1 1 1 1 1 1 1 1 1 1 1 1 1 1 1 1 7 100 100 1 1 1 1 1 1 1 1 1 1 1 1 1 1 1 1 1 1 1 1 1 1 1 1 1 1 1 1 1 1 1 100 100 100 100 100 100 100 100 1 1 1 1 1 1 100 1 1 1 1 1 1 1 1 1 1 100 1 1 1 1 1 1 1 1 1 12 12 7 12 12 12 12 12 12 12 12 12 100 12 1 15 16 15 16 12 100 12 1 100 12 100 12 12 12 12 12 12 12 12 12 100 12 1 1 12 100 12 12 12 12 100 12 12 12 12 16 15 16 12 12 100 12 100 12 1 12 12 12 12 100 12 16 15 16 12 12 16 15 16 12 12 12 15 16 15 16 12 12 12 1 12 12 1 12 1 12 12 12 12 12 1 15 16 12 12 1 1 12 12 15 16 12 12 12 15 12 1 12 7 12 1 1 1 1 1 1 1 1 1 1 1 1 1 1 1 1 1 1 1 1 10 1 10 1 1 1 1 1 1 1 1 1 1 1 1 1 1 1 1 1 1 1 1 1 1 1 1 1 1 1 1 1 1 1 1 1 1 1 1 1 1 1 10 1 1 1 1 1 1 1 1 1 1 1 1 1 1 1 1 1 1 1 1 10 1 1 1 1 1 1 10 1 1 1 1 1 1 10 1 10 1 1 1 1 1 1 1 1 1 1 1 1 1 10 1 1 1 1 1 10 1 1 10 1 1 1 1 1 100 12 12 12 12 12 12 12 12 12 1 1 100 1 1 1 1 1 100 1 1
staticfield jdk/internal/module/Modules JLA Ljdk/internal/misc/JavaLangAccess; java/lang/System$2
staticfield jdk/internal/module/Modules $assertionsDisabled Z 1
instanceKlass java/io/ObjectInputStream
instanceKlass java/lang/ProcessBuilder$NullInputStream
instanceKlass com/sun/org/apache/xerces/internal/impl/XMLEntityManager$RewindableInputStream
instanceKlass java/util/zip/ZipFile$ZipFileInputStream
instanceKlass java/io/FilterInputStream
instanceKlass java/io/FileInputStream
instanceKlass java/io/ByteArrayInputStream
ciInstanceKlass java/io/InputStream 1 1 170 100 10 100 10 10 10 10 100 3 10 100 8 10 7 10 3 100 8 10 100 10 11 10 11 11 11 100 10 5 0 10 8 10 8 10 10 7 100 1 1 1 1 3 1 3 1 1 1 1 1 1 1 1 1 1 1 1 1 1 1 1 1 1 1 1 1 1 1 1 1 1 1 1 1 1 1 1 1 1 1 1 1 1 100 100 1 1 1 1 1 1 1 1 1 1 1 1 1 1 1 1 1 1 1 1 1 1 1 1 12 1 12 7 12 12 1 12 1 1 12 1 100 12 1 1 1 12 100 12 12 12 12 100 12 12 1 12 100 12 1 1 1 1 1 1 1 1 1 1 1 1 1 1 1 1 1 1 1 1 1 1 1 1 1 1 1 1 1 1
instanceKlass org/aspectj/apache/bcel/util/ByteSequence$ByteArrayStream
ciInstanceKlass java/io/ByteArrayInputStream 1 1 96 10 9 9 9 9 10 10 10 10 10 10 7 7 1 1 1 1 1 1 1 1 1 1 1 1 1 1 1 1 1 1 1 1 1 1 1 1 1 1 1 1 1 1 1 1 1 1 100 1 1 1 1 1 1 1 1 1 1 1 1 1 1 12 12 12 12 12 100 12 7 12 7 12 100 12 12 100 12 1 1 1 1 1 1 1 1 1 1 1 1 1 1 1 1 1
ciInstanceKlass java/net/URL 1 1 744 10 10 10 9 9 10 10 10 9 10 8 10 100 10 10 8 10 9 100 8 10 10 8 9 10 9 10 10 9 9 8 9 10 8 9 10 10 8 10 7 10 10 10 10 10 8 10 10 8 9 8 10 10 100 10 10 10 100 8 10 10 8 10 10 10 10 10 10 8 10 7 10 10 10 9 10 9 10 10 100 100 10 10 10 10 10 10 7 10 10 10 100 10 10 8 9 10 10 9 10 100 10 10 10 10 10 10 10 10 10 10 10 9 9 100 8 10 10 9 10 8 10 8 10 10 8 8 10 100 10 10 10 7 100 10 9 10 8 10 100 10 10 8 9 10 10 10 10 10 11 10 10 9 10 10 10 8 10 7 100 10 8 8 10 8 8 8 100 10 9 10 10 10 10 10 10 10 10 10 10 10 10 10 10 10 100 8 10 10 10 10 10 8 7 10 7 10 7 10 7 7 10 9 9 7 10 10 100 1 1 1 1 1 1 1 5 0 1 1 1 1 1 1 1 1 1 1 1 1 1 1 1 1 1 1 1 1 1 1 1 1 1 1 1 1 1 1 1 1 1 1 1 1 1 1 1 1 1 1 1 1 1 1 1 1 1 1 1 1 1 1 1 1 1 1 1 1 1 1 1 1 1 1 1 1 1 1 1 1 1 1 1 1 1 1 100 1 1 1 1 1 1 1 1 1 1 1 1 1 1 1 1 1 1 1 1 1 1 1 1 1 1 1 1 1 1 1 1 1 1 1 100 100 1 1 1 1 1 1 1 1 1 1 1 1 1 1 7 1 1 1 1 1 1 1 1 1 1 1 1 1 1 100 7 1 1 1 1 1 1 1 1 1 1 1 1 1 1 1 1 1 1 100 1 1 100 1 1 100 1 1 1 1 1 1 1 1 1 1 1 1 1 1 1 1 1 1 1 1 1 1 1 12 12 12 12 12 7 12 12 12 12 12 1 12 1 12 1 12 12 1 1 12 12 1 12 12 12 12 12 12 12 1 12 12 1 12 12 7 12 1 12 1 12 12 12 12 12 1 12 12 1 12 1 12 12 1 12 12 12 1 1 12 1 12 12 12 12 12 12 1 12 1 7 12 12 100 12 12 12 12 100 12 1 1 12 12 12 12 12 12 1 12 1 12 12 1 12 100 12 12 100 12 12 1 12 12 12 12 12 12 12 7 12 12 12 12 12 1 1 12 12 12 1 100 12 1 12 12 1 1 12 1 100 12 12 12 1 1 12 12 1 12 1 100 12 100 12 12 12 12 12 100 12 12 12 12 12 12 100 12 12 12 1 1 12 1 12 12 12 12 12 12 12 12 12 12 12 12 12 12 1 1 12 12 12 1 1 1 1 1 1 12 7 12 12 1 7 12 1 1 1 1 1 1 1 1 1 1 1 1 1 1 1 1 1 1 1 1 1 1 1 1 1 1 1 1 1 1 1 1 1 1 1 1 1 1 1 1 1 1 1 1 1 1 1 1 1 1 1 1 1 1 1 1 1 1 1 1 1 1 1 1 1 1 1 1 1 1 1 1 1 1 1 1 1 1 1 1 1 1 1 1 1 1 1 1 1 1 1 1 1 1 1 1 1 1 1 1 1 1 1 1 1 1 1 1 1 1 1 1 1 1 1 1 1 1 1 1 1 1 1 1 1 1 1 1 1 1 1 1 1 1
staticfield java/net/URL defaultFactory Ljava/net/URLStreamHandlerFactory; java/net/URL$DefaultFactory
staticfield java/net/URL streamHandlerLock Ljava/lang/Object; java/lang/Object
staticfield java/net/URL serialPersistentFields [Ljava/io/ObjectStreamField; 7 [Ljava/io/ObjectStreamField;
ciInstanceKlass java/util/jar/Manifest 1 1 301 10 7 10 9 7 10 9 9 10 10 10 10 10 11 11 10 10 100 100 10 8 10 10 10 10 11 100 10 10 11 11 11 11 100 100 8 10 11 7 9 10 10 10 10 8 10 10 11 10 10 10 8 10 7 10 10 10 100 8 10 10 8 10 10 10 10 11 10 10 10 7 10 11 10 11 10 7 100 1 1 1 1 1 1 1 1 1 1 1 1 1 1 1 1 1 1 1 1 1 1 1 1 1 1 1 1 1 1 1 1 1 1 1 1 1 1 1 1 1 1 1 1 1 1 1 1 1 1 1 1 1 100 100 1 1 1 1 1 1 1 1 1 1 1 1 1 1 1 1 1 1 1 1 100 100 1 1 1 1 1 1 1 1 1 1 1 1 1 1 1 1 12 1 12 1 12 12 12 12 12 12 12 7 12 12 100 12 1 1 1 12 12 12 12 1 12 12 12 100 12 12 12 1 1 1 12 1 7 12 12 12 12 12 1 12 12 12 12 12 1 12 1 12 12 12 1 1 12 1 12 100 12 12 12 12 12 7 12 12 1 12 12 12 1 1 1 1 1 1 1 1 1 1 1 1 1 1 1 1 1 1 1 1 1 1 1 1 1 1 1 1 1 1 1 1 1 1 1 1 1 1 1 1 1 1 1 1 1 1 1 1 1 1 1 1 1 1 1 1 1
ciInstanceKlass jdk/internal/loader/ClassLoaders 1 1 143 10 9 9 9 7 11 100 11 11 10 10 100 100 10 9 8 10 7 10 7 10 10 7 10 8 10 8 8 7 10 7 100 1 1 1 1 1 1 1 1 1 1 1 1 1 1 1 1 1 1 1 1 1 1 1 1 1 1 1 1 1 1 1 100 1 1 1 1 1 1 1 1 1 1 1 1 12 12 12 12 1 100 12 1 12 12 100 12 100 12 1 1 7 12 12 1 7 12 1 12 1 12 12 1 12 1 7 12 1 1 1 12 1 1 1 1 1 1 1 1 1 1 1 1 1 1 1 1 1 1 1 1 1 1 1 1 1 1 1 1 1 1
staticfield jdk/internal/loader/ClassLoaders JLA Ljdk/internal/misc/JavaLangAccess; java/lang/System$2
staticfield jdk/internal/loader/ClassLoaders BOOT_LOADER Ljdk/internal/loader/ClassLoaders$BootClassLoader; jdk/internal/loader/ClassLoaders$BootClassLoader
staticfield jdk/internal/loader/ClassLoaders PLATFORM_LOADER Ljdk/internal/loader/ClassLoaders$PlatformClassLoader; jdk/internal/loader/ClassLoaders$PlatformClassLoader
staticfield jdk/internal/loader/ClassLoaders APP_LOADER Ljdk/internal/loader/ClassLoaders$AppClassLoader; jdk/internal/loader/ClassLoaders$AppClassLoader
instanceKlass jdk/internal/loader/ClassLoaders$BootClassLoader
instanceKlass jdk/internal/loader/ClassLoaders$PlatformClassLoader
instanceKlass jdk/internal/loader/ClassLoaders$AppClassLoader
ciInstanceKlass jdk/internal/loader/BuiltinClassLoader 1 1 717 10 10 9 9 7 10 9 9 10 10 11 100 100 10 10 8 10 10 7 10 10 11 11 11 7 9 8 8 10 10 9 11 7 10 10 10 10 10 10 10 11 10 7 10 10 10 100 8 10 10 8 10 10 11 11 100 7 10 11 11 10 7 10 10 7 7 10 7 7 10 10 100 10 11 7 100 10 10 100 100 10 10 18 10 10 18 100 10 100 10 10 10 10 10 9 100 10 10 10 10 10 10 10 10 10 10 18 7 10 10 10 10 100 10 7 10 10 10 11 7 10 7 100 10 10 11 10 10 10 10 10 10 10 10 8 10 10 10 100 8 8 10 10 8 8 10 11 9 10 9 9 9 9 9 9 10 8 10 7 10 10 7 7 10 11 10 10 10 100 10 10 10 7 10 10 8 10 7 100 1 1 1 1 1 1 1 1 1 1 1 1 1 1 1 1 1 1 1 1 1 1 1 1 1 1 1 1 1 7 7 1 1 1 1 1 1 1 1 1 1 1 7 1 1 1 1 1 1 1 1 1 1 1 1 1 1 1 1 1 1 1 1 1 1 1 1 1 1 1 1 1 1 1 1 1 1 1 100 1 1 1 1 1 1 1 1 1 1 1 1 1 1 1 1 1 1 1 1 1 1 1 100 100 1 1 1 1 1 1 1 1 1 1 1 1 1 7 1 1 1 1 1 1 1 1 1 1 1 1 1 1 1 1 1 1 1 1 1 1 1 1 1 1 7 1 1 1 1 1 1 1 1 1 1 1 1 7 7 1 1 1 1 1 1 1 1 1 1 1 1 1 1 1 1 1 7 1 1 1 1 1 1 1 1 1 1 7 12 12 12 12 1 12 12 12 12 12 12 1 1 12 1 12 12 1 12 12 7 12 12 12 1 12 1 1 12 7 12 12 12 1 12 12 12 7 12 12 12 12 12 7 12 1 7 12 12 1 1 12 1 12 12 12 12 1 1 12 12 1 12 12 1 1 12 1 1 12 7 12 1 12 12 1 1 12 12 1 1 12 12 1 15 16 15 16 12 12 12 15 16 1 7 12 1 12 12 12 12 12 1 12 12 12 12 12 12 12 12 12 15 16 12 1 12 12 12 12 1 12 100 1 1 12 12 12 12 1 12 1 12 12 12 12 12 12 12 12 12 12 12 1 12 12 12 1 1 1 12 1 1 7 12 7 12 7 12 12 12 12 12 12 12 12 12 1 12 1 12 12 1 1 12 12 12 12 1 12 12 1 12 12 1 12 1 1 1 1 1 1 1 1 1 1 1 1 1 1 1 1 1 1 1 1 1 1 1 1 1 1 1 1 1 1 1 1 1 1 1 1 1 1 1 1 1 1 1 1 1 1 1 1 1 1 1 1 1 1 1 1 1 1 1 1 1 1 1 1 1 1 1 1 1 1 10 10 1 1 1 1 10 1 1 1 1 1 1 1 1 1 1 1 1 1 10 1 1 1 1 1 1 1 1 1 1 1 1 1 1 1 1 1 1 1 1 1 1 1 1 1 1 1 1 1 1 1 1 1 1 1 1 1 1 1 1 1 1 1 1 1 1 1 1 1 1 1 1 1 1 1 1 1 1 1 100 12 12 12 12 1 1 100 1 1 100 1 1
staticfield jdk/internal/loader/BuiltinClassLoader packageToModule Ljava/util/Map; java/util/concurrent/ConcurrentHashMap
staticfield jdk/internal/loader/BuiltinClassLoader $assertionsDisabled Z 1
ciInstanceKlass jdk/internal/loader/ClassLoaders$AppClassLoader 1 1 134 8 10 9 10 10 10 10 10 10 7 8 10 10 10 9 11 10 10 100 10 7 7 1 1 1 100 1 1 1 1 1 1 1 1 1 1 1 1 1 1 1 1 1 1 1 1 1 1 100 1 100 1 1 1 1 1 1 1 1 1 1 1 1 1 1 1 1 1 1 1 1 1 1 1 1 1 1 1 100 1 12 12 7 12 100 12 12 12 12 12 1 1 12 7 12 7 12 12 100 12 12 7 12 1 12 1 1 1 1 1 1 1 1 1 1 1 1 1 1 1 1 1 1 1 1 1 1 1 1 1 1 1 1
ciInstanceKlass jdk/internal/loader/ClassLoaders$PlatformClassLoader 1 1 57 8 10 9 11 10 100 10 100 7 1 100 1 1 1 1 1 1 1 1 1 1 1 1 1 1 1 1 1 1 1 1 1 1 1 100 1 12 12 100 12 7 12 1 12 1 1 1 1 1 1 1 1 1 1 1 1
ciInstanceKlass java/security/CodeSource 1 1 402 10 9 9 9 9 10 9 10 100 10 100 10 7 10 10 10 100 10 10 10 10 10 100 10 10 10 10 10 10 10 10 10 10 10 10 10 8 10 10 10 10 8 10 10 100 10 10 8 10 10 10 8 8 9 100 8 10 10 8 10 8 8 8 10 10 10 10 10 10 100 100 10 10 10 10 10 100 10 10 8 10 10 10 100 10 100 100 8 8 10 10 10 100 10 10 11 10 10 11 10 10 8 100 10 10 100 10 11 11 7 100 1 1 1 5 0 1 1 1 1 1 1 1 1 1 1 1 1 1 1 1 1 1 1 1 1 1 100 1 1 1 1 1 1 1 1 1 1 1 1 1 1 1 1 1 1 1 1 1 1 1 1 1 1 1 1 1 1 1 1 1 1 1 1 1 1 1 1 1 100 1 1 1 1 1 1 1 1 1 1 1 1 1 100 1 1 1 1 1 1 1 1 1 1 1 1 1 1 1 1 1 1 100 100 100 1 1 1 1 1 1 1 1 1 12 12 12 12 12 7 12 12 100 12 100 12 1 12 12 100 1 12 100 12 12 12 1 12 100 100 12 100 12 12 12 12 12 12 1 12 12 12 12 1 12 1 12 1 12 12 12 1 1 12 1 1 12 12 1 12 1 1 1 12 12 12 12 12 12 1 1 12 12 12 12 12 1 12 1 12 12 12 1 12 1 1 1 1 12 100 12 1 12 12 12 12 12 100 1 1 12 12 1 12 12 1 1 1 1 1 1 1 1 1 1 1 1 1 1 1 1 1 1 1 1 1 1 1 1 1 1 1 1 1 1 1 1 1 1 1 1 1 1 1 1 1 1 1 1 1 1 1 1 1 1 1 1 1 1 1 1 1 1 1 1 1 1 1 1 1 1 1 1 1 1 1 1 1 1 1 1
ciInstanceKlass java/lang/StackTraceElement 0 0 224 10 10 9 9 9 9 8 10 100 9 8 9 9 9 8 10 10 100 10 10 8 10 10 8 8 8 10 8 8 10 8 8 100 10 10 10 10 9 10 10 100 10 10 10 10 10 10 10 10 10 100 100 100 1 1 1 1 1 1 1 1 1 1 1 1 1 1 1 1 1 1 1 3 1 3 1 1 5 0 1 1 1 1 1 1 1 1 1 1 1 1 1 1 1 1 1 1 1 1 1 1 1 1 1 1 1 1 1 1 1 1 1 1 1 1 1 1 100 100 100 100 1 1 1 1 1 1 1 1 1 1 1 1 1 100 1 1 1 1 1 1 1 1 1 1 12 12 12 12 12 12 1 100 12 1 12 1 12 12 12 1 12 12 1 12 1 12 12 1 1 1 12 1 1 12 1 1 1 12 12 12 12 12 12 12 1 12 100 12 100 12 12 12 12 12 12 1 1 1 1 1 1 1 1 1 1 1 1 1 1 1 1 1 1 1 1 1 1 1 1 1 1 1
instanceKlass java/nio/IntBuffer
instanceKlass java/nio/CharBuffer
instanceKlass java/nio/LongBuffer
instanceKlass java/nio/ByteBuffer
ciInstanceKlass java/nio/Buffer 1 1 195 100 10 9 9 10 9 10 10 100 100 10 8 10 10 8 8 10 10 8 9 100 8 10 8 8 9 10 8 8 8 10 8 8 8 100 10 100 10 100 10 100 10 7 10 10 9 7 10 10 7 1 1 1 1 1 1 3 1 1 1 1 1 1 1 1 1 1 1 1 1 1 1 1 1 1 1 1 1 1 1 1 1 1 1 1 1 100 1 1 1 1 1 1 1 1 1 1 1 1 1 1 1 1 1 1 1 1 1 1 1 1 1 1 1 1 1 1 1 1 1 1 1 1 1 1 1 1 1 1 1 1 1 12 12 12 12 12 12 12 1 1 1 12 12 1 1 12 12 1 12 1 1 12 1 1 12 12 1 1 1 12 1 1 1 1 1 1 1 1 7 12 7 12 12 1 7 12 1 1 1 1 1 1 1 1 1 1 1 1 1 1 1 1 1
staticfield java/nio/Buffer UNSAFE Ljdk/internal/misc/Unsafe; jdk/internal/misc/Unsafe
staticfield java/nio/Buffer $assertionsDisabled Z 1
ciInstanceKlass java/lang/StackWalker 0 0 235 9 10 100 10 10 11 10 10 100 10 100 8 10 10 10 10 9 9 9 9 10 9 10 11 100 8 10 10 9 10 10 10 18 100 8 10 10 10 9 11 10 100 100 1 1 1 100 1 1 1 1 1 1 1 1 1 1 1 1 1 1 1 1 1 1 1 1 1 1 1 1 1 1 1 1 1 1 1 1 1 1 1 1 1 1 1 1 1 1 1 100 1 1 1 1 1 1 1 1 1 1 1 1 1 1 1 1 1 1 1 1 1 1 1 1 1 1 1 1 1 1 1 1 1 1 1 1 1 1 12 100 12 1 100 12 12 100 12 12 12 1 12 1 1 12 12 12 12 12 12 12 12 12 12 100 12 12 1 1 12 12 12 100 12 100 12 1 15 16 15 16 12 1 1 12 100 12 12 100 12 12 1 1 1 1 1 1 1 1 1 1 1 1 1 1 1 1 1 1 1 1 1 1 1 1 1 1 1 1 10 10 1 1 1 1 1 1 1 1 1 1 1 1 100 12 12 1 1 100 1 1 100 1 1
ciInstanceKlass java/lang/StackStreamFactory$AbstractStackWalker 1 0 306 100 100 3 10 10 10 9 10 9 9 9 9 9 10 10 9 10 10 9 9 100 10 8 10 10 8 10 10 100 8 10 8 10 9 10 9 8 5 0 8 8 9 10 10 10 9 10 10 10 10 10 10 8 10 10 10 10 8 100 10 10 10 10 10 10 9 8 10 10 10 10 10 10 10 10 10 10 8 100 1 1 1 1 1 1 1 1 1 1 100 1 1 1 1 1 1 1 1 1 1 1 1 1 1 1 1 1 1 1 1 1 1 1 1 1 1 1 1 1 1 1 1 1 100 1 1 1 1 1 1 100 1 1 1 1 1 1 1 100 1 1 1 1 1 1 1 1 1 1 1 1 1 1 1 1 1 1 1 1 1 1 1 1 1 12 12 100 12 12 12 12 12 12 12 100 12 100 12 12 12 12 12 12 100 12 1 1 12 12 1 12 100 12 1 1 12 1 12 100 12 12 12 1 1 1 12 12 12 12 12 12 12 12 12 12 12 1 12 12 12 12 1 1 12 12 12 12 12 100 12 12 1 12 12 12 12 12 12 12 12 12 12 1 1 1 1 1 1 1 1 1 1 1 1 1 1 1 1 1 1 1 1 1 1 1 1 1 1 1 1 1 1 1 1 1 1 1 1 1 1 1 1 1 1 1 1 1 1 1 1 1 1 1 1 1 1 1 1 1 1 1 1 1 1 1
instanceKlass java/lang/LiveStackFrameInfo
ciInstanceKlass java/lang/StackFrameInfo 0 0 132 10 9 9 9 11 9 11 10 10 10 11 11 11 10 9 10 10 10 11 10 9 10 100 8 10 10 100 100 100 1 1 1 1 1 1 1 1 1 1 1 1 1 1 1 1 1 1 1 1 1 1 1 1 1 1 1 1 1 1 1 1 1 1 1 1 1 1 1 1 1 100 100 1 1 1 1 1 12 100 12 12 100 12 12 12 12 100 12 12 12 12 12 12 12 12 12 12 12 12 12 12 1 1 12 100 12 1 1 1 1 1 1 1 1 1 1 1 1 1 1 1 1 1 1 1 1 1 1 1 1 1
ciInstanceKlass java/lang/LiveStackFrameInfo 0 0 97 10 9 9 9 9 9 100 10 10 8 10 100 8 8 8 10 100 10 100 10 100 100 100 1 1 1 1 1 1 1 1 3 1 3 1 1 1 1 1 1 1 1 1 1 1 1 1 1 1 1 1 1 1 1 1 1 1 100 1 1 1 1 1 1 1 1 1 1 12 12 12 12 12 12 1 12 12 1 12 1 1 1 1 1 12 1 12 1 1 1 1 1 1 1 1 1
instanceKlass java/util/concurrent/locks/AbstractQueuedSynchronizer
ciInstanceKlass java/util/concurrent/locks/AbstractOwnableSynchronizer 1 1 32 10 9 7 7 100 1 1 1 5 0 1 1 1 1 1 1 1 1 1 1 1 1 1 1 1 1 12 12 1 1 1
ciInstanceKlass java/lang/Boolean 1 1 128 10 9 10 10 8 10 9 9 8 10 7 10 10 100 100 10 10 8 10 9 7 100 100 1 1 1 1 1 1 1 1 1 1 1 1 5 0 1 1 1 1 1 1 1 1 1 1 1 1 1 1 1 1 1 1 1 1 1 1 1 1 1 1 7 1 1 1 1 1 1 1 1 1 1 1 100 1 1 1 1 1 1 1 1 1 1 1 1 1 1 1 1 1 12 12 12 12 1 12 12 12 1 12 1 12 7 12 1 1 12 12 1 7 12 12 1 1 1 1 1 1 1 1 1 1 1 1
staticfield java/lang/Boolean TRUE Ljava/lang/Boolean; java/lang/Boolean
staticfield java/lang/Boolean FALSE Ljava/lang/Boolean; java/lang/Boolean
staticfield java/lang/Boolean TYPE Ljava/lang/Class; java/lang/Class
ciInstanceKlass java/lang/Character 1 1 550 7 100 10 9 9 10 10 10 10 10 3 3 3 3 3 10 10 3 11 11 10 10 100 10 10 3 10 10 10 100 8 100 10 10 10 10 10 10 10 10 10 10 10 10 10 10 10 10 10 10 10 10 10 10 10 10 10 10 10 10 10 10 10 10 10 10 10 10 10 10 10 10 10 10 10 10 10 5 0 10 10 10 10 10 10 10 10 10 10 9 100 10 10 10 3 10 10 10 100 10 10 10 10 8 10 9 10 10 10 10 10 10 10 10 10 100 8 10 10 8 10 9 100 100 100 1 1 100 1 100 1 100 1 1 1 1 3 1 3 1 1 3 1 3 1 1 1 1 1 1 1 3 1 1 3 1 3 1 3 1 3 1 3 1 3 1 3 1 3 1 3 1 3 1 3 1 3 1 3 1 3 1 3 1 3 1 3 1 3 1 3 1 3 1 3 1 3 1 3 1 3 1 3 1 3 1 3 1 3 1 1 1 1 1 1 1 1 1 1 1 1 1 1 1 1 1 1 1 3 1 1 1 1 1 1 1 3 1 1 3 1 1 1 1 1 3 1 1 1 5 0 1 1 1 1 1 1 1 1 1 1 1 1 1 1 1 1 1 1 1 1 1 1 1 1 1 1 1 1 1 1 1 1 1 1 1 1 1 1 1 1 1 1 1 1 1 1 1 1 1 1 1 1 1 1 1 1 1 1 1 1 1 1 1 1 1 1 1 1 1 1 1 1 1 1 1 1 1 1 1 1 1 1 1 1 1 1 1 1 1 1 1 1 1 1 1 1 1 1 1 1 1 1 1 1 1 1 1 1 1 1 1 1 1 1 1 1 1 1 1 1 1 1 1 1 1 1 1 1 1 1 1 1 1 1 1 1 1 1 1 1 1 1 1 1 1 7 1 1 1 1 1 1 1 1 1 1 1 1 1 12 12 12 12 12 12 12 12 12 12 7 12 12 12 12 1 12 12 12 12 1 1 1 100 12 12 12 12 12 12 12 12 7 12 12 12 12 12 12 12 12 12 12 12 12 12 12 12 12 12 12 12 12 12 12 12 12 12 12 12 12 12 12 12 1 12 12 100 12 12 12 1 12 12 12 1 12 100 12 12 12 12 12 12 12 1 1 12 7 12 1 12 12 1 1 1 1 1 1 1 1 1 1 1 1 1 1 1 1 1 1 1 1 1 1 1 1 1 1 1 1 1 1 1 1 1 1 1 1 1 1 1 1 1 1 1 1 1 1
staticfield java/lang/Character TYPE Ljava/lang/Class; java/lang/Class
staticfield java/lang/Character $assertionsDisabled Z 1
instanceKlass java/math/BigDecimal
instanceKlass java/math/BigInteger
instanceKlass java/util/concurrent/atomic/AtomicLong
instanceKlass java/util/concurrent/atomic/AtomicInteger
instanceKlass java/lang/Long
instanceKlass java/lang/Integer
instanceKlass java/lang/Short
instanceKlass java/lang/Byte
instanceKlass java/lang/Double
instanceKlass java/lang/Float
ciInstanceKlass java/lang/Number 1 1 37 10 10 100 7 100 1 1 1 5 0 1 1 1 1 1 1 1 1 1 1 1 1 1 1 1 1 1 1 1 1 1 12 12 1 1 1
ciInstanceKlass java/lang/Float 1 1 192 7 100 10 10 4 100 10 10 8 8 10 10 10 10 4 4 4 10 9 10 10 10 10 10 10 3 10 10 10 10 8 10 9 7 100 1 1 1 1 1 4 1 1 1 4 1 1 3 1 3 1 3 1 3 1 1 1 1 1 1 1 5 0 1 1 1 1 1 1 1 1 1 1 1 1 1 100 1 1 1 1 1 1 1 1 1 1 1 1 1 1 1 1 1 1 1 1 1 1 1 1 1 1 1 1 1 1 1 1 1 1 1 1 1 1 1 1 1 1 1 1 1 1 1 1 1 1 1 1 1 1 1 1 1 1 1 1 1 1 1 1 1 1 1 1 7 12 100 12 1 12 12 1 1 100 12 12 12 12 12 12 12 12 12 12 12 12 12 12 12 1 7 12 12 1 1 1 1 1 1 1 1 1 1 1 1 1 1 1 1 1
staticfield java/lang/Float TYPE Ljava/lang/Class; java/lang/Class
ciInstanceKlass java/lang/Double 1 1 254 7 100 10 10 10 100 10 10 6 0 8 10 8 10 8 6 0 10 100 5 0 5 0 8 8 10 10 8 10 8 8 8 10 10 10 10 10 10 10 10 6 0 6 0 6 0 10 9 10 10 10 10 5 0 10 10 10 10 8 10 9 7 100 1 1 1 1 1 6 0 1 1 1 6 0 1 1 3 1 3 1 3 1 3 1 1 1 1 1 1 1 5 0 1 1 1 1 1 1 1 1 1 1 1 1 1 1 1 100 1 1 1 1 100 1 1 1 1 1 1 1 1 1 1 1 1 1 1 1 1 1 1 1 1 1 1 1 1 1 1 1 1 1 1 1 1 1 1 1 1 1 1 1 1 1 1 1 1 1 1 1 1 1 1 1 1 1 1 1 1 1 1 1 1 1 1 1 1 1 1 1 1 100 12 12 12 1 12 100 12 1 12 1 12 1 12 1 1 1 100 12 12 1 12 1 1 1 12 12 12 12 12 12 12 12 12 12 12 12 12 12 12 12 12 1 7 12 12 1 1 1 1 1 1 1 1 1 1 1 1 1 1 1 1 1 1 1 1 1 1 1 1 1
staticfield java/lang/Double TYPE Ljava/lang/Class; java/lang/Class
ciInstanceKlass java/lang/Byte 1 1 178 7 10 9 10 100 100 10 8 10 8 10 10 10 10 10 10 10 10 8 8 10 9 10 10 10 10 10 5 0 10 8 10 9 7 100 7 1 1 1 1 1 3 1 3 1 1 1 1 1 1 1 3 1 3 1 1 5 0 1 1 1 1 1 1 1 1 1 1 1 1 1 1 1 1 1 1 1 1 1 1 1 1 1 1 1 1 1 1 1 1 1 1 1 1 1 1 1 1 1 1 1 1 1 1 1 1 1 1 1 1 1 1 1 1 1 1 1 1 1 1 1 1 1 1 1 1 1 1 1 100 12 12 12 1 1 12 1 12 1 12 12 12 12 12 12 12 12 1 1 12 12 12 12 12 12 12 1 7 12 12 1 1 1 1 1 1 1 1 1 1 1 1 1 1 1 1 1
staticfield java/lang/Byte TYPE Ljava/lang/Class; java/lang/Class
ciInstanceKlass java/lang/Short 1 1 186 7 100 10 10 100 100 10 8 10 8 10 10 10 10 10 10 9 10 10 10 8 8 10 9 10 10 10 10 10 3 3 5 0 10 8 10 9 7 100 7 1 1 1 1 1 3 1 3 1 1 1 1 1 1 1 3 1 3 1 1 5 0 1 1 1 1 1 1 1 1 1 1 1 1 1 1 1 1 1 1 1 1 1 1 1 1 1 1 1 1 1 1 1 1 1 1 1 1 1 1 1 1 1 1 1 1 1 1 1 1 1 1 1 1 1 1 1 1 1 1 1 1 1 1 1 1 1 1 1 1 1 1 1 1 1 1 100 12 12 1 1 12 1 12 1 12 12 12 12 12 12 12 12 12 12 1 1 12 12 12 12 12 12 12 1 7 12 12 1 1 1 1 1 1 1 1 1 1 1 1 1 1 1 1 1
staticfield java/lang/Short TYPE Ljava/lang/Class; java/lang/Class
ciInstanceKlass java/lang/Integer 1 1 417 7 100 7 7 10 9 9 10 10 10 10 10 10 10 10 10 10 10 10 10 10 10 10 9 9 100 8 10 100 10 8 10 10 8 10 8 10 3 10 3 10 10 10 7 11 100 10 11 10 8 10 8 100 10 10 5 0 8 10 10 10 10 7 9 9 10 10 9 10 10 10 10 100 100 10 10 8 8 10 8 8 8 8 8 8 10 10 10 5 0 3 3 3 3 10 3 10 10 8 10 9 3 3 3 3 3 3 9 7 100 1 1 1 1 1 1 1 1 1 1 1 1 1 1 1 1 1 1 1 3 1 3 1 1 5 0 1 1 1 1 1 1 1 1 1 1 1 1 100 1 1 1 1 1 1 1 1 1 1 1 1 1 1 1 1 1 1 1 1 1 1 1 1 1 1 1 1 1 1 1 1 1 1 1 1 1 1 1 1 1 1 1 1 1 1 1 1 1 1 1 1 1 1 1 1 1 1 1 1 1 1 1 1 1 1 1 1 1 1 1 1 1 1 1 1 1 1 1 1 1 1 1 1 1 100 1 1 1 1 1 1 1 1 1 1 1 1 1 1 1 1 1 1 1 1 1 1 1 1 1 1 1 1 1 1 1 1 1 1 1 1 1 1 1 1 1 1 1 1 1 12 12 12 7 12 12 100 12 12 100 12 12 12 7 12 12 12 12 12 12 12 12 12 1 1 12 1 12 1 12 12 1 12 1 12 12 12 12 7 12 1 1 12 1 12 1 1 12 12 1 12 12 12 12 1 12 12 12 12 12 12 12 7 12 1 1 12 12 1 1 12 1 1 1 1 1 1 12 12 12 12 12 12 1 7 12 12 12 1 1 1 1 1 1 1 1 1 1 1 1 1 1 1 1 1 1 1 1 1 1 1 1 1 1 1 1 1 1 1 1 1 1 1 1 1 1 1 1 1 1 1 1 1 1 1 1
staticfield java/lang/Integer TYPE Ljava/lang/Class; java/lang/Class
staticfield java/lang/Integer digits [C 36
staticfield java/lang/Integer DigitTens [B 100
staticfield java/lang/Integer DigitOnes [B 100
staticfield java/lang/Integer sizeTable [I 10
ciInstanceKlass java/lang/Long 1 1 482 7 100 7 7 10 9 9 10 10 10 10 10 10 10 10 5 0 5 0 100 10 10 10 10 10 10 10 10 10 10 10 10 10 10 10 10 10 10 10 10 7 5 0 5 0 9 9 5 0 100 8 10 8 10 8 8 10 5 0 10 5 0 10 10 10 100 11 100 10 11 10 8 10 8 100 10 10 8 8 11 10 10 10 5 0 5 0 9 10 10 8 8 10 8 8 8 8 8 8 10 10 10 10 9 10 10 10 100 100 10 10 10 10 10 10 10 5 0 5 0 5 0 10 5 0 5 0 10 10 10 8 10 9 7 100 7 1 1 1 1 1 1 5 0 1 1 1 1 1 1 1 3 1 3 1 5 0 1 1 1 1 1 1 1 1 1 1 1 1 1 100 1 1 1 1 1 1 1 1 1 1 1 1 1 1 1 1 1 1 1 1 1 1 1 1 1 1 1 1 1 1 1 1 1 1 1 1 1 1 1 1 1 1 1 1 1 1 1 1 1 1 1 1 1 1 1 1 1 1 1 1 1 1 1 1 1 1 1 1 1 1 1 1 1 1 1 1 1 1 1 1 1 1 1 1 1 1 1 1 1 1 1 1 1 1 1 1 1 1 1 1 1 1 1 1 100 1 1 1 1 1 1 1 1 1 1 1 1 1 1 1 1 1 1 1 1 1 1 1 1 1 1 1 1 1 1 1 1 1 1 1 1 1 1 1 1 1 1 12 12 12 100 12 12 100 12 12 12 12 12 1 12 12 12 12 12 12 100 12 12 12 12 12 12 100 12 12 12 12 12 12 12 1 12 12 1 1 12 1 12 1 1 12 12 12 12 100 12 1 1 12 1 12 1 1 12 12 1 1 12 12 12 12 12 12 12 1 1 12 1 1 1 1 1 1 12 12 12 12 12 12 100 12 1 1 12 12 12 12 12 12 12 12 12 12 1 7 12 12 1 1 1 1 1 1 1 1 1 1 1 1 1 1 1 1 1 1 1 1 1 1 1 1 1 1 1 1 1 1 1 1 1 1 1 1 1 1 1 1 1 1 1 1 1 1 1 1 1 1 1 1 1 1 1 1 1 1 1 1 1 1
staticfield java/lang/Long TYPE Ljava/lang/Class; java/lang/Class
ciInstanceKlass java/util/Iterator 1 1 53 100 8 10 10 11 11 11 7 100 1 1 1 1 1 1 1 1 1 1 1 1 1 1 1 1 1 1 1 1 1 1 1 1 1 1 12 7 12 12 12 7 12 1 1 1 1 1 1 1 1 1 1
ciInstanceKlass java/lang/NullPointerException 1 1 26 10 10 100 100 1 1 1 5 0 1 1 1 1 1 1 1 1 1 1 1 1 12 12 1 1
ciInstanceKlass java/lang/ArithmeticException 1 1 26 10 10 100 100 1 1 1 5 0 1 1 1 1 1 1 1 1 1 1 1 1 12 12 1 1
ciInstanceKlass java/util/Collection 1 1 115 11 100 11 10 11 11 11 11 11 10 11 10 7 100 100 1 1 1 1 1 1 1 1 1 1 1 1 1 1 1 1 1 1 1 1 1 1 1 1 1 1 1 1 1 1 1 1 1 1 1 1 1 1 1 1 1 1 1 1 1 1 100 1 1 1 1 1 1 1 1 1 1 1 1 1 1 1 1 100 12 1 12 100 12 12 12 12 100 12 12 100 12 12 7 12 1 1 1 1 1 1 1 1 1 1 1 1 1 1 1 1 1 1 1
ciInstanceKlass java/util/Set 1 1 138 100 10 10 7 10 10 7 7 10 7 7 7 10 10 11 100 1 1 1 1 1 1 1 1 1 1 1 1 1 1 1 1 1 1 1 1 1 1 1 1 1 1 1 1 1 1 1 1 1 1 1 1 1 1 1 1 1 1 1 1 1 1 1 1 1 1 1 1 1 1 1 1 1 1 1 1 1 1 1 1 1 1 1 1 1 1 1 1 1 1 1 1 1 1 1 1 1 1 1 1 1 1 1 1 1 1 1 7 12 7 12 1 1 1 12 12 1 1 1 12 1 1 1 1 12 12 12 1 1 1 1 1 1 1 1 1 1
instanceKlass java/util/LinkedHashMap$LinkedValues
instanceKlass java/util/AbstractQueue
instanceKlass java/util/IdentityHashMap$Values
instanceKlass java/util/HashMap$Values
instanceKlass java/util/ArrayDeque
instanceKlass java/util/AbstractList
instanceKlass java/util/AbstractSet
instanceKlass java/util/ImmutableCollections$AbstractImmutableCollection
ciInstanceKlass java/util/AbstractCollection 1 1 173 100 10 10 10 11 11 10 7 10 10 10 10 10 7 10 7 3 10 100 8 10 3 100 10 11 11 10 10 10 11 8 100 10 10 8 10 10 7 1 1 1 1 1 1 1 1 1 1 1 1 1 1 1 1 1 1 1 1 1 1 1 1 1 1 1 1 7 1 1 1 1 1 1 1 1 1 1 1 1 1 1 1 1 1 1 1 1 1 1 1 1 1 1 1 1 1 1 1 1 1 1 1 1 1 1 1 1 1 1 1 1 1 12 12 12 12 12 12 1 100 12 12 12 7 12 7 12 100 12 1 12 1 1 12 1 12 12 12 100 12 1 1 12 1 12 12 1 1 1 1 1 1 1 1 1 1 1 1 1 1 1 1 1 1 1 1 1 1 1 1 1 1
ciInstanceKlass java/util/Objects 1 1 140 10 100 8 10 10 10 10 10 10 10 11 100 10 10 8 10 8 100 11 8 100 10 10 10 7 7 1 1 1 1 1 1 1 1 1 1 1 1 1 1 1 1 1 1 1 1 1 1 1 1 1 1 1 1 1 1 1 1 1 1 1 1 1 1 1 1 1 1 1 1 1 1 1 1 1 1 1 1 1 1 1 1 1 1 1 1 1 1 1 1 1 1 1 1 1 1 1 1 1 12 1 1 12 12 7 12 12 12 12 12 100 12 1 12 12 1 12 1 1 7 12 12 12 1 1 1 1 1 1 1 1 1 1 1 1 1 1 1 1
instanceKlass java/lang/ProcessEnvironment$CheckedEntrySet
instanceKlass java/util/Collections$SingletonSet
instanceKlass java/util/LinkedHashMap$LinkedKeySet
instanceKlass java/util/TreeMap$KeySet
instanceKlass java/util/TreeSet
instanceKlass java/util/IdentityHashMap$KeySet
instanceKlass java/util/EnumSet
instanceKlass java/util/HashMap$EntrySet
instanceKlass java/util/HashMap$KeySet
instanceKlass java/util/WeakHashMap$KeySet
instanceKlass java/util/Collections$SetFromMap
instanceKlass java/util/Collections$EmptySet
instanceKlass java/util/HashSet
ciInstanceKlass java/util/AbstractSet 1 1 96 10 100 100 11 10 10 100 100 10 11 11 10 10 11 10 11 11 100 7 1 1 1 1 1 1 1 1 1 1 1 1 1 1 1 1 1 1 1 100 1 1 1 1 1 1 1 1 1 100 1 1 1 1 1 1 1 1 1 1 1 12 1 1 12 12 1 1 12 12 12 100 12 100 12 12 12 12 1 1 1 1 1 1 1 1 1 1 1 1 1 1 1 1 1 1
instanceKlass java/util/LinkedHashSet
ciInstanceKlass java/util/HashSet 1 1 272 10 7 10 9 11 4 10 10 10 10 7 10 10 11 10 10 10 9 10 10 10 10 7 10 100 100 10 10 10 10 10 10 11 11 10 10 10 100 100 10 8 10 10 10 10 10 10 8 10 4 10 4 10 8 4 10 100 10 11 100 10 100 10 7 10 7 7 100 100 1 1 1 5 0 1 1 1 1 1 1 1 1 1 1 1 1 1 1 1 1 1 1 1 1 1 1 1 1 1 1 1 1 1 1 1 1 1 1 1 1 1 1 1 1 1 1 1 1 1 1 1 1 1 1 1 1 1 1 100 1 100 1 1 1 1 1 100 100 1 1 1 1 1 1 1 12 1 12 7 12 7 12 12 12 12 1 12 12 12 12 12 12 12 12 12 1 1 1 12 100 12 12 12 12 12 12 12 12 12 12 1 1 1 12 12 12 12 12 100 12 1 12 12 12 1 100 12 100 1 1 1 12 100 12 1 12 1 1 12 1 1 1 1 1 1 1 1 1 1 1 1 1 1 1 1 1 1 1 1 1 1 1 1 1 1 1 1 1 1 1 1 100 1 1 1 1 1 1 1 1 1 1 1 1 1 1 1 1 1 1 1 100 1 1 1 1 1 1 1 1 1
staticfield java/util/HashSet PRESENT Ljava/lang/Object; java/lang/Object
instanceKlass java/util/Collections$SingletonMap
instanceKlass java/util/TreeMap
instanceKlass org/aspectj/apache/bcel/util/ClassLoaderRepository$SoftHashMap
instanceKlass java/util/IdentityHashMap
instanceKlass java/util/EnumMap
instanceKlass java/util/WeakHashMap
instanceKlass java/util/ImmutableCollections$AbstractImmutableMap
instanceKlass java/util/Collections$EmptyMap
instanceKlass sun/util/PreHashedMap
instanceKlass java/util/concurrent/ConcurrentHashMap
instanceKlass java/util/HashMap
ciInstanceKlass java/util/AbstractMap 1 1 192 10 10 11 10 11 11 11 7 11 10 11 100 10 11 11 10 11 9 100 10 9 100 10 7 11 11 11 100 100 11 8 100 10 10 8 10 10 10 7 7 100 1 1 100 1 1 1 1 1 1 1 1 1 1 1 1 1 1 1 1 1 1 1 1 1 1 1 1 1 1 1 1 1 1 1 1 1 7 1 1 1 1 1 1 1 1 1 1 1 1 1 1 1 1 1 1 1 1 1 1 1 7 1 1 1 100 1 1 1 1 1 1 1 1 1 1 1 1 1 1 1 1 1 1 1 1 1 1 100 1 1 1 1 1 1 1 1 100 100 12 12 12 12 12 12 1 12 12 12 1 12 12 12 12 1 12 12 1 1 12 12 1 1 12 1 1 12 1 12 12 12 1 1 1 1 1 1 1 1 1 1 1 1 1 1 1 1 1 1 1 1
instanceKlass java/lang/ProcessEnvironment
instanceKlass java/util/LinkedHashMap
ciInstanceKlass java/util/HashMap 1 1 590 10 100 10 100 10 100 11 11 11 10 7 3 10 100 100 10 8 10 10 10 10 10 8 10 9 10 9 4 10 10 11 9 4 10 11 11 11 11 7 11 11 10 10 9 10 9 9 9 10 9 7 10 10 10 10 10 9 10 7 3 7 10 10 9 9 10 10 10 10 9 7 10 9 7 10 9 7 10 100 10 11 100 10 11 11 10 100 100 10 10 10 10 10 10 10 8 10 100 10 4 10 4 10 10 10 8 4 10 100 11 10 10 10 10 7 7 100 100 1 1 100 1 100 1 100 1 100 1 100 1 100 1 100 1 100 1 100 1 1 1 1 1 1 1 1 5 0 1 1 3 1 1 1 1 3 1 3 1 3 1 1 1 1 1 1 1 1 1 1 1 1 1 1 1 1 1 1 1 1 1 1 1 1 1 1 1 1 1 1 1 1 1 1 1 100 7 100 1 1 1 1 1 1 1 1 1 1 1 1 1 1 1 1 1 1 1 1 1 1 1 1 1 1 1 1 1 1 1 1 1 1 1 7 1 1 1 1 1 1 1 1 1 1 1 1 1 100 1 1 1 1 1 1 1 1 1 1 1 1 1 1 1 1 1 1 1 1 1 1 1 1 1 1 1 1 1 1 1 1 1 1 1 1 1 1 1 1 1 1 1 1 1 1 1 1 1 1 1 7 1 1 1 1 1 1 100 1 1 1 1 1 1 1 1 1 1 1 1 1 1 1 1 1 1 1 100 1 1 1 1 1 1 7 1 1 1 1 1 1 1 1 1 1 1 100 1 1 1 1 1 1 1 1 1 1 1 1 1 1 1 1 100 1 1 1 1 1 100 1 1 1 1 100 100 1 1 1 1 1 1 1 1 1 1 1 1 1 1 1 1 1 1 1 1 100 1 1 1 1 12 1 12 1 12 1 12 12 12 12 1 12 1 1 1 12 12 12 12 7 12 1 12 12 12 12 12 12 12 12 12 12 12 12 12 1 12 12 12 12 12 12 12 12 12 12 12 1 12 12 12 12 12 12 12 1 1 12 12 12 12 12 12 12 12 1 12 12 1 12 1 1 12 1 12 12 12 1 1 12 12 12 12 12 12 12 12 1 100 12 12 12 12 1 100 12 1 100 12 12 12 12 1 1 1 1 1 1 1 1 1 1 1 1 1 1 1 1 1 1 1 1 1 1 1 1 1 1 1 1 1 1 1 1 1 1 1 1 1 1 1 1 1 1 1 1 1 1 1 1 1 1 1 1 1 1 1 1 1 1 1 1 1 1 1 1 1 1 1 1 1 1 1 1 1 1 1 1 1 1 1 1 1 1 1 1 1 1 1 1
ciInstanceKlass java/lang/StringLatin1 1 1 314 7 10 100 10 10 10 10 10 10 10 10 10 10 10 10 10 9 10 10 10 10 10 10 10 100 10 10 10 8 8 8 10 10 10 7 10 10 10 10 10 10 10 10 10 10 10 8 10 100 10 10 10 10 10 7 100 100 1 1 1 1 1 1 1 1 1 1 1 1 1 1 1 1 1 1 1 1 1 1 1 1 1 1 1 1 1 1 1 1 1 1 1 1 1 1 1 1 1 1 1 1 1 1 1 1 1 1 1 1 1 1 1 1 1 1 1 1 1 1 1 1 1 100 1 1 1 1 1 1 1 1 1 1 1 1 1 1 1 1 1 1 1 1 1 1 1 1 1 1 1 1 1 1 1 1 1 1 1 1 1 1 1 1 1 1 1 1 1 1 1 1 1 1 1 1 1 1 1 1 100 7 1 1 1 1 1 1 1 1 1 1 1 1 1 1 1 1 1 1 1 1 1 1 1 1 1 1 1 1 1 1 1 1 1 1 1 1 1 12 1 12 12 7 12 12 7 12 12 7 12 12 12 12 12 100 12 12 12 12 12 12 12 12 1 12 12 1 1 1 12 100 12 12 1 12 12 12 12 12 12 12 12 12 12 1 12 1 12 100 12 7 12 12 1 1 1 1 1 1 1 1 1 1 1 1 1 1 1 1 1 1 1 1 1 1 1 1 1 1 1 1 1 1 1 1 1 1 1 1 1 1 1 1
ciInstanceKlass java/util/Arrays 1 1 1057 10 100 100 10 8 10 10 8 8 10 10 100 10 10 10 10 10 10 10 10 10 7 10 100 10 10 100 10 10 100 10 10 100 10 10 100 10 10 100 10 10 100 10 10 9 10 100 10 10 10 100 10 10 7 9 10 10 10 10 10 10 7 11 10 10 10 10 10 10 10 10 11 10 100 10 10 100 10 10 100 10 10 100 10 10 10 10 10 10 10 10 10 10 10 10 10 10 10 10 10 10 10 10 10 10 10 10 10 10 10 10 10 10 10 7 10 10 8 7 10 10 10 10 9 100 10 9 100 10 9 100 10 9 100 10 9 100 10 9 100 10 9 100 10 100 10 10 9 100 10 10 10 10 10 10 10 10 10 10 10 8 8 10 10 8 10 10 10 10 100 3 10 100 10 10 11 10 10 10 10 10 10 10 10 10 11 8 10 11 11 11 11 18 11 11 18 11 18 11 18 100 10 10 10 10 10 10 10 10 10 10 10 10 10 10 10 10 10 10 10 10 10 10 10 10 10 10 10 10 10 10 10 10 10 100 1 1 1 7 1 100 1 1 1 1 3 1 3 1 1 1 1 1 1 1 1 1 1 1 1 1 1 1 1 1 1 1 1 1 1 1 1 1 1 1 1 1 1 1 1 1 1 1 1 1 1 1 1 1 1 1 1 1 1 1 1 1 1 1 1 1 1 1 100 1 1 1 1 1 1 1 1 1 1 1 1 1 1 1 1 1 1 1 1 1 1 1 1 1 1 1 1 1 1 1 1 1 1 1 1 1 1 1 1 1 1 1 1 1 1 1 1 1 1 1 1 1 1 1 1 1 1 1 1 1 1 1 1 1 1 1 1 1 1 1 1 1 1 1 1 1 1 1 1 1 1 1 1 1 1 1 1 1 1 1 1 1 1 1 1 1 1 1 1 1 1 1 1 1 1 1 1 1 1 1 1 1 1 1 1 1 1 1 1 1 1 1 1 1 1 1 1 1 1 1 1 1 1 1 1 1 1 1 1 1 1 1 1 1 1 1 1 1 1 1 1 1 1 1 1 1 1 1 1 1 1 1 1 1 1 1 1 1 1 1 1 1 1 1 1 1 1 1 1 1 1 1 1 1 1 1 1 1 1 7 1 1 1 1 1 1 1 1 1 1 1 1 1 1 1 1 1 1 1 1 1 1 1 1 1 1 1 1 1 1 1 1 1 1 1 1 1 1 1 1 1 1 1 1 1 1 1 1 1 1 1 100 1 1 1 100 1 1 1 100 1 1 1 1 1 1 1 1 1 1 1 1 1 1 1 1 1 1 1 1 1 1 1 1 1 1 1 1 1 1 1 1 1 1 1 1 1 1 1 1 1 1 1 1 1 1 1 1 1 1 1 1 1 1 1 1 1 1 12 1 1 1 12 12 1 1 12 12 1 12 100 12 12 12 12 12 12 12 12 1 100 12 100 1 1 1 12 12 100 1 1 12 100 1 1 12 100 1 1 12 100 1 1 12 100 1 1 12 100 1 1 12 12 7 12 100 1 1 12 12 7 12 12 12 12 7 12 100 12 12 12 12 1 12 12 7 12 12 12 100 12 12 12 12 7 12 100 1 1 12 1 1 12 1 1 12 1 1 12 12 12 12 12 12 12 100 12 12 100 12 12 12 100 12 12 12 12 12 12 12 12 12 12 12 12 12 12 12 12 12 12 1 7 12 12 1 1 12 12 12 12 100 12 12 12 100 12 100 12 100 12 100 12 12 12 12 12 1 12 12 12 12 12 12 12 12 12 12 1 1 12 12 1 12 12 12 100 12 1 1 12 100 12 12 12 12 12 12 12 12 12 12 12 1 12 100 12 100 12 12 1 15 16 15 12 12 100 12 15 12 100 12 15 12 100 12 15 12 1 7 12 12 12 12 12 12 12 12 12 12 7 12 12 12 12 12 12 12 12 12 12 12 12 12 12 12 12 12 12 12 12 12 12 12 1 1 1 1 1 1 1 1 1 1 1 1 1 1 1 1 1 1 1 1 1 1 1 1 100 1 1 1 1 1 1 1 1 1 1 1 1 1 1 1 1 1 1 1 1 1 1 1 1 1 1 1 1 1 1 1 1 1 1 1 1 1 1 1 1 1 1 1 1 1 1 1 1 1 1 1 1 1 1 1 1 1 1 1 1 1 1 1 1 1 1 1 1 1 1 1 1 1 1 1 1 1 1 1 1 1 1 1 1 1 1 1 1 1 1 1 1 1 1 1 1 1 1 1 1 1 10 10 1 1 1 1 1 1 1 10 1 1 1 1 10 1 1 1 1 10 1 1 1 1 1 1 1 1 1 1 1 1 1 1 1 1 1 1 1 1 1 1 1 1 1 1 1 100 12 12 12 12 12 1 1 100 1 1 100 1 1
staticfield java/util/Arrays $assertionsDisabled Z 1
ciInstanceKlass java/lang/StringUTF16 1 1 532 100 7 10 100 10 7 3 100 100 10 8 10 10 8 10 10 9 10 100 8 10 9 9 10 10 10 10 10 10 10 10 10 10 10 10 10 10 10 10 10 10 100 10 10 10 10 10 10 10 10 10 10 10 10 7 3 10 10 10 10 10 10 10 9 10 10 10 10 100 10 10 10 10 10 8 8 8 10 10 10 10 10 10 10 10 10 10 10 10 10 10 10 10 8 10 100 10 10 10 10 11 10 10 10 9 9 5 0 5 0 10 10 10 10 10 100 100 1 1 100 1 1 1 1 1 1 1 1 1 1 1 1 1 1 1 1 1 1 1 1 1 1 1 1 1 1 1 1 1 1 1 1 1 1 1 1 1 1 1 1 1 1 1 1 1 1 1 1 1 1 1 1 1 1 1 1 100 1 1 1 1 1 1 1 1 1 1 1 1 1 1 1 1 1 1 1 1 1 1 1 1 1 1 1 1 1 1 1 1 1 1 1 1 1 1 1 1 1 1 1 1 1 1 1 1 1 1 1 1 1 1 1 1 1 1 1 1 1 1 1 1 1 1 1 1 1 1 1 1 1 1 1 1 1 1 1 1 1 1 1 1 1 1 1 1 1 1 1 1 1 1 1 1 100 100 1 1 1 1 1 1 1 1 1 1 1 1 1 1 1 1 1 1 1 1 1 1 1 1 1 1 1 1 1 1 1 1 1 1 1 1 1 1 1 1 1 1 1 1 1 1 1 1 1 1 1 1 1 1 1 1 1 1 1 1 1 1 1 1 1 1 1 1 1 1 1 1 1 1 1 1 1 1 1 1 1 1 1 1 12 1 1 1 1 1 12 12 1 12 12 12 12 1 1 12 12 12 12 12 12 12 12 12 12 12 12 12 12 12 12 12 12 12 12 1 12 12 12 12 12 100 12 100 12 12 12 12 12 1 12 12 12 12 12 12 12 12 12 12 12 12 1 12 12 100 12 12 1 1 1 12 12 12 12 100 12 12 12 12 12 12 12 12 7 12 12 12 12 1 12 1 12 100 12 12 12 100 12 12 12 12 12 12 12 12 12 7 12 12 1 1 1 1 1 1 1 1 1 1 1 1 1 1 1 1 1 1 1 1 1 1 1 1 1 1 1 1 1 1 1 1 1 1 1 1 1 1 1 1 1 1 1 1 1 1 1 1 1 1 1 1 1 1 1 1 1 1 1 1 1 1
staticfield java/lang/StringUTF16 HI_BYTE_SHIFT I 0
staticfield java/lang/StringUTF16 LO_BYTE_SHIFT I 8
staticfield java/lang/StringUTF16 $assertionsDisabled Z 1
instanceKlass java/util/LinkedHashMap$Entry
ciInstanceKlass java/util/HashMap$Node 1 1 95 10 9 9 9 9 100 10 10 8 10 10 10 100 11 10 11 7 7 1 1 1 1 1 1 1 1 1 1 1 1 1 1 1 1 1 1 1 1 1 1 1 1 1 1 1 1 1 1 1 1 1 1 1 1 1 1 1 1 1 1 1 1 1 1 1 100 12 12 12 12 12 1 12 1 12 12 100 12 100 1 12 12 12 1 1 1 1 1 1 1 1 1 1 1
ciInstanceKlass java/util/Collections 1 1 847 10 11 7 11 7 10 10 11 100 11 11 10 11 11 11 10 10 10 11 10 11 11 9 100 10 10 10 11 10 11 100 8 10 11 11 11 10 10 10 10 11 10 10 10 100 10 7 10 100 10 100 10 7 10 100 10 7 10 100 10 100 10 100 10 10 7 10 10 100 10 100 10 100 10 100 10 10 10 7 10 100 10 100 10 100 10 10 100 100 10 100 10 100 10 100 10 100 10 100 10 100 10 100 10 100 10 9 9 9 9 9 9 9 9 7 10 7 10 7 10 7 10 7 10 100 100 10 8 10 10 10 10 100 10 9 9 100 9 10 7 10 100 10 11 11 10 100 11 11 11 7 10 100 10 100 10 7 10 7 10 7 10 7 1 1 1 1 100 1 1 1 1 1 1 1 1 7 1 100 1 7 1 1 1 1 1 1 1 1 1 1 1 1 1 1 1 1 1 1 1 1 1 1 1 1 1 1 1 1 1 1 1 1 3 1 3 1 3 1 3 1 3 1 3 1 3 1 3 1 1 1 1 1 1 1 1 1 1 1 1 1 1 1 1 1 1 1 1 1 1 1 1 1 1 1 1 1 1 1 1 1 1 1 1 1 1 1 1 1 1 1 1 1 1 1 100 1 1 1 1 1 1 1 1 1 1 1 1 1 1 1 1 1 1 7 1 1 1 1 1 1 1 1 1 1 1 1 1 1 1 1 1 1 1 1 1 1 1 1 1 1 1 1 1 1 1 1 1 1 1 1 100 1 1 1 1 1 1 1 1 1 1 1 1 1 1 1 1 1 1 1 1 1 1 1 1 1 1 1 1 1 1 1 1 1 1 1 1 1 1 1 1 1 1 1 1 1 1 1 1 1 1 1 1 1 1 1 1 1 1 1 1 1 1 1 1 1 1 1 1 1 1 1 1 1 1 1 1 1 1 1 1 1 1 1 1 1 1 1 1 1 1 1 1 1 1 1 1 1 1 1 1 1 1 1 1 1 1 1 1 1 1 1 1 1 1 1 1 1 1 1 1 1 1 1 1 1 1 1 1 1 1 1 1 1 1 1 1 1 1 1 1 1 1 1 1 1 1 1 1 1 1 1 1 1 1 1 1 1 1 1 1 1 1 1 1 1 1 1 1 1 1 1 1 1 1 1 1 1 1 1 1 1 1 1 1 1 1 1 1 1 1 1 1 1 1 1 1 1 1 1 1 1 1 1 1 1 1 1 1 1 1 1 1 1 1 1 1 1 1 1 1 1 1 1 1 1 1 1 1 7 1 1 1 1 1 1 1 1 1 1 1 1 1 1 1 1 1 1 1 1 1 1 1 1 100 100 100 100 100 100 100 100 100 100 100 100 100 12 12 1 12 1 12 12 12 1 12 12 12 12 12 12 12 12 12 100 12 12 12 12 12 1 12 12 12 12 12 1 1 12 12 12 12 12 12 12 12 12 12 12 1 12 1 12 1 12 1 12 1 12 1 1 12 1 12 1 12 1 12 1 12 1 1 1 1 12 1 1 1 1 12 100 12 1 12 1 12 1 12 1 12 1 12 1 1 12 1 12 1 12 12 12 12 12 12 12 12 12 1 12 1 1 1 1 12 1 1 1 12 12 12 1 12 12 100 12 1 12 12 1 1 100 12 12 12 1 12 1 1 100 12 1 12 1 1 1 1 1 1 1 1 1 1 1 1 1 1 1 1 1 1 1 1 1 1 1 1 1 1 1 1 1 1 1 1 1 1 1 1 1 1 1 1 1 1 1 1 1 1 1 1 1 1 1 1 1 1 1 1 1 1 1 1 1 1 1 1 1 1 1 1 1 1 1 1 1 1 1 1 1 1 1 1 1 1 1 1 1 1 1 1 1 1 1 1 1 1 1 1 1 1 100 1 1 1 1 1 1 1 1 1 1 1 1 1
staticfield java/util/Collections EMPTY_SET Ljava/util/Set; java/util/Collections$EmptySet
staticfield java/util/Collections EMPTY_LIST Ljava/util/List; java/util/Collections$EmptyList
staticfield java/util/Collections EMPTY_MAP Ljava/util/Map; java/util/Collections$EmptyMap
ciInstanceKlass java/util/Collections$EmptySet 1 1 100 10 10 11 100 10 10 9 100 7 100 1 1 1 5 0 1 1 1 1 1 1 1 1 1 1 1 1 1 1 1 1 1 1 1 1 1 1 1 1 1 1 1 1 1 1 1 1 1 1 1 1 1 1 1 1 1 1 1 1 1 1 1 1 1 1 1 1 1 1 1 1 1 1 1 1 7 12 12 100 12 1 100 12 100 12 12 1 1 1 1 1 1 1 1 1 1 1 1 1
ciInstanceKlass java/util/List 1 1 212 10 11 11 11 11 11 11 10 100 100 10 100 10 10 7 10 10 7 7 10 10 100 100 1 1 1 1 1 1 1 1 1 1 1 1 1 1 1 1 1 1 1 1 1 1 1 1 1 1 1 1 1 1 1 1 1 1 1 1 1 1 1 1 1 1 100 1 1 1 1 1 1 1 1 1 1 1 100 100 1 1 1 1 1 1 1 1 1 1 1 1 1 1 1 1 1 1 1 1 1 1 1 1 1 1 1 1 1 1 1 1 1 1 1 1 1 1 1 1 1 1 1 1 1 1 1 1 1 1 1 1 1 1 1 1 1 1 1 1 1 1 1 1 1 1 1 1 1 1 1 1 1 1 1 1 100 12 12 12 12 100 12 12 12 100 12 1 100 1 1 1 12 1 100 12 7 12 1 1 12 12 1 1 1 12 12 1 1 1 1 1 1 1 1 1 1 1 1 1 1 1 1 1 1 1 1 1 1 1 1 1
instanceKlass java/util/Collections$SingletonList
instanceKlass java/util/AbstractSequentialList
instanceKlass java/util/Arrays$ArrayList
instanceKlass java/util/Vector
instanceKlass java/util/ArrayList
instanceKlass java/util/Collections$EmptyList
ciInstanceKlass java/util/AbstractList 1 1 218 10 9 10 10 100 10 10 11 11 11 10 10 11 11 11 10 10 11 11 11 100 10 100 10 10 100 100 10 100 10 100 100 10 8 10 10 10 10 8 100 8 8 8 10 100 11 10 10 11 10 8 8 7 7 1 1 1 100 1 1 1 1 1 1 1 1 1 1 1 1 1 1 1 1 1 1 1 1 1 1 1 1 1 1 1 1 1 1 1 1 1 1 1 1 1 1 1 100 1 1 1 1 1 1 1 1 1 100 1 1 1 1 1 1 1 1 1 1 1 1 1 1 1 1 1 1 1 1 1 1 1 100 1 1 1 1 1 1 1 1 1 1 1 1 1 1 100 12 12 12 12 1 12 12 12 12 12 12 12 12 12 12 12 100 12 1 12 1 12 12 1 1 12 1 1 1 1 12 12 12 12 1 1 1 1 1 1 12 12 12 1 1 1 1 1 1 1 1 1 1 1 1 1 1 1 1 1 1 1 1 1 1 1 1 1 1 1
instanceKlass java/io/ExpiringCache$1
ciInstanceKlass java/util/LinkedHashMap 1 1 280 9 9 9 9 10 7 10 10 9 9 9 10 100 10 10 10 10 9 9 10 10 10 10 10 10 10 10 9 10 9 7 10 9 7 10 9 100 10 100 10 11 100 10 11 7 7 100 100 1 1 100 1 100 1 100 1 1 1 1 1 1 1 1 5 0 1 1 1 1 1 1 1 1 1 1 1 1 1 1 1 1 1 1 1 1 1 1 1 1 1 1 1 1 1 1 7 1 1 1 1 1 1 1 1 1 1 1 1 1 1 1 1 1 1 1 1 1 1 1 1 1 1 1 1 1 1 1 1 1 1 1 1 1 1 1 1 1 100 1 1 1 1 1 1 1 1 1 1 1 1 1 1 1 100 1 1 1 1 1 1 1 1 1 100 1 1 1 1 1 1 1 1 1 1 100 1 1 1 1 1 1 100 1 1 1 1 1 1 1 1 1 1 1 1 1 1 1 1 1 1 1 1 1 1 12 12 12 12 12 1 12 12 12 12 12 12 1 12 12 12 12 12 100 12 12 12 12 12 12 12 12 12 12 1 12 12 1 12 1 1 100 12 1 100 12 1 1 1 1 1 1 1 1 1 1 1 1 1 1 1 1 1 1 1 1 1 1 1 1 1 1 1 1 1 1 1 1 1 1
ciInstanceKlass java/lang/module/ModuleDescriptor 1 1 482 10 9 100 10 9 9 9 11 9 9 11 9 9 9 11 18 11 11 11 11 9 9 9 9 9 9 9 9 10 10 10 100 10 10 10 8 10 10 10 10 10 10 10 10 7 10 11 10 10 10 11 10 8 8 10 11 8 8 8 8 8 8 7 10 100 8 10 7 10 11 11 10 100 10 10 10 10 8 10 18 11 11 8 10 11 7 100 11 11 10 10 11 11 11 100 10 10 10 9 10 10 7 10 10 7 1 1 100 1 7 1 7 1 7 1 7 1 7 1 1 1 1 1 1 1 1 1 1 1 1 1 1 1 1 1 1 1 1 1 1 1 1 1 1 1 1 1 1 1 1 1 1 1 1 1 7 1 1 1 1 1 1 1 1 1 1 1 1 1 1 1 1 1 1 1 1 1 1 1 1 1 1 1 1 1 1 1 1 1 1 1 1 1 1 1 1 1 1 1 1 1 1 1 1 1 1 1 1 1 100 1 1 1 1 1 1 1 1 1 1 1 1 1 1 1 1 1 1 1 1 1 1 1 1 1 1 1 1 1 1 1 1 1 1 1 1 1 1 100 1 1 1 1 1 1 1 1 1 1 100 100 100 12 12 1 12 12 12 12 12 12 12 12 12 12 12 1 15 16 15 16 12 100 12 12 12 12 12 12 12 12 12 12 12 12 7 12 12 12 1 12 12 1 12 12 12 12 12 100 12 12 1 12 100 12 12 12 12 1 1 12 12 1 1 1 1 1 1 1 12 1 1 12 1 12 12 12 12 1 100 12 100 12 12 12 1 12 15 16 12 12 1 100 12 12 1 1 12 12 100 12 12 12 12 12 1 12 12 100 12 12 7 12 1 7 12 1 1 1 1 1 1 1 1 1 1 1 1 1 1 1 1 1 1 1 1 1 10 1 10 1 1 1 1 1 1 1 1 1 1 1 1 1 1 1 1 1 1 1 1 1 1 1 1 1 1 1 1 1 1 1 1 1 1 1 1 1 1 1 10 1 1 1 1 1 1 1 1 1 1 1 1 1 1 1 1 1 1 1 1 1 1 1 1 1 1 1 1 1 1 100 12 12 1 1 100 1 1 100 1 1
staticfield java/lang/module/ModuleDescriptor $assertionsDisabled Z 1
ciInstanceKlass java/util/ArrayList 1 1 500 100 10 7 9 9 100 100 10 8 10 10 10 10 9 11 9 10 7 7 10 9 10 10 10 10 100 10 3 10 3 10 10 10 10 10 100 100 10 10 10 10 10 10 10 10 100 10 10 10 100 10 11 11 11 10 10 10 100 10 10 10 10 8 8 8 8 10 10 11 100 10 10 10 10 10 10 11 10 100 8 10 100 10 7 10 10 100 10 10 11 7 10 10 11 10 10 10 10 11 10 7 100 100 100 1 1 1 1 1 1 1 1 5 0 1 1 3 1 1 1 1 1 1 1 1 1 1 1 1 1 1 1 1 1 1 1 1 1 1 1 7 1 1 1 1 1 1 1 1 1 1 1 1 1 1 1 1 1 1 1 1 1 1 1 1 1 1 1 1 1 1 1 1 1 1 1 1 1 1 1 1 1 1 1 1 1 1 1 1 1 1 1 1 1 1 1 1 1 1 1 1 1 1 1 1 1 1 1 1 1 1 1 1 1 1 100 1 1 1 1 1 1 1 1 1 1 1 1 1 1 1 1 1 1 1 1 1 1 1 1 1 1 1 1 1 1 1 1 1 1 1 1 1 1 1 1 1 1 1 1 1 1 1 1 1 1 100 1 1 1 1 100 1 1 1 1 1 1 1 1 1 1 1 1 1 1 1 1 100 1 1 1 1 1 1 1 1 1 1 1 1 1 1 1 1 1 1 1 1 1 1 100 1 1 1 1 1 1 1 1 1 1 1 1 1 1 1 1 1 1 1 1 1 100 100 1 12 1 12 12 1 1 1 12 12 12 12 12 12 12 12 1 7 12 12 12 12 12 7 12 1 12 12 12 12 12 12 1 1 12 7 12 7 12 12 12 12 12 12 1 12 12 12 1 12 12 12 12 12 12 1 12 12 12 1 1 1 1 12 12 12 1 100 12 12 12 100 12 12 100 12 100 12 12 1 1 1 12 1 12 12 1 12 12 12 1 12 12 100 12 12 12 12 12 100 12 12 1 1 1 1 1 1 1 1 1 1 1 1 1 1 1 1 1 1 1 1 1 1 1 1 1 1 1 1 1 1 1 1 1 1 1 1 1 1 1 1 1 1 1 1 1 1 1 1 1 1 1 1 1 1 1 1 1 1 1 1 1 1
staticfield java/util/ArrayList EMPTY_ELEMENTDATA [Ljava/lang/Object; 0 [Ljava/lang/Object;
staticfield java/util/ArrayList DEFAULTCAPACITY_EMPTY_ELEMENTDATA [Ljava/lang/Object; 0 [Ljava/lang/Object;
instanceKlass java/util/HashMap$TreeNode
ciInstanceKlass java/util/LinkedHashMap$Entry 1 1 41 10 100 7 1 1 1 1 1 1 1 1 1 1 1 1 1 1 1 1 1 1 1 1 1 1 1 1 1 1 1 1 1 1 100 12 1 100 1 1 1
ciInstanceKlass java/util/HashMap$TreeNode 0 0 250 100 10 9 9 100 9 9 9 10 100 10 9 9 9 10 10 10 10 10 10 10 10 10 9 10 10 10 10 9 10 10 10 10 10 10 10 100 1 1 1 1 1 1 1 1 1 1 1 1 1 100 1 1 1 1 1 1 1 1 1 1 1 1 1 1 1 1 1 1 1 1 1 1 1 1 1 1 1 1 1 1 1 1 1 1 100 1 1 1 1 1 1 1 1 1 1 1 1 1 1 100 100 1 1 1 1 1 1 1 1 1 1 1 1 1 1 1 1 1 1 1 1 1 1 1 1 1 1 1 1 1 1 1 1 1 1 1 1 1 1 1 1 1 1 1 1 1 1 1 1 1 1 1 1 1 1 1 1 1 1 1 1 1 1 1 1 1 1 1 1 1 1 1 1 1 1 1 1 1 1 1 1 1 1 1 12 12 12 1 12 12 12 12 1 12 12 12 12 12 12 12 12 12 12 12 100 12 100 12 12 12 12 12 12 12 12 12 12 12 12 12 100 1 1 1 1 1 1 1 1 1 1 1 1 1 1 1 1 1 1 1 1 1 1 1 1 1 1 1
ciInstanceKlass java/util/HashMap$KeySet 1 1 113 9 10 9 10 7 10 10 10 10 100 10 100 10 9 9 9 11 9 100 10 7 7 1 1 1 1 1 1 1 1 1 1 1 1 1 1 1 1 1 1 1 1 1 1 1 1 1 1 1 1 1 1 1 1 1 1 100 1 1 1 1 1 1 1 1 1 1 1 100 100 1 1 1 1 1 7 12 12 12 12 1 1 12 12 12 12 1 1 12 1 12 12 12 12 12 1 1 1 1 1 1 1 1 1 1 1 1 1 1 1 1 1
instanceKlass java/util/HashMap$ValueIterator
instanceKlass java/util/HashMap$EntryIterator
instanceKlass java/util/HashMap$KeyIterator
ciInstanceKlass java/util/HashMap$HashIterator 1 1 90 9 10 9 9 9 9 9 9 9 100 10 100 10 9 100 10 9 9 10 7 7 1 7 1 1 1 1 1 1 1 1 1 1 1 1 1 1 1 1 1 1 1 1 1 1 1 1 1 7 100 1 1 1 1 1 1 1 1 1 1 1 1 12 12 12 12 12 12 12 12 12 1 1 1 12 12 12 1 1 1 1 1 1 1 1 1 1 1 1
ciInstanceKlass java/util/HashMap$KeyIterator 1 1 46 9 10 10 9 7 7 100 1 1 1 1 1 1 1 1 1 1 1 1 1 1 1 1 1 1 1 1 1 1 100 12 12 12 7 12 1 1 1 1 1 1 1 1 1 1
ciInstanceKlass java/util/ArrayList$Itr 1 1 103 9 10 9 9 9 9 9 10 100 10 9 100 10 100 10 10 100 10 10 11 7 7 100 1 1 1 1 1 1 1 1 1 1 1 1 1 1 1 1 1 1 1 1 1 1 1 1 1 100 1 1 1 1 1 1 1 1 1 1 1 1 1 1 1 1 1 1 1 7 12 12 12 12 12 12 12 12 1 12 1 1 12 1 100 12 12 100 12 1 1 1 1 1 1 1 1 1 1 1 1 1 1
ciInstanceKlass java/util/Collections$EmptyIterator 1 1 57 10 100 10 100 10 10 7 10 9 7 100 1 1 1 1 1 1 1 1 1 1 1 1 1 1 1 1 1 1 1 1 1 1 1 1 1 1 1 1 1 1 1 100 12 1 1 100 12 1 12 1 1 1 1 1 1
staticfield java/util/Collections$EmptyIterator EMPTY_ITERATOR Ljava/util/Collections$EmptyIterator; java/util/Collections$EmptyIterator
instanceKlass org/aspectj/weaver/reflect/ReflectionWorld
instanceKlass org/aspectj/weaver/bcel/BcelWorld
ciInstanceKlass org/aspectj/weaver/World 1 1 1303 7 1 9 12 1 1 10 7 12 1 1 1 9 7 12 1 1 1 9 12 1 9 12 1 1 7 1 10 12 1 9 12 1 1 7 1 10 9 12 1 1 9 12 1 1 7 1 10 9 12 1 1 9 12 1 9 12 1 9 12 1 9 12 1 9 12 1 9 12 1 1 9 12 1 9 12 1 9 12 1 9 12 1 9 12 1 1 9 12 1 9 12 1 9 12 1 9 12 1 9 12 1 9 12 1 9 12 1 8 1 10 7 12 1 1 1 9 12 1 9 12 1 9 12 1 1 9 12 1 9 12 1 9 12 1 9 12 1 9 12 1 9 12 1 9 12 1 9 12 1 9 12 1 5 0 9 12 1 1 5 0 9 12 1 9 12 1 9 12 1 1 7 1 8 1 10 12 1 9 12 1 1 8 1 9 12 1 8 1 9 12 1 8 1 9 12 1 8 9 12 1 8 9 12 1 8 1 9 12 1 8 9 12 1 8 1 9 12 1 9 12 1 1 9 12 1 7 1 10 9 12 1 1 9 12 1 9 12 1 1 10 12 1 1 7 1 10 9 12 1 1 8 1 11 100 12 1 1 1 10 12 1 1 11 12 1 1 8 1 10 12 1 8 1 10 12 1 8 1 10 12 1 1 10 7 12 1 1 1 10 12 1 1 9 12 1 1 100 1 8 10 7 12 1 1 1 10 12 1 1 10 100 12 1 1 1 9 12 1 1 10 12 1 10 12 1 10 12 1 1 7 1 10 12 1 10 10 12 1 10 12 1 10 12 1 1 9 12 1 1 8 1 10 12 1 1 8 1 10 12 1 1 10 12 1 10 12 1 1 10 12 1 10 12 1 9 12 1 10 12 1 9 12 1 10 12 1 100 1 10 12 1 7 1 7 1 10 8 1 10 12 1 1 10 12 1 10 10 12 1 10 12 1 10 12 10 12 1 10 12 1 1 10 12 1 9 12 1 1 7 1 10 100 1 10 11 100 12 1 1 1 100 1 8 1 10 12 1 11 12 1 10 10 12 1 7 1 10 12 1 1 10 12 1 10 9 7 12 1 1 1 9 12 1 10 12 1 1 10 12 1 1 10 12 1 1 10 12 10 12 1 10 12 1 9 12 1 1 10 7 12 1 1 1 10 10 12 1 100 1 10 12 1 1 10 10 12 1 10 12 1 1 10 12 1 1 10 12 1 11 7 12 1 1 10 12 1 100 1 8 1 10 10 10 12 1 1 10 12 1 10 12 1 10 12 1 1 10 12 1 11 12 1 10 10 12 1 1 10 12 1 11 12 1 1 10 12 1 1 10 12 1 10 12 1 10 12 1 10 12 1 10 12 1 8 1 10 100 12 1 1 1 10 12 1 1 10 12 1 1 11 100 12 1 1 11 12 1 1 9 12 1 1 10 12 1 1 10 12 1 10 12 1 100 1 11 100 12 1 1 11 12 1 11 12 1 1 10 12 1 10 12 1 1 11 100 12 1 1 1 10 12 1 1 10 12 1 1 10 12 1 10 12 1 100 1 10 12 1 100 1 10 12 1 11 12 1 1 9 12 1 1 10 12 1 10 12 1 10 12 1 10 12 1 10 12 1 10 12 1 9 12 1 9 12 1 10 12 1 9 12 1 9 12 1 100 1 10 8 1 10 12 1 1 10 12 1 1 8 1 10 12 1 10 12 1 1 10 12 1 9 7 12 1 1 1 11 12 1 1 10 7 12 1 1 1 8 1 10 12 1 1 8 1 10 12 1 1 9 12 1 11 100 12 1 1 100 1 11 12 1 11 12 1 9 12 1 11 12 1 10 12 1 1 8 10 12 1 1 10 12 1 1 8 1 10 12 1 1 8 8 1 8 1 8 1 8 1 8 8 1 8 1 8 1 8 1 8 8 1 8 1 10 12 1 10 12 1 1 9 7 12 1 1 1 8 1 10 100 12 1 1 10 12 1 1 8 1 8 8 1 10 12 1 8 1 9 12 1 8 8 1 8 1 8 1 8 1 8 1 8 8 1 8 8 1 10 100 12 1 1 100 1 8 1 10 12 8 1 8 1 8 1 9 12 1 8 1 10 8 1 8 1 8 1 100 1 9 12 1 8 1 10 12 1 9 12 1 1 11 100 12 1 1 8 1 11 12 1 1 11 12 1 9 12 1 1 100 1 10 11 100 1 10 100 12 1 1 1 9 12 1 10 12 1 9 12 1 1 10 10 12 1 10 12 1 10 12 1 100 1 10 10 12 1 1 10 12 1 10 12 1 9 12 1 9 12 1 10 7 12 1 1 1 10 12 1 1 8 1 8 1 100 1 1 1 1 1 1 1 1 8 1 1 8 1 1 8 1 1 1 1 1 1 1 1 1 1 1 1 1 1 1 1 1 1 1 1 1 1 1 1 1 1 1 1 1 1 1 1 1 1 1 1 1 1 1 1 1 1 1 1 1 1 1 100 1 1 1 1 1 1 1 1 1 1 1 1 1 1 1 1 1 1 1 1 1 1 1 1 1 1 1 1 1 1 1 1 1 1 1 1 1 1 100 1 1 1 1 1 1 1 1 1 1 1 1 1 1 1 1 1 1 1 1 1 1 1 1 1 1 1 1 1 1 1 1 1 1 1 1 1 1 1 1 1 1 1 1 1 1 1 1 1 1 1 1 1 1 1 1 1 1 1 1 1 1 1 1 1 1 1 1 1 1 1 1 1 1 1 1 1 1 1 1 1 1 1 1 1 1 1 1 1 1 1 1 1 1 1 1 1 1 1 1 1 1 1 1 1 1 1 1 1 1 1 1 1 1 1 1 1 1 1 1 1 1 1 1 1 1 1 1 1 1 1 1 1 1 1 1 1 1 1 1 1 1 1 1 1 1 1 1 1 1 1 1 1 1 1 1 1 1 1 1 1 1 1 1 1 1 100 1 1 1 1 100 1 1 100 1 1
staticfield org/aspectj/weaver/World RUNTIME_LEVEL_DEFAULT Lorg/aspectj/weaver/RuntimeVersion; org/aspectj/weaver/RuntimeVersion
instanceKlass org/aspectj/weaver/ltw/LTWWorld
ciInstanceKlass org/aspectj/weaver/bcel/BcelWorld 1 1 1434 8 1 10 7 12 1 1 1 10 12 1 1 9 100 12 1 1 1 10 12 1 100 1 10 12 1 1 10 100 12 1 1 1 9 12 1 1 9 100 12 1 1 1 9 12 1 9 12 1 9 12 1 9 12 1 9 12 1 9 12 1 9 12 1 9 12 1 9 12 1 9 12 1 9 12 1 9 12 1 9 12 1 9 12 1 9 12 1 9 12 1 9 12 1 100 1 100 1 10 12 1 8 1 10 12 1 1 10 12 1 10 12 1 1 10 10 12 1 1 10 12 1 1 10 100 12 1 1 1 10 100 1 10 12 1 10 12 1 1 11 100 12 1 1 1 10 12 1 1 9 100 12 1 1 1 11 12 1 1 10 12 1 1 10 12 1 1 10 12 1 1 10 100 12 1 1 1 10 12 1 1 10 12 1 1 10 12 1 9 12 1 1 9 12 1 1 10 12 1 1 10 10 12 1 1 10 7 1 10 7 1 9 100 12 1 1 1 7 1 10 12 1 1 10 12 1 1 10 9 12 1 8 1 11 12 1 1 11 100 12 1 1 1 11 12 1 1 10 100 1 10 8 1 10 12 1 1 10 12 1 10 12 1 1 10 12 1 1 8 1 10 12 1 8 1 10 12 1 11 12 1 8 1 8 1 7 1 10 10 12 1 11 100 12 1 1 1 10 100 12 1 1 100 1 9 12 1 1 10 12 1 10 12 1 10 12 1 11 12 1 10 7 1 7 1 10 9 12 1 1 9 12 1 1 9 12 1 1 9 12 1 1 100 1 10 12 1 9 12 1 1 10 12 1 1 10 12 1 1 9 12 1 1 7 1 10 12 1 9 12 1 1 10 12 1 1 9 12 1 7 1 10 12 1 100 1 10 10 12 1 1 10 12 1 10 7 12 1 1 1 10 12 1 1 10 12 10 12 1 10 12 1 1 10 12 1 1 10 12 1 1 10 7 1 10 12 1 10 12 1 1 9 12 1 11 12 1 1 11 100 12 1 1 11 12 1 1 100 1 11 12 1 1 10 12 1 1 7 1 10 12 1 10 12 1 11 7 12 1 1 1 9 12 1 1 11 7 12 1 1 8 100 1 11 12 1 1 100 1 8 1 8 1 11 12 1 1 10 12 1 10 12 1 1 10 100 12 1 1 100 1 10 12 1 1 10 10 12 1 10 12 1 1 100 1 8 1 10 7 12 1 1 10 12 1 1 8 1 10 9 12 1 1 10 7 12 1 1 1 8 1 8 1 8 1 8 1 10 12 1 1 8 1 100 1 10 10 12 1 10 12 1 10 12 1 10 12 1 1 10 12 1 10 12 1 1 10 12 1 10 12 1 1 10 12 1 1 10 12 1 1 10 12 1 10 7 12 1 1 1 10 12 1 100 1 8 1 8 1 11 100 1 10 10 12 1 10 7 12 1 1 1 10 100 12 1 1 9 12 1 1 100 1 100 1 10 12 10 12 10 100 12 1 1 1 10 7 12 1 1 1 10 12 1 10 12 1 1 10 12 1 7 1 10 10 12 1 1 10 10 12 1 1 10 12 1 10 12 1 10 12 1 1 10 12 1 10 100 12 1 1 1 9 100 1 10 12 1 10 12 1 1 9 12 1 1 8 9 12 1 1 10 12 1 1 100 1 10 12 1 1 10 12 1 1 10 10 12 8 1 10 100 1 10 10 8 1 10 12 1 1 10 12 1 1 10 12 1 10 12 1 10 12 1 10 12 1 1 11 100 1 11 11 12 1 10 12 1 1 100 1 10 12 1 100 1 9 10 12 10 12 1 1 10 12 1 11 12 1 10 12 1 1 10 12 1 8 1 10 12 1 10 12 1 10 12 1 1 8 1 11 12 1 10 12 1 10 12 1 10 100 12 1 1 1 11 12 1 10 12 1 1 10 12 1 1 100 1 10 12 10 12 1 10 10 100 12 1 1 1 100 1 10 12 1 1 10 100 12 1 1 1 10 12 1 10 12 1 1 10 100 12 1 1 1 10 12 1 1 11 7 12 1 10 12 1 1 10 12 1 1 100 1 10 12 1 10 10 12 1 10 12 1 10 12 1 10 12 1 11 11 12 1 11 12 1 10 12 1 11 12 1 11 12 1 10 12 1 1 10 12 1 10 12 1 1 10 12 1 10 12 1 1 10 12 1 1 10 100 12 1 1 10 12 1 10 12 1 1 10 12 1 10 12 1 1 100 1 10 100 12 1 1 1 10 12 1 9 12 1 9 12 1 10 10 12 1 9 12 1 9 12 1 10 12 1 1 100 1 10 100 12 1 1 8 1 10 12 1 100 1 10 12 1 9 12 1 1 10 12 1 1 10 100 12 1 1 1 10 100 12 1 1 10 12 1 100 1 8 1 8 1 10 12 10 10 12 1 10 12 1 10 12 1 10 12 1 1 10 12 1 10 12 1 1 11 12 1 8 1 8 1 11 12 1 1 8 1 10 12 1 10 12 1 9 12 1 8 1 8 1 8 1 10 12 1 100 1 10 11 100 12 1 1 11 12 11 12 1 11 12 11 12 1 10 100 12 1 1 1 10 12 1 10 12 1 10 12 10 7 12 1 1 1 10 12 1 1 1 1 1 1 1 1 1 1 1 1 1 1 1 1 1 1 1 1 1 1 1 1 1 1 1 1 1 1 100 1 100 1 1 1 1 1 1 1 1 1 1 1 1 1 1 1 1 1 1 1 1 1 1 1 1 1 1 1 1 1 1 1 1 1 1 1 1 1 1 100 1 1 1 1 1 1 100 1 1 1 1 1 1 1 1 1 1 1 1 1 1 1 1 1 1 1 1 100 1 1 1 1 1 1 1 1 1 1 1 1 1 1 1 1 1 1 1 1 1 1 1 1 1 100 1 1 1 1 1 1 1 1 100 1 1 1 1 1 1 1 1 1 1 1 1 1 1 1 1 1 1 100 1 100 1 1 1 1 1 1 1 1 1 1 1 1 1 1 1 1 1 100 1 1 1 1 1 1 1 1 1 1 1 1 1 1 1 1 1 1 1 1 1 1 1 1 1 1 1 1 1 1 1 1 1 1 1 1 1 1 1 1 1 1 1 1 1 1 1 1 1 1 1 1 1 100 1 1 1 1 1 1 1 1 1 1 1 1 1 1 1 1 1 1 1 1 1 1 1 1 1 1 1 1 1 1 100 1 1 1 1 1 1 1 1 1 1 1 1 1 1 1 1 100 1 1 100 1 1 1 1 100 1 1 1
ciInstanceKlass org/aspectj/weaver/ltw/LTWWorld 1 1 354 7 1 10 7 12 1 1 1 9 12 1 1 7 1 10 12 1 9 12 1 1 9 12 1 1 10 7 12 1 1 1 9 12 1 1 100 1 100 1 10 10 12 1 1 10 100 12 1 1 10 12 1 1 8 1 10 100 12 1 1 1 10 100 12 1 1 10 10 7 12 1 1 1 8 1 9 12 1 10 12 1 1 10 7 12 1 1 1 9 12 1 1 11 100 12 1 1 10 12 1 1 10 12 1 10 100 12 1 1 1 10 12 1 1 9 12 1 1 10 12 1 1 10 100 12 1 1 1 100 1 100 1 100 1 100 1 100 1 100 1 10 10 100 12 1 1 1 100 1 8 1 8 1 8 1 10 12 1 1 100 1 100 1 10 12 1 1 10 12 1 10 100 1 10 12 1 1 11 100 12 1 1 1 10 12 1 1 11 12 1 1 11 12 1 1 11 12 1 10 12 1 10 12 1 1 10 12 1 1 9 100 12 1 1 1 10 100 12 1 1 10 12 1 11 10 12 1 10 12 1 10 12 1 10 12 1 1 100 1 10 10 12 1 1 10 12 1 1 10 12 1 9 12 1 1 11 100 12 1 1 1 8 1 11 100 12 1 1 1 8 1 10 12 1 1 100 1 1 1 3 1 1 1 1 5 0 1 1 1 1 1 1 1 1 1 1 1 1 1 1 1 1 1 100 1 100 1 1 1 1 1 100 1 1 1 1 1 1 1 1 1 1 1 1 100 1 1 1 1 1 1 100 1 1 1 1 1 1 1 1 1 1 1 1 1 1 1 1 1 1 100 1 1
staticfield org/aspectj/weaver/ltw/LTWWorld concurrentMapClass Ljava/lang/Class; null
instanceKlass org/aspectj/weaver/WildcardedUnresolvedType
instanceKlass org/aspectj/weaver/UnresolvedTypeVariableReferenceType
instanceKlass org/aspectj/weaver/ResolvedType
ciInstanceKlass org/aspectj/weaver/UnresolvedType 1 1 707 9 7 12 1 1 1 9 7 12 1 1 9 12 1 1 8 1 10 7 12 1 1 1 9 12 1 9 12 1 9 12 1 9 12 1 9 12 1 9 12 1 10 12 1 1 10 12 1 1 8 1 8 1 10 12 1 1 10 12 1 10 12 1 10 7 12 1 1 1 9 12 1 1 9 12 1 1 9 12 1 9 12 1 1 10 12 1 1 10 12 1 1 10 12 1 9 12 1 1 7 1 10 10 12 1 1 9 7 12 1 1 1 7 1 9 7 12 1 1 1 7 1 9 12 1 7 1 10 9 12 1 1 9 7 1 10 12 1 1 8 1 10 12 1 1 10 12 1 100 1 100 1 9 12 1 10 12 1 10 12 1 100 1 8 1 10 12 1 1 10 12 1 8 1 8 1 10 10 8 1 8 1 10 100 12 1 1 1 9 12 1 8 1 10 12 1 1 8 1 10 12 1 1 100 1 10 9 12 1 1 9 12 1 9 12 1 9 12 1 9 12 1 9 12 1 10 7 12 1 1 9 12 1 9 12 1 9 12 1 8 1 10 12 1 10 12 1 10 12 1 1 10 12 1 1 10 12 1 1 10 10 12 1 8 1 8 1 10 12 1 10 12 1 10 12 1 1 10 12 1 10 12 1 10 12 1 10 12 1 10 12 1 10 12 10 12 1 10 7 12 1 1 1 8 1 8 1 8 1 8 1 8 1 8 1 10 12 1 1 8 1 8 1 8 1 8 1 8 1 8 1 8 1 8 1 8 8 8 1 8 1 8 1 8 1 8 1 8 1 10 12 1 8 1 8 1 10 12 1 10 100 12 1 1 10 100 12 1 1 8 1 9 100 12 1 1 1 8 1 9 12 1 10 12 1 1 10 10 7 1 8 1 100 1 8 1 10 9 12 1 9 12 1 10 12 1 1 10 12 1 1 10 12 1 1 10 12 1 1 10 12 1 8 1 9 12 1 8 1 9 12 1 8 1 9 12 1 8 1 9 12 1 8 1 9 12 1 8 1 9 12 1 8 1 9 12 1 8 1 9 12 1 8 1 9 12 1 8 1 9 12 1 8 1 9 12 1 8 1 9 12 1 8 1 9 12 1 8 9 12 1 8 1 9 12 1 8 1 9 12 1 8 1 9 12 1 8 1 9 12 1 9 12 1 8 1 9 12 1 8 1 9 12 1 9 12 1 9 12 1 8 1 9 12 1 8 1 9 12 1 8 1 9 12 1 8 1 9 12 1 10 12 1 100 1 100 1 1 1 1 1 1 1 1 1 1 1 1 1 1 1 1 1 1 1 1 1 1 1 100 1 1 1 1 1 1 1 1 1 1 1 1 1 1 1 1 1 1 1 1 1 1 1 1 1 1 1 1 100 1 1 1 1 1 1 1 1 1 1 1 1 1 1 1 1 1 1 1 100 1 1 1 1 1 1 1 1 1 1 1 1 1 1 1 1 1 1 1 1 1 1 1 100 1 1 1 1 1 1 1 1 1 1 1 1 100 1 1 1 1 1 1 1 1 1 1 1 1 1 1 1 1 1 1 1 1 1 1 1 1 1 1 1 100 1 1 1 100 1 1 1 1 1 100 1 1
staticfield org/aspectj/weaver/UnresolvedType NONE [Lorg/aspectj/weaver/UnresolvedType; 0 [Lorg/aspectj/weaver/UnresolvedType;
staticfield org/aspectj/weaver/UnresolvedType OBJECT Lorg/aspectj/weaver/UnresolvedType; org/aspectj/weaver/UnresolvedType
staticfield org/aspectj/weaver/UnresolvedType OBJECTARRAY Lorg/aspectj/weaver/UnresolvedType; org/aspectj/weaver/UnresolvedType
staticfield org/aspectj/weaver/UnresolvedType CLONEABLE Lorg/aspectj/weaver/UnresolvedType; org/aspectj/weaver/UnresolvedType
staticfield org/aspectj/weaver/UnresolvedType SERIALIZABLE Lorg/aspectj/weaver/UnresolvedType; org/aspectj/weaver/UnresolvedType
staticfield org/aspectj/weaver/UnresolvedType THROWABLE Lorg/aspectj/weaver/UnresolvedType; org/aspectj/weaver/UnresolvedType
staticfield org/aspectj/weaver/UnresolvedType RUNTIME_EXCEPTION Lorg/aspectj/weaver/UnresolvedType; org/aspectj/weaver/UnresolvedType
staticfield org/aspectj/weaver/UnresolvedType ERROR Lorg/aspectj/weaver/UnresolvedType; org/aspectj/weaver/UnresolvedType
staticfield org/aspectj/weaver/UnresolvedType AT_INHERITED Lorg/aspectj/weaver/UnresolvedType; org/aspectj/weaver/UnresolvedType
staticfield org/aspectj/weaver/UnresolvedType AT_RETENTION Lorg/aspectj/weaver/UnresolvedType; org/aspectj/weaver/UnresolvedType
staticfield org/aspectj/weaver/UnresolvedType ENUM Lorg/aspectj/weaver/UnresolvedType; org/aspectj/weaver/UnresolvedType
staticfield org/aspectj/weaver/UnresolvedType ANNOTATION Lorg/aspectj/weaver/UnresolvedType; org/aspectj/weaver/UnresolvedType
staticfield org/aspectj/weaver/UnresolvedType JL_CLASS Lorg/aspectj/weaver/UnresolvedType; org/aspectj/weaver/UnresolvedType
staticfield org/aspectj/weaver/UnresolvedType JAVA_LANG_CLASS_ARRAY Lorg/aspectj/weaver/UnresolvedType; org/aspectj/weaver/UnresolvedType
staticfield org/aspectj/weaver/UnresolvedType JL_STRING Lorg/aspectj/weaver/UnresolvedType; org/aspectj/weaver/UnresolvedType
staticfield org/aspectj/weaver/UnresolvedType JL_EXCEPTION Lorg/aspectj/weaver/UnresolvedType; org/aspectj/weaver/UnresolvedType
staticfield org/aspectj/weaver/UnresolvedType JAVA_LANG_REFLECT_METHOD Lorg/aspectj/weaver/UnresolvedType; org/aspectj/weaver/UnresolvedType
staticfield org/aspectj/weaver/UnresolvedType JAVA_LANG_REFLECT_FIELD Lorg/aspectj/weaver/UnresolvedType; org/aspectj/weaver/UnresolvedType
staticfield org/aspectj/weaver/UnresolvedType JAVA_LANG_REFLECT_CONSTRUCTOR Lorg/aspectj/weaver/UnresolvedType; org/aspectj/weaver/UnresolvedType
staticfield org/aspectj/weaver/UnresolvedType JAVA_LANG_ANNOTATION Lorg/aspectj/weaver/UnresolvedType; org/aspectj/weaver/UnresolvedType
staticfield org/aspectj/weaver/UnresolvedType SUPPRESS_AJ_WARNINGS Lorg/aspectj/weaver/UnresolvedType; org/aspectj/weaver/UnresolvedType
staticfield org/aspectj/weaver/UnresolvedType AT_TARGET Lorg/aspectj/weaver/UnresolvedType; org/aspectj/weaver/UnresolvedType
staticfield org/aspectj/weaver/UnresolvedType SOMETHING Lorg/aspectj/weaver/UnresolvedType; org/aspectj/weaver/UnresolvedType
staticfield org/aspectj/weaver/UnresolvedType ARRAY_WITH_JUST_OBJECT [Lorg/aspectj/weaver/UnresolvedType; 1 [Lorg/aspectj/weaver/UnresolvedType;
staticfield org/aspectj/weaver/UnresolvedType JOINPOINT_STATICPART Lorg/aspectj/weaver/UnresolvedType; org/aspectj/weaver/UnresolvedType
staticfield org/aspectj/weaver/UnresolvedType JOINPOINT_ENCLOSINGSTATICPART Lorg/aspectj/weaver/UnresolvedType; org/aspectj/weaver/UnresolvedType
staticfield org/aspectj/weaver/UnresolvedType AJC_PRIVILEGED Lorg/aspectj/weaver/UnresolvedType; org/aspectj/weaver/UnresolvedType
staticfield org/aspectj/weaver/UnresolvedType PROCEEDING_JOINPOINT Lorg/aspectj/weaver/UnresolvedType; org/aspectj/weaver/UnresolvedType
staticfield org/aspectj/weaver/UnresolvedType BOOLEAN Lorg/aspectj/weaver/UnresolvedType; org/aspectj/weaver/UnresolvedType
staticfield org/aspectj/weaver/UnresolvedType BYTE Lorg/aspectj/weaver/UnresolvedType; org/aspectj/weaver/UnresolvedType
staticfield org/aspectj/weaver/UnresolvedType CHAR Lorg/aspectj/weaver/UnresolvedType; org/aspectj/weaver/UnresolvedType
staticfield org/aspectj/weaver/UnresolvedType DOUBLE Lorg/aspectj/weaver/UnresolvedType; org/aspectj/weaver/UnresolvedType
staticfield org/aspectj/weaver/UnresolvedType FLOAT Lorg/aspectj/weaver/UnresolvedType; org/aspectj/weaver/UnresolvedType
staticfield org/aspectj/weaver/UnresolvedType INT Lorg/aspectj/weaver/UnresolvedType; org/aspectj/weaver/UnresolvedType
staticfield org/aspectj/weaver/UnresolvedType LONG Lorg/aspectj/weaver/UnresolvedType; org/aspectj/weaver/UnresolvedType
staticfield org/aspectj/weaver/UnresolvedType SHORT Lorg/aspectj/weaver/UnresolvedType; org/aspectj/weaver/UnresolvedType
staticfield org/aspectj/weaver/UnresolvedType VOID Lorg/aspectj/weaver/UnresolvedType; org/aspectj/weaver/UnresolvedType
staticfield org/aspectj/weaver/UnresolvedType $assertionsDisabled Z 1
instanceKlass org/aspectj/weaver/ResolvedType$Missing
instanceKlass org/aspectj/weaver/MissingResolvedTypeWithKnownSignature
instanceKlass org/aspectj/weaver/ResolvedType$Primitive
instanceKlass org/aspectj/weaver/ReferenceType
ciInstanceKlass org/aspectj/weaver/ResolvedType 1 1 1613 10 7 12 1 1 1 10 7 12 1 1 1 7 1 10 12 1 9 12 1 1 9 7 12 1 1 1 9 12 1 9 12 1 1 10 12 1 10 12 1 1 10 7 12 1 1 1 10 12 1 1 10 12 1 1 10 12 1 1 10 7 12 1 1 1 10 12 1 10 12 1 1 10 7 12 1 1 1 10 12 1 9 12 1 1 9 12 1 1 10 10 12 1 1 100 1 10 12 1 10 12 1 1 9 12 1 1 10 12 1 1 10 12 1 1 9 12 1 1 9 12 1 1 100 1 10 12 1 10 12 1 100 1 10 12 1 10 12 1 100 1 10 12 1 10 12 1 1 7 1 10 10 12 1 1 10 12 1 10 12 1 1 10 100 12 1 1 1 11 7 12 1 1 1 11 12 1 1 11 7 12 1 1 11 12 1 1 100 1 10 12 1 1 11 12 1 9 12 1 1 10 10 12 1 10 12 1 11 12 1 11 12 1 1 10 12 1 1 10 100 12 1 1 1 9 12 1 1 100 1 10 12 1 10 12 11 7 12 1 1 11 100 1 10 12 1 10 12 1 10 12 1 9 12 1 9 12 1 1 10 7 12 1 1 1 10 12 1 7 1 10 12 1 1 11 12 1 11 100 12 1 1 11 11 12 1 11 11 12 1 9 12 1 1 9 12 1 10 12 1 9 12 1 9 12 1 1 9 12 1 100 1 10 11 12 1 11 12 1 11 11 12 1 10 12 1 1 11 11 12 1 1 9 12 1 11 12 1 1 11 12 1 7 1 10 9 12 1 1 10 12 1 7 1 10 10 12 1 10 12 1 10 12 1 1 7 1 10 12 1 9 12 1 1 10 12 1 1 10 12 1 1 10 12 1 1 10 12 1 1 10 12 1 1 10 12 1 10 12 1 10 12 1 1 10 12 1 10 12 1 10 12 1 10 12 1 10 7 12 1 1 10 12 1 7 1 10 10 12 1 11 7 1 100 1 10 12 1 7 1 10 10 12 1 10 12 10 12 100 1 8 1 10 8 1 9 12 1 1 8 1 10 12 1 10 12 1 10 12 1 1 10 12 1 1 10 7 12 1 1 1 7 1 10 10 12 1 1 100 1 100 1 10 8 1 10 12 1 1 8 1 10 12 1 8 1 10 12 1 1 8 1 10 12 1 8 1 10 12 8 1 9 100 12 1 1 1 10 12 1 1 100 1 10 12 1 11 100 12 1 1 1 10 7 1 11 7 12 1 1 1 10 8 1 10 12 1 10 10 12 1 11 12 1 1 10 12 1 10 7 12 1 1 1 100 1 11 7 1 10 12 1 1 11 12 1 11 12 1 10 12 1 1 10 12 1 1 10 12 1 10 12 1 10 12 1 1 11 12 1 9 12 1 1 11 12 1 1 100 100 1 8 1 10 12 1 10 12 1 1 10 12 1 10 12 1 1 10 12 1 1 10 12 1 10 12 1 1 10 12 1 1 10 12 1 10 12 1 1 10 12 1 10 12 1 10 12 1 100 1 8 1 10 8 1 10 11 10 12 1 10 12 11 12 1 11 12 10 12 1 10 12 1 10 12 1 1 9 12 1 9 12 1 8 1 10 12 1 10 12 1 1 100 1 11 100 1 8 1 10 12 1 1 9 10 10 12 1 10 12 1 10 12 1 10 12 1 10 12 1 10 12 1 10 12 1 1 10 12 1 1 10 12 1 10 8 1 8 1 9 12 1 1 10 12 1 10 12 1 1 10 12 1 9 100 12 1 1 1 8 1 8 1 10 100 12 1 1 8 1 8 1 8 1 8 1 10 12 1 8 1 10 100 12 1 1 1 11 12 1 8 1 8 1 8 1 8 1 8 1 8 1 10 12 1 1 8 1 8 1 9 12 1 1 9 12 1 10 12 1 1 10 12 1 1 10 12 1 100 1 9 12 1 10 8 1 8 1 8 1 8 1 8 1 8 1 8 1 10 12 1 11 10 12 1 1 10 12 1 1 10 12 1 1 10 12 1 1 10 12 1 1 11 12 1 8 1 11 8 1 11 11 11 12 1 10 12 1 1 10 100 12 1 1 11 9 12 1 1 8 11 12 1 8 1 10 12 1 1 10 11 12 1 8 1 10 12 1 10 12 1 1 10 12 1 11 12 1 8 1 11 10 12 1 8 1 10 12 1 1 8 1 11 12 1 8 1 10 12 1 8 1 10 12 1 8 1 8 1 10 12 1 1 10 8 1 8 1 10 12 1 8 1 8 1 10 12 1 10 12 1 10 12 1 100 1 9 12 1 10 12 1 10 8 1 10 10 12 1 1 8 1 8 1 10 12 1 10 12 1 10 12 1 10 12 1 10 12 1 10 12 1 1 10 8 1 10 10 10 8 1 8 1 8 1 10 10 12 10 7 12 1 1 1 10 12 1 7 1 10 10 12 1 1 10 9 12 1 10 12 1 9 12 1 10 12 1 9 12 1 1 10 12 1 9 12 1 10 9 12 1 10 12 1 10 12 1 10 12 1 10 12 1 100 1 11 10 12 1 10 12 1 10 12 1 10 12 1 10 12 1 11 12 1 9 12 1 10 12 1 9 12 1 9 12 1 9 12 1 10 12 1 1 9 12 1 10 12 1 10 12 1 9 12 1 10 12 1 10 100 12 1 1 1 9 12 1 8 1 9 12 1 8 1 9 12 1 9 12 1 10 12 1 1 9 12 1 10 7 12 1 1 8 1 8 1 8 1 8 1 8 1 8 1 8 1 8 1 8 1 8 1 8 1 8 1 8 1 8 1 8 1 8 1 7 1 10 12 1 7 1 10 7 1 10 7 1 10 9 12 9 12 1 7 1 10 100 1 1 1 8 1 1 1 1 1 1 1 1 1 1 1 1 1 1 1 1 1 1 1 1 1 1 1 1 1 1 1 1 1 1 1 1 1 1 1 1 1 1 1 1 1 1 1 1 100 1 1 1 1 1 1 1 1 1 1 1 1 1 1 1 1 1 1 1 1 1 1 1 1 1 1 1 1 1 100 1 1 1 1 1 1 1 1 1 1 1 1 1 1 1 1 1 1 1 1 1 1 1 1 1 1 1 1 1 1 1 1 1 1 1 1 100 1 1 1 1 1 1 1 1 1 1 1 1 1 1 100 1 1 1 1 1 1 1 1 1 1 1 1 1 1 1 1 1 1 1 1 1 1 1 1 1 1 1 1 1 1 1 100 1 1 1 1 1 1 1 1 1 1 1 1 1 1 1 1 1 1 1 1 1 1 1 1 1 1 1 1 1 1 1 1 1 1 1 1 1 1 1 1 1 1 1 1 1 1 1 1 1 1 1 1 1 1 1 1 1 1 1 1 1 1 1 1 1 1 1 1 1 1 1 1 1 1 1 1 1 1 1 1 1 1 1 1 1 1 1 1 1 1 1 1 1 1 1 1 1 1 1 1 1 1 1 1 1 1 1 1 1 1 1 1 100 1 1 1 1 1 1 1 1 1 1 1 1 1 1 1 1 1 1 1 1 1 1 1 1 1 1 1 1 1 1 1 1 1 1 1 1 1 1 1 1 1 1 1 1 1 1 1 1 100 1 1 1 1 1 1 1 1 1 1 1 1 1 1 1 100 1 1 1 100 1 100 1 1 100 1 1 100 1 1
staticfield org/aspectj/weaver/ResolvedType EMPTY_RESOLVED_TYPE_ARRAY [Lorg/aspectj/weaver/ResolvedType; 0 [Lorg/aspectj/weaver/ResolvedType;
staticfield org/aspectj/weaver/ResolvedType MethodGetterInstance Lorg/aspectj/weaver/ResolvedType$MethodGetter; org/aspectj/weaver/ResolvedType$MethodGetter
staticfield org/aspectj/weaver/ResolvedType MethodGetterWithItdsInstance Lorg/aspectj/weaver/ResolvedType$MethodGetterIncludingItds; org/aspectj/weaver/ResolvedType$MethodGetterIncludingItds
staticfield org/aspectj/weaver/ResolvedType PointcutGetterInstance Lorg/aspectj/weaver/ResolvedType$PointcutGetter; org/aspectj/weaver/ResolvedType$PointcutGetter
staticfield org/aspectj/weaver/ResolvedType FieldGetterInstance Lorg/aspectj/weaver/ResolvedType$FieldGetter; org/aspectj/weaver/ResolvedType$FieldGetter
staticfield org/aspectj/weaver/ResolvedType NONE [Lorg/aspectj/weaver/ResolvedType; 0 [Lorg/aspectj/weaver/ResolvedType;
staticfield org/aspectj/weaver/ResolvedType EMPTY_ARRAY [Lorg/aspectj/weaver/ResolvedType; 0 [Lorg/aspectj/weaver/ResolvedType;
staticfield org/aspectj/weaver/ResolvedType MISSING Lorg/aspectj/weaver/ResolvedType$Missing; org/aspectj/weaver/ResolvedType$Missing
staticfield org/aspectj/weaver/ResolvedType $assertionsDisabled Z 1
ciInstanceKlass org/aspectj/weaver/Member 1 1 116 7 1 11 12 1 1 9 12 1 1 7 1 8 1 10 12 1 1 9 12 1 8 1 9 12 8 1 9 12 8 1 9 12 8 1 9 12 8 1 9 12 8 1 9 12 8 1 9 12 8 1 9 12 7 1 9 12 1 1 7 1 9 12 1 1 100 1 100 1 1 1 1 1 1 1 1 1 1 1 1 1 1 1 1 1 1 1 1 1 1 1 1 1 1 1 1 1 1 1 1 1 1 1 1 1 1 1 1 1 1 1 1 1 1 1
staticfield org/aspectj/weaver/Member NONE [Lorg/aspectj/weaver/Member; 0 [Lorg/aspectj/weaver/Member;
staticfield org/aspectj/weaver/Member METHOD Lorg/aspectj/weaver/MemberKind; org/aspectj/weaver/MemberKind
staticfield org/aspectj/weaver/Member FIELD Lorg/aspectj/weaver/MemberKind; org/aspectj/weaver/MemberKind
staticfield org/aspectj/weaver/Member CONSTRUCTOR Lorg/aspectj/weaver/MemberKind; org/aspectj/weaver/MemberKind
staticfield org/aspectj/weaver/Member STATIC_INITIALIZATION Lorg/aspectj/weaver/MemberKind; org/aspectj/weaver/MemberKind
staticfield org/aspectj/weaver/Member POINTCUT Lorg/aspectj/weaver/MemberKind; org/aspectj/weaver/MemberKind
staticfield org/aspectj/weaver/Member ADVICE Lorg/aspectj/weaver/MemberKind; org/aspectj/weaver/MemberKind
staticfield org/aspectj/weaver/Member HANDLER Lorg/aspectj/weaver/MemberKind; org/aspectj/weaver/MemberKind
staticfield org/aspectj/weaver/Member MONITORENTER Lorg/aspectj/weaver/MemberKind; org/aspectj/weaver/MemberKind
staticfield org/aspectj/weaver/Member MONITOREXIT Lorg/aspectj/weaver/MemberKind; org/aspectj/weaver/MemberKind
staticfield org/aspectj/weaver/Member NO_PARAMETER_ANNOTATIONXS [[Lorg/aspectj/weaver/AnnotationAJ; 0 [[Lorg/aspectj/weaver/AnnotationAJ;
staticfield org/aspectj/weaver/Member NO_PARAMETER_ANNOTATION_TYPES [[Lorg/aspectj/weaver/ResolvedType; 0 [[Lorg/aspectj/weaver/ResolvedType;
instanceKlass org/aspectj/apache/bcel/generic/ReturnaddressType
instanceKlass org/aspectj/apache/bcel/generic/BasicType
instanceKlass org/aspectj/apache/bcel/generic/Type$2
instanceKlass org/aspectj/apache/bcel/generic/ReferenceType
ciInstanceKlass org/aspectj/apache/bcel/generic/Type 1 1 437 10 7 12 1 1 1 9 7 12 1 1 1 9 12 1 1 9 12 1 1 10 12 1 1 100 1 10 7 12 1 1 1 9 12 1 1 11 7 12 1 1 1 10 12 1 1 10 7 12 1 1 1 10 7 12 1 1 1 10 12 1 1 10 12 1 7 1 10 12 1 10 12 1 1 10 12 1 10 12 1 1 7 1 10 12 1 7 1 10 10 12 1 1 10 12 1 10 12 1 1 100 1 100 1 10 8 1 10 12 1 1 10 12 1 1 10 10 12 1 100 1 8 1 7 1 10 11 7 12 1 1 11 12 1 11 12 1 1 10 12 1 10 12 1 10 12 1 100 1 8 1 10 10 100 12 1 1 1 10 12 1 10 12 1 9 100 12 1 1 1 9 12 1 1 9 100 1 9 12 1 9 100 1 9 12 1 9 100 1 9 12 1 9 100 1 9 12 1 9 100 1 9 12 1 9 100 1 9 12 1 9 100 1 9 12 1 9 100 1 9 12 1 100 1 8 1 10 12 1 10 8 1 10 10 100 12 1 1 1 10 12 1 10 12 1 8 1 10 12 1 1 10 100 1 8 1 10 12 1 8 1 9 12 1 1 8 1 9 12 1 10 12 1 9 12 1 1 9 12 1 8 1 9 12 1 8 1 9 12 1 8 1 9 12 1 8 1 9 12 1 9 12 1 8 1 9 12 1 8 1 9 12 1 8 1 9 12 1 8 1 9 12 1 9 12 1 1 7 1 10 7 1 8 1 10 12 1 9 12 1 1 9 12 1 9 12 1 9 12 1 9 12 1 9 12 1 9 12 1 9 12 1 7 1 10 10 11 12 1 1 10 10 10 7 12 1 1 1 1 1 1 1 1 1 1 1 1 1 1 1 1 1 1 1 1 1 1 1 1 1 1 1 1 1 1 1 1 1 1 1 1 1 1 1 1 1 1 1 1 1 1 1 1 100 1 1 1 1 1 1 1 1 1 1 1 1
staticfield org/aspectj/apache/bcel/generic/Type VOID Lorg/aspectj/apache/bcel/generic/BasicType; org/aspectj/apache/bcel/generic/BasicType
staticfield org/aspectj/apache/bcel/generic/Type BOOLEAN Lorg/aspectj/apache/bcel/generic/BasicType; org/aspectj/apache/bcel/generic/BasicType
staticfield org/aspectj/apache/bcel/generic/Type INT Lorg/aspectj/apache/bcel/generic/BasicType; org/aspectj/apache/bcel/generic/BasicType
staticfield org/aspectj/apache/bcel/generic/Type SHORT Lorg/aspectj/apache/bcel/generic/BasicType; org/aspectj/apache/bcel/generic/BasicType
staticfield org/aspectj/apache/bcel/generic/Type BYTE Lorg/aspectj/apache/bcel/generic/BasicType; org/aspectj/apache/bcel/generic/BasicType
staticfield org/aspectj/apache/bcel/generic/Type LONG Lorg/aspectj/apache/bcel/generic/BasicType; org/aspectj/apache/bcel/generic/BasicType
staticfield org/aspectj/apache/bcel/generic/Type DOUBLE Lorg/aspectj/apache/bcel/generic/BasicType; org/aspectj/apache/bcel/generic/BasicType
staticfield org/aspectj/apache/bcel/generic/Type FLOAT Lorg/aspectj/apache/bcel/generic/BasicType; org/aspectj/apache/bcel/generic/BasicType
staticfield org/aspectj/apache/bcel/generic/Type CHAR Lorg/aspectj/apache/bcel/generic/BasicType; org/aspectj/apache/bcel/generic/BasicType
staticfield org/aspectj/apache/bcel/generic/Type OBJECT Lorg/aspectj/apache/bcel/generic/ObjectType; org/aspectj/apache/bcel/generic/ObjectType
staticfield org/aspectj/apache/bcel/generic/Type STRING Lorg/aspectj/apache/bcel/generic/ObjectType; org/aspectj/apache/bcel/generic/ObjectType
staticfield org/aspectj/apache/bcel/generic/Type OBJECT_ARRAY Lorg/aspectj/apache/bcel/generic/ArrayType; org/aspectj/apache/bcel/generic/ArrayType
staticfield org/aspectj/apache/bcel/generic/Type STRING_ARRAY Lorg/aspectj/apache/bcel/generic/ArrayType; org/aspectj/apache/bcel/generic/ArrayType
staticfield org/aspectj/apache/bcel/generic/Type CLASS_ARRAY Lorg/aspectj/apache/bcel/generic/ArrayType; org/aspectj/apache/bcel/generic/ArrayType
staticfield org/aspectj/apache/bcel/generic/Type STRINGBUFFER Lorg/aspectj/apache/bcel/generic/ObjectType; org/aspectj/apache/bcel/generic/ObjectType
staticfield org/aspectj/apache/bcel/generic/Type STRINGBUILDER Lorg/aspectj/apache/bcel/generic/ObjectType; org/aspectj/apache/bcel/generic/ObjectType
staticfield org/aspectj/apache/bcel/generic/Type THROWABLE Lorg/aspectj/apache/bcel/generic/ObjectType; org/aspectj/apache/bcel/generic/ObjectType
staticfield org/aspectj/apache/bcel/generic/Type CLASS Lorg/aspectj/apache/bcel/generic/ObjectType; org/aspectj/apache/bcel/generic/ObjectType
staticfield org/aspectj/apache/bcel/generic/Type INTEGER Lorg/aspectj/apache/bcel/generic/ObjectType; org/aspectj/apache/bcel/generic/ObjectType
staticfield org/aspectj/apache/bcel/generic/Type EXCEPTION Lorg/aspectj/apache/bcel/generic/ObjectType; org/aspectj/apache/bcel/generic/ObjectType
staticfield org/aspectj/apache/bcel/generic/Type LIST Lorg/aspectj/apache/bcel/generic/ObjectType; org/aspectj/apache/bcel/generic/ObjectType
staticfield org/aspectj/apache/bcel/generic/Type ITERATOR Lorg/aspectj/apache/bcel/generic/ObjectType; org/aspectj/apache/bcel/generic/ObjectType
staticfield org/aspectj/apache/bcel/generic/Type NO_ARGS [Lorg/aspectj/apache/bcel/generic/Type; 0 [Lorg/aspectj/apache/bcel/generic/Type;
staticfield org/aspectj/apache/bcel/generic/Type NULL Lorg/aspectj/apache/bcel/generic/ReferenceType; org/aspectj/apache/bcel/generic/Type$1
staticfield org/aspectj/apache/bcel/generic/Type UNKNOWN Lorg/aspectj/apache/bcel/generic/Type; org/aspectj/apache/bcel/generic/Type$2
staticfield org/aspectj/apache/bcel/generic/Type STRINGARRAY1 [Lorg/aspectj/apache/bcel/generic/Type; 1 [Lorg/aspectj/apache/bcel/generic/Type;
staticfield org/aspectj/apache/bcel/generic/Type STRINGARRAY2 [Lorg/aspectj/apache/bcel/generic/Type; 2 [Lorg/aspectj/apache/bcel/generic/Type;
staticfield org/aspectj/apache/bcel/generic/Type STRINGARRAY3 [Lorg/aspectj/apache/bcel/generic/Type; 3 [Lorg/aspectj/apache/bcel/generic/Type;
staticfield org/aspectj/apache/bcel/generic/Type STRINGARRAY4 [Lorg/aspectj/apache/bcel/generic/Type; 4 [Lorg/aspectj/apache/bcel/generic/Type;
staticfield org/aspectj/apache/bcel/generic/Type STRINGARRAY5 [Lorg/aspectj/apache/bcel/generic/Type; 5 [Lorg/aspectj/apache/bcel/generic/Type;
staticfield org/aspectj/apache/bcel/generic/Type STRINGARRAY6 [Lorg/aspectj/apache/bcel/generic/Type; 6 [Lorg/aspectj/apache/bcel/generic/Type;
staticfield org/aspectj/apache/bcel/generic/Type STRINGARRAY7 [Lorg/aspectj/apache/bcel/generic/Type; 7 [Lorg/aspectj/apache/bcel/generic/Type;
ciInstanceKlass org/aspectj/apache/bcel/generic/ObjectType 1 1 101 100 1 10 7 12 1 1 1 10 7 12 1 1 1 9 12 1 1 7 1 10 12 1 8 1 10 12 1 1 10 7 12 1 1 1 8 1 10 12 1 1 10 12 1 1 10 12 1 1 10 100 12 1 1 1 10 100 12 1 1 1 10 12 1 10 12 1 1 10 12 1 10 12 1 1 1 1 1 1 1 1 1 1 1 1 1 1 1 1 1 1 1 1 1 1 1 1 1 1 1
ciInstanceKlass java/lang/AssertionError 0 0 79 10 10 10 10 100 10 10 10 10 10 10 10 10 100 100 1 1 1 5 0 1 1 1 1 1 1 1 1 1 1 1 1 1 100 1 1 1 1 1 1 1 1 1 1 1 1 1 1 1 1 1 12 12 100 12 1 12 12 12 12 12 12 12 12 1 1 1 1 1 1 1 1 1 1 1 1 1 1
ciInstanceKlass java/lang/StringIndexOutOfBoundsException 0 0 45 10 10 100 10 8 10 10 10 100 100 1 1 1 5 0 1 1 1 1 1 1 1 1 1 1 1 1 1 1 1 12 12 1 1 12 12 12 1 1 1 1 1 1 1
ciInstanceKlass java/util/NoSuchElementException 0 0 26 10 10 100 100 1 1 1 5 0 1 1 1 1 1 1 1 1 1 1 1 1 12 12 1 1
ciInstanceKlass org/aspectj/weaver/ResolvedMember 1 0 186 100 1 9 12 1 1 100 1 100 1 100 1 100 1 1 1 1 1 1 1 1 1 1 1 1 1 1 1 1 1 1 1 1 1 1 1 1 1 1 1 1 1 100 1 1 1 1 1 1 1 1 1 1 1 1 1 1 1 1 1 1 1 1 1 1 1 1 1 1 1 1 1 1 1 1 1 1 1 1 1 1 1 1 1 1 1 1 1 1 1 1 1 1 1 1 1 1 1 1 1 1 1 1 1 1 1 1 1 1 1 1 1 1 1 100 1 100 1 1 1 100 1 8 1 1 12 10 1 1 1 8 1 1 1 8 1 1 1 8 1 1 1 8 1 1 1 8 1 1 8 1 1 8 1 1 8 1 1 8 1 1 1 8 1 1 1 8 1 1 1 8 1 1 1 8 1 1 1 8 1 1 1 8 1 1
instanceKlass org/aspectj/weaver/bcel/AspectInstanceVar
instanceKlass org/aspectj/weaver/bcel/BcelFieldRef
instanceKlass org/aspectj/weaver/bcel/TypeAnnotationAccessVar
instanceKlass org/aspectj/weaver/bcel/BcelCflowAccessVar
ciInstanceKlass org/aspectj/weaver/bcel/BcelVar 0 0 154 10 100 12 1 1 1 9 100 12 1 1 1 9 12 1 100 1 10 12 1 8 1 10 12 1 1 10 12 1 1 10 12 1 8 1 10 12 1 10 12 1 1 8 1 8 1 10 100 12 1 1 1 10 100 12 1 1 1 10 12 1 10 12 1 10 100 12 1 1 10 12 10 100 12 1 1 1 10 12 1 10 10 100 12 1 1 10 12 1 1 10 12 1 1 10 12 1 1 10 12 1 10 12 1 1 10 12 1 1 9 12 1 1 1 1 1 1 1 1 1 1 1 100 1 1 1 1 1 1 1 1 1 1 1 1 1 1 1 1 1 1 1 1 1 1 1 1 1 1 1 1 1 1
instanceKlass org/aspectj/weaver/Checker
instanceKlass org/aspectj/weaver/Advice
ciInstanceKlass org/aspectj/weaver/ShadowMunger 1 1 414 10 7 12 1 1 1 9 7 12 1 1 1 9 12 1 1 9 12 1 1 9 12 1 9 12 1 9 12 1 1 10 7 12 1 1 1 9 12 1 1 10 12 1 1 10 12 1 1 10 12 1 1 11 100 12 1 1 1 100 1 10 100 12 1 1 1 10 100 12 1 1 1 11 12 1 1 9 100 12 1 1 1 10 12 1 1 10 7 12 1 1 10 12 1 1 9 100 12 1 1 1 11 100 12 1 1 1 100 1 10 8 1 10 12 1 1 10 7 12 1 1 1 8 1 8 1 10 12 1 10 100 12 1 1 1 11 12 1 1 100 1 10 11 12 1 11 12 1 1 10 12 1 10 12 1 10 100 12 1 1 1 10 7 12 1 1 1 10 12 1 1 10 12 1 10 10 100 12 1 1 1 9 12 1 1 11 7 12 1 1 1 10 12 1 9 12 1 10 12 1 1 10 12 1 1 100 1 10 12 1 1 11 100 12 1 1 10 12 1 1 10 12 1 1 100 1 10 12 1 1 11 100 12 1 1 1 11 12 1 11 12 1 3 11 12 1 10 12 1 9 12 1 1 10 12 1 8 1 10 12 1 1 8 1 10 12 1 10 12 1 1 11 12 1 10 100 12 1 1 10 12 1 8 1 10 12 9 12 1 1 9 12 9 12 1 10 100 12 1 1 1 10 100 12 1 1 1 10 12 1 10 12 1 10 12 1 1 10 9 12 1 1 100 1 100 1 1 1 3 1 3 1 1 1 1 1 1 1 1 1 1 1 1 1 1 1 1 1 1 1 1 1 1 1 1 1 1 1 1 1 1 1 1 1 1 1 1 1 1 1 1 1 1 1 1 1 1 1 1 1 1 1 1 1 1 1 1 1 1 1 1 1 1 1 1 1 100 1 1 1 1 1 1 1 100 1 1 100 1 1 100 1 1
staticfield org/aspectj/weaver/ShadowMunger NONE [Lorg/aspectj/weaver/ShadowMunger; 0 [Lorg/aspectj/weaver/ShadowMunger;
instanceKlass org/aspectj/weaver/bcel/BcelShadow$1
ciInstanceKlass org/aspectj/weaver/bcel/BcelAdvice 1 1 1042 10 7 12 1 1 1 10 7 12 1 1 1 10 7 12 1 1 1 9 12 1 1 9 12 1 1 9 12 1 1 9 12 1 1 11 7 12 1 1 1 9 100 12 1 1 1 10 12 1 1 11 12 1 1 9 7 12 1 1 1 100 1 10 12 1 1 10 7 12 1 1 1 7 1 10 12 1 1 10 7 12 1 1 1 100 1 10 12 1 10 10 12 1 1 10 12 1 10 12 1 1 10 10 12 1 10 12 1 1 10 12 1 1 10 12 1 10 12 1 1 10 12 1 1 9 12 1 1 10 12 1 1 7 1 10 12 1 10 7 12 1 1 1 10 7 12 1 1 1 9 12 1 1 10 10 12 1 10 12 1 1 9 7 12 1 1 1 10 7 12 1 1 8 1 10 12 1 1 10 12 1 1 10 10 12 1 1 7 1 10 12 1 10 12 1 10 12 1 11 12 1 1 9 12 1 1 10 12 1 10 12 1 1 100 1 10 12 1 100 1 10 12 1 9 12 1 1 10 12 1 10 12 1 9 12 1 10 12 1 1 10 12 1 10 100 12 1 1 10 12 1 1 10 12 1 1 9 12 1 1 9 12 1 10 12 1 1 9 12 1 10 12 1 10 12 1 10 12 1 1 10 100 12 1 1 1 9 100 12 1 1 1 10 12 1 1 9 12 1 10 12 1 1 10 12 1 10 12 1 10 12 1 10 100 12 1 1 1 9 100 12 1 1 1 10 100 12 1 1 100 1 10 12 1 11 11 12 10 12 1 1 10 12 1 1 100 1 10 12 1 1 10 100 12 1 1 1 10 100 12 1 1 1 10 100 12 1 1 1 9 100 12 1 1 1 10 12 1 10 12 1 9 12 1 10 12 1 10 12 1 10 12 1 10 12 1 1 11 100 12 1 1 10 10 12 1 10 12 1 1 11 12 1 1 10 12 1 1 10 10 10 12 1 10 12 1 9 12 1 1 11 100 1 9 12 1 100 1 10 12 1 10 100 1 10 12 1 9 12 1 11 12 1 9 12 1 10 12 1 1 11 9 12 1 8 1 10 9 12 1 10 12 1 9 12 1 10 12 1 9 12 1 10 12 1 10 12 1 9 12 1 10 12 1 1 9 12 1 10 12 1 10 12 1 10 12 1 1 10 10 9 12 1 10 12 1 1 10 12 1 10 12 1 1 10 12 1 9 12 1 10 12 1 1 10 100 1 10 12 1 1 10 9 12 1 9 12 1 1 100 1 10 12 1 10 12 1 9 12 1 10 12 1 10 12 1 100 1 100 1 10 8 1 10 12 1 1 10 12 1 10 10 12 1 10 12 1 1 100 1 11 12 1 10 100 12 1 1 1 100 1 10 9 12 1 10 12 1 1 9 12 1 10 12 1 9 12 1 100 1 8 1 10 10 12 1 1 10 12 1 1 11 12 1 10 12 1 10 12 1 11 12 1 10 12 1 1 10 12 1 10 12 1 10 12 1 1 10 9 10 12 1 10 12 1 10 100 12 1 1 1 10 100 12 1 1 1 10 12 1 10 12 1 1 10 12 1 1 10 12 1 1 10 12 1 10 12 1 1 10 12 1 100 1 10 10 12 1 1 10 12 1 1 10 100 12 1 1 10 100 12 1 1 100 1 10 10 10 12 1 10 12 1 10 12 1 1 10 12 1 1 10 12 1 10 12 1 10 12 1 1 10 12 1 1 8 1 10 10 12 1 1 100 1 8 1 10 12 1 8 1 10 8 1 10 12 1 11 100 12 1 1 1 9 100 12 1 1 1 10 12 1 9 12 1 10 12 1 9 12 1 8 1 10 12 1 1 10 12 1 1 8 1 10 12 1 8 1 10 12 1 10 12 1 1 10 12 1 10 12 1 10 100 12 1 1 1 10 12 1 11 12 1 11 12 1 1 9 12 1 10 12 1 9 12 1 9 12 1 11 100 12 1 1 10 12 1 1 10 12 9 12 1 1 9 12 1 1 11 12 1 10 12 1 1 10 12 1 1 10 12 1 10 12 1 1 1 1 1 1 1 1 1 1 1 1 1 1 1 1 100 1 1 1 1 1 1 1 1 1 1 1 1 1 1 1 1 1 1 1 1 1 1 1 1 1 1 1 1 1 1 1 1 1 1 1 1 1 1 1 1 1 100 1 1 1 1 1 1 1 1 1 1 1 1 1 1 1 1 100 1 1 1 1 1 1 1 1 1 1 1 1 1 1 1 1 1 1 1 1 1 1 1 1 1 1 1 1 1 100 1 100 1 1 1 1 1 1 1 1 1 1 1 1 1 1 1 1 1 1 1 1 1 1 100 1 1 1 1 1 1 1 1 1 1 100 1 1 1 100 1
ciInstanceKlass org/aspectj/weaver/AnnotationAJ 1 1 38 7 1 9 12 1 1 100 1 1 1 1 1 1 1 1 1 1 1 1 1 1 1 1 1 1 1 1 1 1 1 1 1 1 1 1 1 1
staticfield org/aspectj/weaver/AnnotationAJ EMPTY_ARRAY [Lorg/aspectj/weaver/AnnotationAJ; 0 [Lorg/aspectj/weaver/AnnotationAJ;
ciInstanceKlass org/aspectj/bridge/ISourceLocation 1 1 53 100 1 7 1 7 1 8 1 10 12 1 1 9 12 1 1 7 1 10 12 1 9 12 1 1 100 1 100 1 1 1 1 3 1 1 3 1 1 1 1 1 1 1 1 1 1 1 1 1 1 1 1
staticfield org/aspectj/bridge/ISourceLocation NO_FILE Ljava/io/File; java/io/File
staticfield org/aspectj/bridge/ISourceLocation EMPTY Lorg/aspectj/bridge/ISourceLocation; org/aspectj/bridge/SourceLocation
instanceKlass org/aspectj/weaver/patterns/ConcreteCflowPointcut
instanceKlass org/aspectj/weaver/patterns/WithinPointcut
instanceKlass org/aspectj/weaver/patterns/HandlerPointcut
instanceKlass org/aspectj/weaver/patterns/KindedPointcut
instanceKlass org/aspectj/weaver/patterns/ReferencePointcut
instanceKlass org/aspectj/weaver/patterns/WithincodePointcut
instanceKlass org/aspectj/weaver/internal/tools/PointcutDesignatorHandlerBasedPointcut
instanceKlass org/aspectj/weaver/patterns/CflowPointcut
instanceKlass org/aspectj/weaver/patterns/NameBindingPointcut
instanceKlass org/aspectj/weaver/patterns/Pointcut$MatchesNothingPointcut
instanceKlass org/aspectj/weaver/patterns/IfPointcut
instanceKlass org/aspectj/weaver/patterns/PerClause
instanceKlass org/aspectj/weaver/patterns/NotPointcut
instanceKlass org/aspectj/weaver/patterns/OrPointcut
instanceKlass org/aspectj/weaver/patterns/AndPointcut
ciInstanceKlass org/aspectj/weaver/patterns/Pointcut 1 1 411 10 7 12 1 1 1 9 7 12 1 1 1 9 12 1 9 12 1 9 12 1 1 9 12 1 1 9 12 1 9 7 12 1 1 1 9 12 1 9 12 1 1 10 12 1 1 10 12 1 1 10 7 12 1 1 1 10 12 1 1 9 100 12 1 1 9 12 1 1 10 12 1 1 7 1 11 7 12 1 1 10 12 1 100 1 10 12 1 10 12 1 1 10 12 1 1 9 12 1 10 7 12 1 1 1 10 12 1 1 10 12 1 1 10 12 1 1 100 1 100 1 10 12 1 9 100 12 1 1 1 10 12 1 1 10 12 1 10 12 1 1 10 12 1 1 9 12 1 10 12 1 1 10 100 12 1 1 1 10 100 12 1 1 1 10 100 1 10 100 1 10 100 1 10 100 1 10 100 1 10 100 1 10 100 1 10 100 1 10 100 1 10 100 1 10 100 1 10 12 1 1 10 12 1 10 100 1 10 100 1 10 100 1 10 100 1 10 100 1 10 12 1 1 100 1 100 1 10 8 1 10 12 1 1 10 12 1 10 12 1 1 10 12 1 7 1 10 12 1 10 12 1 1 10 12 1 10 100 12 1 1 100 1 10 10 12 1 1 7 1 10 8 1 10 12 1 8 1 7 1 7 1 8 1 10 12 1 8 1 8 1 1 1 3 1 3 1 3 1 3 1 3 1 3 1 3 1 3 1 3 1 3 1 3 1 3 1 3 1 3 1 3 1 3 1 3 1 3 1 3 1 3 1 3 1 1 1 1 1 1 1 1 1 1 1 1 1 1 1 1 1 1 1 1 1 1 1 1 1 1 1 1 1 1 1 1 1 1 1 1 1 1 1 1 1 1 1 1 1 1 1 1 1 1 100 1 1 1 1 1 1 1 1 1 1 1 1 1 1 1 1 1 1 1 1 1 1 1 1 1
staticfield org/aspectj/weaver/patterns/Pointcut EMPTY_STRING_ARRAY [Ljava/lang/String; 0 [Ljava/lang/String;
staticfield org/aspectj/weaver/patterns/Pointcut SYMBOLIC Lorg/aspectj/weaver/patterns/Pointcut$State; org/aspectj/weaver/patterns/Pointcut$State
staticfield org/aspectj/weaver/patterns/Pointcut RESOLVED Lorg/aspectj/weaver/patterns/Pointcut$State; org/aspectj/weaver/patterns/Pointcut$State
staticfield org/aspectj/weaver/patterns/Pointcut CONCRETE Lorg/aspectj/weaver/patterns/Pointcut$State; org/aspectj/weaver/patterns/Pointcut$State
ciInstanceKlass org/aspectj/apache/bcel/classfile/ConstantPool 1 1 658 9 7 12 1 1 1 10 7 12 1 1 1 7 1 10 9 12 1 1 9 12 1 9 12 1 7 1 9 12 1 1 10 7 12 1 1 1 10 12 1 1 10 12 1 1 100 1 10 12 1 1 9 12 1 1 100 1 100 1 10 8 1 10 12 1 1 9 12 1 1 8 1 10 12 1 8 1 10 12 1 10 12 1 1 10 12 1 100 1 8 1 8 1 8 1 10 12 1 1 10 12 1 10 12 1 7 1 10 12 1 100 1 10 12 1 100 1 8 1 10 7 1 10 12 1 10 100 12 1 1 1 8 1 10 12 1 1 100 1 11 12 1 100 1 10 10 12 1 1 8 1 10 12 1 100 1 10 12 1 8 1 10 12 1 100 1 8 1 10 12 1 10 100 1 10 10 100 1 10 12 1 8 1 10 12 1 100 1 10 12 1 100 1 8 1 10 100 1 8 1 10 8 1 10 100 12 1 1 10 12 1 10 12 1 1 8 1 8 1 8 1 8 1 8 1 10 12 1 10 12 1 11 100 12 1 1 1 3 10 100 12 1 1 1 10 100 12 1 1 10 12 1 1 9 12 1 1 100 1 10 8 1 8 1 100 1 10 12 1 10 100 12 1 1 11 100 12 1 1 1 10 12 1 1 10 12 1 1 11 12 1 1 10 12 1 1 10 12 1 10 10 12 1 1 10 10 100 12 1 1 10 12 1 10 100 12 1 1 10 12 1 1 10 12 1 10 12 1 10 3 100 1 8 1 8 1 10 10 100 12 1 1 1 10 12 1 1 10 12 1 1 100 1 10 12 1 10 10 10 12 1 10 10 12 1 1 100 1 10 12 1 10 100 12 1 1 10 12 1 10 12 1 1 10 12 1 1 100 1 10 12 1 10 100 12 1 1 1 10 12 1 10 12 1 1 10 12 1 1 100 1 10 12 1 10 12 1 10 10 12 1 10 100 12 1 1 1 10 12 1 1 10 12 1 10 12 1 10 12 1 10 12 1 1 10 12 1 1 10 12 1 10 12 1 10 12 1 10 12 1 10 12 1 10 12 1 10 12 1 10 12 1 10 12 1 10 10 12 1 100 1 10 10 10 10 12 1 100 1 10 10 10 10 10 10 12 1 1 10 12 1 1 10 12 1 1 10 12 1 10 7 12 1 1 1 100 1 1 1 1 1 1 1 1 1 1 1 100 1 1 1 1 1 100 1 1 1 1 1 1 1 1 1 1 1 1 1 1 1 1 1 1 1 1 1 1 1 1 1 1 1 1 100 1 1 1 1 1 1 1 1 1 1 1 1 1 1 1 1 1 1 1 1 1 1 1 1 1 1 1 1 1 1 1 1 1 1 1 1 1 1 1 1 1 1 1 1 1 1 1 1 1 1 1 1 1 1 1 1 1 1 1 1 1 1 1 1 1 1 1 1 1 1 1 1 1 1 1 1 1 1 1 1 1 1 1 1 1 1 1 1 1 1 1 1 1 1
staticfield org/aspectj/apache/bcel/classfile/ConstantPool $assertionsDisabled Z 1
instanceKlass org/aspectj/apache/bcel/generic/FieldGenOrMethodGen
instanceKlass org/aspectj/apache/bcel/generic/ClassGen
instanceKlass org/aspectj/apache/bcel/classfile/JavaClass
instanceKlass org/aspectj/apache/bcel/classfile/FieldOrMethod
ciInstanceKlass org/aspectj/apache/bcel/classfile/Modifiers 1 1 43 10 7 12 1 1 1 9 7 12 1 1 1 100 1 1 1 1 1 1 1 1 1 1 1 1 1 1 1 1 1 1 1 1 1 1 1 1 1 1 1 1 1
instanceKlass org/aspectj/apache/bcel/classfile/Method
instanceKlass org/aspectj/apache/bcel/classfile/Field
ciInstanceKlass org/aspectj/apache/bcel/classfile/FieldOrMethod 1 1 183 10 7 12 1 1 1 9 7 12 1 1 1 9 12 1 1 10 12 1 1 10 12 1 10 12 1 10 12 1 1 10 12 1 1 10 12 1 10 7 12 1 1 10 7 12 1 1 1 9 12 1 1 9 12 1 1 9 12 1 9 12 1 9 12 1 1 10 100 12 1 1 1 10 12 1 1 9 12 1 100 1 10 7 12 1 1 1 7 1 10 12 1 1 9 12 1 10 12 1 10 12 1 9 12 1 1 7 1 10 7 1 10 12 1 1 11 7 12 1 1 1 11 12 1 9 7 12 1 1 11 12 1 1 7 10 12 1 1 10 100 1 100 1 1 1 1 1 1 1 1 1 1 1 1 100 1 1 1 1 1 1 1 1 1 1 1 1 1 1 1 1 1 1 1 1 100 1 1 100 1 1 1
instanceKlass org/aspectj/apache/bcel/classfile/NestMembers
instanceKlass org/aspectj/apache/bcel/classfile/NestHost
instanceKlass org/aspectj/apache/bcel/classfile/ModuleMainClass
instanceKlass org/aspectj/apache/bcel/classfile/ModulePackages
instanceKlass org/aspectj/apache/bcel/classfile/Module
instanceKlass org/aspectj/apache/bcel/classfile/MethodParameters
instanceKlass org/aspectj/apache/bcel/classfile/annotation/RuntimeTypeAnnos
instanceKlass org/aspectj/apache/bcel/classfile/BootstrapMethods
instanceKlass org/aspectj/apache/bcel/classfile/EnclosingMethod
instanceKlass org/aspectj/apache/bcel/classfile/LocalVariableTypeTable
instanceKlass org/aspectj/apache/bcel/classfile/AnnotationDefault
instanceKlass org/aspectj/apache/bcel/classfile/annotation/RuntimeParamAnnos
instanceKlass org/aspectj/apache/bcel/classfile/annotation/RuntimeAnnos
instanceKlass org/aspectj/apache/bcel/classfile/StackMap
instanceKlass org/aspectj/apache/bcel/classfile/Signature
instanceKlass org/aspectj/apache/bcel/classfile/Deprecated
instanceKlass org/aspectj/apache/bcel/classfile/Synthetic
instanceKlass org/aspectj/apache/bcel/classfile/InnerClasses
instanceKlass org/aspectj/apache/bcel/classfile/LocalVariableTable
instanceKlass org/aspectj/apache/bcel/classfile/LineNumberTable
instanceKlass org/aspectj/apache/bcel/classfile/ExceptionTable
instanceKlass org/aspectj/apache/bcel/classfile/Code
instanceKlass org/aspectj/apache/bcel/classfile/SourceFile
instanceKlass org/aspectj/apache/bcel/classfile/ConstantValue
instanceKlass org/aspectj/apache/bcel/classfile/Unknown
ciInstanceKlass org/aspectj/apache/bcel/classfile/Attribute 1 1 200 10 7 12 1 1 1 9 7 12 1 1 1 9 12 1 1 9 12 1 9 12 1 1 10 100 12 1 1 1 10 12 1 7 1 10 7 12 1 1 1 10 7 12 1 1 1 10 7 12 1 1 1 10 12 1 9 12 1 1 10 7 12 1 1 1 7 1 10 12 1 7 1 10 7 1 10 7 1 10 7 1 10 7 1 10 7 1 10 7 1 10 100 1 10 7 1 10 7 1 10 100 1 10 7 1 10 100 1 10 7 1 10 100 1 10 7 1 10 7 1 10 7 1 10 7 1 10 100 1 10 100 1 10 7 1 10 100 1 10 100 1 10 100 1 10 7 1 10 7 1 10 100 1 10 9 12 1 1 100 1 100 1 100 1 1 1 1 1 1 1 1 1 1 1 1 100 1 1 1 1 1 1 1 1 1 1 1 1 1 1 1 1 1 1 1 1 1 1 1
staticfield org/aspectj/apache/bcel/classfile/Attribute NoAttributes [Lorg/aspectj/apache/bcel/classfile/Attribute; 0 [Lorg/aspectj/apache/bcel/classfile/Attribute;
ciInstanceKlass org/aspectj/apache/bcel/classfile/Code 1 1 269 10 7 12 1 1 1 10 12 1 10 12 1 10 12 1 10 12 1 1 10 12 1 1 10 12 1 1 10 12 1 1 10 12 1 1 10 7 12 1 1 100 1 100 1 100 1 10 12 1 9 12 1 10 12 1 1 9 12 1 9 12 1 7 1 10 12 1 10 7 12 1 1 1 9 12 1 9 12 1 1 100 1 10 7 12 1 1 9 12 1 9 12 1 10 12 1 10 12 1 1 10 12 1 1 11 100 12 1 1 1 10 12 1 1 10 100 12 1 1 1 10 12 1 10 12 1 1 10 9 12 1 1 100 1 7 1 9 10 12 1 10 12 1 100 1 10 12 1 8 1 10 12 1 1 10 12 1 8 1 8 1 8 1 9 12 1 1 10 100 12 1 1 1 10 12 1 1 10 12 1 8 1 10 12 1 8 1 8 1 10 10 12 1 8 1 10 12 1 8 1 10 100 12 1 1 1 8 1 10 12 1 8 1 10 12 1 8 1 1 1 1 1 1 1 1 1 1 1 1 1 1 1 1 100 1 1 1 1 1 1 1 1 1 1 1 1 1 1 1 1 1 1 1 1 1 1 1 1 1 1 1 1 1 100 1 1 1 1
staticfield org/aspectj/apache/bcel/classfile/Code NO_EXCEPTIONS [Lorg/aspectj/apache/bcel/classfile/CodeException; 0 [Lorg/aspectj/apache/bcel/classfile/CodeException;
ciInstanceKlass org/aspectj/apache/bcel/classfile/ExceptionTable 1 1 136 10 7 12 1 1 1 10 12 1 10 12 1 1 10 12 1 1 10 12 1 1 100 1 10 7 12 1 1 10 12 1 1 100 1 10 7 12 1 1 9 12 1 1 9 12 1 11 100 12 1 1 1 10 12 1 1 10 100 12 1 1 1 7 1 9 12 1 1 10 7 12 1 1 1 10 12 1 1 100 1 8 1 10 12 1 10 100 12 1 1 1 10 12 1 1 8 1 10 12 1 1 1 1 1 1 1 1 1 1 1 1 1 1 1 1 1 100 1 1 1 1 1 1 1 1 1 1 1 100 1 1 1 1 1 1
ciInstanceKlass org/aspectj/apache/bcel/classfile/LineNumberTable 1 1 183 10 7 12 1 1 1 10 12 1 10 12 1 1 10 12 1 1 10 12 1 1 100 1 10 7 12 1 1 9 12 1 1 10 12 1 1 100 1 9 12 1 1 10 7 12 1 1 1 7 1 10 12 10 12 1 10 12 1 9 12 1 1 7 1 9 12 1 10 12 1 10 12 1 1 100 1 100 1 8 1 10 12 1 10 12 1 11 100 12 1 1 1 10 12 1 1 10 100 12 1 1 10 12 1 1 10 100 1 10 12 10 12 1 1 10 12 1 1 8 1 10 12 1 10 12 1 10 12 1 10 12 1 10 10 12 1 10 12 1 1 1 1 1 1 1 1 1 1 1 1 1 1 1 1 1 1 1 1 1 1 1 1 1 1 1 1 1 1 1 1 1 1 1 1 1 1 1 1 1 1 1 1
ciInstanceKlass org/aspectj/apache/bcel/classfile/LocalVariableTable 1 1 183 10 7 12 1 1 1 10 12 1 10 12 1 1 10 12 1 1 10 12 1 1 100 1 10 7 12 1 1 9 12 1 1 10 12 1 1 9 12 1 1 10 7 12 1 1 1 10 12 1 1 11 100 12 1 1 1 10 12 1 1 10 100 12 1 1 9 12 1 1 10 12 1 1 9 12 1 1 10 7 1 10 12 1 100 1 8 1 10 12 1 10 12 1 1 10 12 1 1 10 12 1 10 100 1 8 1 10 9 12 1 9 12 1 7 1 10 12 10 12 1 10 12 1 100 1 100 1 8 1 10 12 1 10 12 1 9 12 1 1 10 12 1 10 12 1 8 1 1 1 1 1 1 1 1 1 1 1 1 1 1 1 1 1 1 1 1 1 1 1 100 1 1 1 1 1 1 1 1 1 1 1 1
ciInstanceKlass org/aspectj/apache/bcel/classfile/Signature 1 1 223 10 7 12 1 1 1 10 12 1 10 12 1 10 12 1 1 10 12 1 1 10 7 12 1 1 100 1 10 7 12 1 1 9 12 1 1 9 100 12 1 1 1 8 1 10 100 12 1 1 1 11 100 12 1 1 1 10 12 1 1 10 100 12 1 1 1 9 12 1 1 10 7 12 1 1 1 7 1 10 12 1 1 10 100 12 1 1 100 1 100 1 10 12 1 8 1 10 12 1 1 10 12 1 8 1 10 12 1 10 12 10 12 1 1 10 100 12 1 1 1 10 12 1 8 1 10 100 12 1 1 10 12 1 1 10 12 1 10 12 1 10 12 1 1 10 12 1 1 10 12 1 8 1 8 1 8 1 10 8 1 10 12 1 1 10 12 1 1 8 1 8 1 10 12 1 10 12 1 8 1 8 1 1 1 1 1 1 1 1 1 1 1 1 1 100 1 1 1 1 1 1 1 1 1 1 1 1 1 1 1 1 1 1 1 1 1 1 1 1 1 1 1
instanceKlass org/aspectj/apache/bcel/classfile/annotation/RuntimeInvisAnnos
instanceKlass org/aspectj/apache/bcel/classfile/annotation/RuntimeVisAnnos
ciInstanceKlass org/aspectj/apache/bcel/classfile/annotation/RuntimeAnnos 1 1 152 10 7 12 1 1 1 9 7 12 1 1 1 9 12 1 7 1 10 12 1 9 12 1 1 9 12 1 1 10 12 1 9 12 1 1 10 7 12 1 1 1 10 100 12 1 1 11 7 12 1 1 1 10 12 1 1 11 12 1 1 11 100 12 1 1 1 11 12 1 1 7 1 10 12 1 1 7 1 10 12 1 10 12 1 10 12 1 10 12 1 1 10 12 1 1 11 12 1 1 10 12 1 100 1 100 1 8 1 10 12 1 1 1 1 1 1 1 1 1 1 1 1 1 1 1 1 1 1 1 1 1 1 1 1 1 1 1 1 1 1 1 1 1 1 1 1 1 1 1 1 1
ciInstanceKlass org/aspectj/apache/bcel/classfile/annotation/RuntimeVisAnnos 1 1 72 100 1 10 7 12 1 1 1 10 7 12 1 1 10 12 1 1 10 12 1 11 100 12 1 1 1 10 12 1 1 10 12 1 100 1 8 1 10 12 1 1 1 1 1 1 1 1 1 1 1 1 1 1 1 100 1 1 1 1 1 1 1 1 1 1 1 1 1 1 1 1
ciInstanceKlass org/aspectj/apache/bcel/classfile/annotation/RuntimeVisParamAnnos 1 1 63 100 1 10 7 12 1 1 1 10 12 1 10 7 12 1 1 10 12 1 1 11 100 12 1 1 1 100 1 8 1 10 12 1 1 1 1 1 1 1 1 1 1 1 1 1 1 1 1 1 1 1 100 1 1 1 1 1 1 1 1 1 1
ciInstanceKlass org/aspectj/apache/bcel/classfile/LocalVariableTypeTable 1 1 129 10 7 12 1 1 1 10 12 1 10 12 1 1 10 12 1 1 10 12 1 1 100 1 10 7 12 1 1 10 12 1 1 100 1 10 7 12 1 1 9 12 1 1 7 1 9 12 1 10 12 1 11 100 12 1 1 1 10 12 1 1 10 100 12 1 1 1 10 10 12 1 100 1 8 1 10 12 1 10 12 1 1 10 12 1 1 10 12 1 10 1 1 1 1 1 1 1 1 1 1 1 1 1 1 1 1 1 1 1 100 1 1 100 1 1 1 1 1 1 1 1 1 1 1 1 1 1 1
ciInstanceKlass org/aspectj/apache/bcel/generic/BasicType 1 1 83 9 7 12 1 1 1 10 7 12 1 1 1 100 1 100 1 10 12 1 8 1 10 12 1 1 10 12 1 10 12 1 1 10 12 1 9 7 12 1 1 1 9 12 1 9 12 1 9 12 1 9 12 1 9 12 1 9 12 1 9 12 1 9 12 1 9 12 1 1 1 1 1 1 1 1 1 1 1 1 1 1 1
ciInstanceKlass org/aspectj/apache/bcel/generic/ClassGenException 0 0 21 10 100 12 1 1 1 10 12 1 100 1 1 1 1 1 1 1 1 1 1
ciInstanceKlass org/aspectj/apache/bcel/classfile/Method 1 1 263 10 7 12 1 1 1 9 7 12 1 1 1 10 12 1 10 12 1 10 12 1 11 100 12 1 1 1 10 12 1 1 9 12 1 1 10 7 12 1 1 1 10 12 1 1 10 12 1 1 10 7 12 1 1 1 10 12 1 1 9 12 1 1 10 100 12 1 1 1 9 12 1 1 9 12 1 100 1 10 100 12 1 1 1 100 1 10 12 1 1 9 12 1 10 10 12 1 1 100 1 10 12 1 100 1 10 8 1 10 12 1 1 10 100 12 1 1 8 1 10 10 12 1 1 10 8 1 10 100 12 1 1 1 8 1 10 12 1 10 7 12 1 1 1 10 12 1 1 10 12 1 9 12 1 1 9 12 1 10 12 1 1 100 1 100 1 100 1 10 9 100 12 1 1 1 10 12 1 1 10 10 100 12 1 1 1 11 100 12 1 1 7 11 12 1 1 100 10 12 1 9 12 1 1 1 1 1 1 1 1 1 1 1 1 100 1 1 1 1 1 1 1 1 1 1 1 1 1 1 1 1 1 1 1 1 1 1 1 100 1 1 1 1 1 1 1 1 1 1 1 1 1 1 1 1 1 1 1 1 1 1 1
staticfield org/aspectj/apache/bcel/classfile/Method NO_PARAMETER_ANNOTATIONS [[Lorg/aspectj/apache/bcel/classfile/annotation/AnnotationGen; 0 [[Lorg/aspectj/apache/bcel/classfile/annotation/AnnotationGen;
staticfield org/aspectj/apache/bcel/classfile/Method NoMethods [Lorg/aspectj/apache/bcel/classfile/Method; 0 [Lorg/aspectj/apache/bcel/classfile/Method;
ciInstanceKlass org/aspectj/apache/bcel/classfile/CodeException 1 1 153 10 7 12 1 1 1 10 12 1 10 12 1 10 12 1 10 12 1 1 10 7 12 1 1 10 7 12 1 1 9 12 1 1 9 12 1 9 12 1 9 12 1 11 100 12 1 1 1 10 100 12 1 1 1 100 1 10 8 1 10 12 1 1 10 12 1 8 1 8 1 8 1 8 1 10 12 1 1 8 1 100 1 10 100 12 1 1 1 10 100 12 1 1 1 8 1 8 1 8 1 10 12 1 10 12 1 1 100 1 100 1 100 1 100 1 1 1 1 1 1 1 1 1 1 1 100 1 1 1 1 1 1 1 1 1 1 1 1 1 1 1 1 1 1 1 100 1 1 1 1 1 1
ciInstanceKlass org/aspectj/apache/bcel/classfile/LocalVariable 1 1 165 10 7 12 1 1 1 10 12 1 10 12 1 10 12 1 10 12 1 10 12 1 1 10 12 1 1 10 7 12 1 1 10 7 12 1 1 9 12 1 1 9 12 1 9 12 1 9 12 1 9 12 1 9 12 1 1 11 100 12 1 1 1 10 100 12 1 1 1 100 1 10 7 12 1 1 1 7 1 10 12 1 1 10 12 1 10 12 1 10 100 12 1 1 1 100 1 10 8 1 10 12 1 1 10 12 1 8 1 8 1 8 1 8 1 8 1 10 12 1 10 12 1 1 100 1 100 1 100 1 1 1 1 1 1 1 1 1 1 1 100 1 1 1 1 1 1 1 1 1 1 1 1 1 1 1 1 1 1 1 1 1 1 1 1
ciInstanceKlass org/aspectj/weaver/ISourceContext 1 0 14 100 1 100 1 1 1 1 1 1 1 1 1 1
ciInstanceKlass org/aspectj/weaver/AjAttribute$EffectiveSignatureAttribute 0 0 110 100 1 8 1 10 100 12 1 1 1 9 12 1 1 9 12 1 1 9 12 1 1 11 100 12 1 1 1 10 100 12 1 1 10 100 12 1 1 1 10 100 12 1 1 1 10 12 1 1 10 100 12 1 1 1 10 12 1 100 1 10 8 1 10 12 1 1 10 12 1 8 1 8 1 10 12 1 1 1 1 1 1 1 1 1 1 1 1 1 1 100 1 1 1 1 1 1 1 1 1 1 1 1 1 1 1 100 1 1
ciInstanceKlass org/aspectj/weaver/bcel/Utility 1 1 931 10 100 12 1 1 1 7 1 10 7 1 10 12 1 1 10 7 12 1 1 1 9 7 12 1 1 1 100 1 8 1 10 12 1 1 100 1 8 1 10 12 1 10 12 1 1 10 12 1 1 10 12 1 1 10 12 1 100 1 100 1 10 8 1 10 12 1 1 10 12 1 8 1 8 1 10 12 1 8 1 10 10 12 1 11 7 12 1 1 1 11 12 1 1 11 12 1 1 11 100 12 1 1 1 10 100 1 8 1 10 12 1 1 10 12 1 10 12 1 1 10 12 1 1 11 12 1 8 1 10 12 1 11 100 12 1 1 10 100 12 1 1 1 100 1 8 1 10 10 12 1 11 8 10 12 1 8 1 10 12 1 100 1 11 12 1 1 10 100 1 11 12 1 10 100 12 1 1 1 11 12 1 1 10 12 1 1 10 100 12 1 1 1 10 12 1 1 10 12 1 1 10 100 12 1 1 1 10 12 1 1 100 1 10 12 1 1 10 100 12 1 1 1 100 1 10 12 1 1 100 1 10 12 1 10 100 12 1 1 1 10 100 12 1 10 12 10 12 10 10 12 1 10 12 1 10 12 1 1 10 12 1 9 12 1 1 8 1 10 12 1 1 8 1 10 12 1 8 1 10 12 1 1 100 1 8 1 10 10 10 100 12 1 1 10 12 1 10 12 1 9 12 1 1 10 10 12 1 10 12 1 1 10 100 12 1 1 9 100 12 1 1 1 10 12 1 1 9 12 10 8 1 8 1 100 1 10 12 1 1 8 1 9 12 1 1 10 12 1 10 7 12 1 1 10 12 1 1 9 12 1 1 10 12 1 1 10 9 12 1 10 9 12 1 9 12 1 9 12 10 100 1 8 1 10 10 10 12 1 1 9 100 12 1 1 1 9 12 1 9 12 1 9 12 1 9 12 1 9 12 1 9 12 1 100 1 100 1 10 12 1 100 1 100 1 10 12 1 10 12 1 1 10 100 1 10 12 1 9 12 1 1 7 1 7 1 10 12 1 10 12 1 10 12 1 1 100 1 8 1 10 12 1 1 10 12 1 10 12 1 1 10 7 12 1 1 1 10 12 1 1 11 7 12 1 1 1 11 7 12 1 1 11 12 1 1 7 1 11 12 1 1 10 12 1 10 12 1 1 100 1 8 1 100 1 10 12 1 1 100 1 10 12 1 1 10 12 1 10 12 1 10 12 1 1 10 100 12 1 1 1 10 12 1 7 1 10 12 1 10 12 1 10 12 1 10 12 1 1 100 1 10 12 1 1 10 12 1 1 10 12 1 9 12 1 1 9 12 1 1 5 0 11 12 1 1 10 100 12 1 1 1 10 10 100 12 1 1 1 9 12 1 10 100 1 10 12 1 1 10 100 12 1 1 10 12 1 11 12 1 10 100 12 1 1 1 11 12 1 1 100 1 10 12 1 1 100 1 10 12 1 1 100 1 10 12 1 10 12 1 1 10 12 1 10 12 1 1 100 1 10 12 1 10 12 1 10 12 1 8 1 8 1 8 1 8 1 8 1 10 8 1 8 1 10 12 1 1 8 1 8 1 8 1 8 1 8 1 8 1 8 1 8 1 8 1 8 1 8 1 8 1 8 1 8 1 8 1 8 1 8 1 8 1 8 1 8 1 8 1 8 1 8 1 8 1 8 1 8 1 8 1 8 1 8 1 8 1 1 1 1 1 1 1 1 1 1 1 1 1 1 1 1 1 1 1 1 1 1 1 1 1 1 1 1 1 1 1 1 1 1 1 1 1 100 1 1 1 1 1 1 1 1 1 1 1 1 1 1 1 1 1 1 1 1 1 1 1 1 1 1 1 1 1 1 1 1 1 1 1 1 1 100 1 1 1 1 1 1 1 1 1 1 1 1 1 1 1 1 1 1 1 1 1 1 1 1 1 1 1 1 1 1 1 1 1 1 1 1 1 1 1 1 1 1 1 1 1 1 1 100 1 1 1 1 1 1 1 1 1 1 1 1 1 1 1 1 100 1 1 1 1 1 1 1 1 1 1 1 1 1 1 1 1 1 1 1 1 1 1 1 1 1 100 100 1 1 1 1 1 1 1 1 1 1 1 1 100 1 1
staticfield org/aspectj/weaver/bcel/Utility PACKAGE_INITIAL_CHAR C 111
instanceKlass org/aspectj/apache/bcel/generic/RET
instanceKlass org/aspectj/apache/bcel/generic/InstructionBranch
instanceKlass org/aspectj/apache/bcel/generic/InstructionLV
instanceKlass org/aspectj/apache/bcel/generic/InstructionCP
instanceKlass org/aspectj/apache/bcel/generic/InstructionShort
instanceKlass org/aspectj/apache/bcel/generic/InstructionByte
ciInstanceKlass org/aspectj/apache/bcel/generic/Instruction 1 1 340 10 7 12 1 1 1 9 7 12 1 1 1 10 100 12 1 1 1 9 100 12 1 1 1 9 7 12 1 1 1 10 12 1 1 100 1 9 100 12 1 1 1 10 100 12 1 1 1 10 7 12 1 1 1 7 1 10 12 1 1 10 12 1 7 1 10 12 1 1 10 12 1 7 1 10 12 1 10 12 1 7 1 10 7 1 10 12 1 7 1 10 10 12 1 100 1 10 12 1 100 1 10 100 1 10 12 1 7 1 10 7 1 10 7 1 10 12 1 100 1 10 12 1 100 1 10 12 1 100 1 8 1 10 12 1 100 1 10 12 1 1 9 12 1 1 9 12 1 1 9 12 1 9 12 1 1 100 1 10 10 12 1 1 100 1 100 1 10 8 1 10 12 1 1 10 12 1 10 10 10 12 1 1 9 12 1 1 8 1 10 12 1 8 1 10 12 1 8 1 9 12 1 1 5 0 10 100 12 1 1 1 100 1 8 1 10 8 1 10 100 12 1 1 9 5 0 5 0 5 0 5 0 5 0 5 0 100 1 10 12 1 1 100 1 5 0 5 0 8 1 8 1 10 12 1 10 7 12 1 1 1 100 1 100 1 1 1 1 1 1 1 1 1 1 1 1 100 1 1 1 1 1 1 1 1 1 1 1 1 1 1 1 1 1 1 1 1 1 1 1 1 1 1 1 1 1 1 1 1 1 1 100 1 1 1 1 1 1 1 1 1 1 1 1 1 1 1 1 1 1 1 1 1 1 1 1 1 1 1
staticfield org/aspectj/apache/bcel/generic/Instruction $assertionsDisabled Z 1
instanceKlass org/aspectj/apache/bcel/generic/MULTIANEWARRAY
instanceKlass org/aspectj/apache/bcel/generic/FieldOrMethod
ciInstanceKlass org/aspectj/apache/bcel/generic/InstructionCP 1 1 204 10 7 12 1 1 1 9 7 12 1 1 1 9 12 1 1 100 1 10 100 12 1 1 1 9 12 1 1 100 1 10 12 1 10 12 1 10 12 1 1 100 1 10 10 12 1 1 10 12 1 1 8 1 10 12 1 10 12 1 10 100 12 1 1 1 10 12 1 1 100 1 10 100 12 1 1 1 9 12 1 1 10 100 12 1 1 1 9 100 12 1 1 1 9 12 1 1 9 12 1 9 12 1 9 12 1 10 12 1 1 8 1 10 12 1 1 8 1 8 1 10 12 1 1 100 1 8 1 10 12 1 100 1 10 12 1 100 1 10 12 1 100 1 10 12 1 100 1 10 12 1 100 1 10 12 1 100 1 10 12 1 1 1 1 1 1 1 1 1 1 1 1 1 100 1 1 1 1 1 1 1 1 1 1 1 1 1 1 1 1 1 1 1 1 1 1 1 1 1 1 1 1 1
instanceKlass org/aspectj/apache/bcel/generic/InvokeInstruction
instanceKlass org/aspectj/apache/bcel/generic/FieldInstruction
ciInstanceKlass org/aspectj/apache/bcel/generic/FieldOrMethod 1 1 104 10 7 12 1 1 1 9 7 12 1 1 1 9 12 1 1 10 7 12 1 1 1 7 1 10 12 1 1 7 1 10 12 1 7 1 10 12 1 1 9 12 1 10 12 1 9 12 1 10 12 1 100 1 10 12 1 1 10 7 12 1 1 1 10 12 1 1 100 1 10 12 1 1 10 12 1 10 12 1 1 1 1 1 1 1 1 1 1 1 1 1 1 1 1 1 1 1 1 1 1 1 1 1
instanceKlass org/aspectj/apache/bcel/generic/InvokeDynamic
instanceKlass org/aspectj/apache/bcel/generic/INVOKEINTERFACE
ciInstanceKlass org/aspectj/apache/bcel/generic/InvokeInstruction 1 1 114 10 7 12 1 1 1 9 100 12 1 1 1 10 100 12 1 1 1 100 1 10 12 1 1 10 12 1 100 1 10 12 1 9 100 12 1 1 1 9 12 1 1 10 12 1 1 8 1 10 12 1 1 10 100 12 1 1 1 10 12 1 10 12 1 1 10 100 12 1 1 1 10 12 1 1 10 12 1 1 10 12 1 10 12 1 10 12 1 1 1 1 1 1 1 1 1 1 1 1 1 1 1 1 1 1 1 1 1 1 1 1 1 1
ciInstanceKlass org/aspectj/apache/bcel/generic/InstructionTargeter 1 0 11 100 1 100 1 1 1 1 1 1 1
instanceKlass org/aspectj/apache/bcel/generic/InstructionSelect
ciInstanceKlass org/aspectj/apache/bcel/generic/InstructionBranch 1 1 227 10 7 12 1 1 1 7 1 9 12 1 1 10 12 1 1 10 12 1 1 10 100 12 1 1 1 9 12 1 1 100 1 100 1 100 1 10 12 1 8 1 10 12 1 1 10 12 1 1 10 100 12 1 1 8 1 10 12 1 8 1 10 12 1 10 12 1 10 100 12 1 1 1 10 12 1 10 12 1 100 1 8 1 10 9 12 1 1 8 1 10 12 1 8 1 10 7 12 1 1 9 12 1 8 1 8 1 8 1 10 12 1 1 8 1 8 1 8 1 8 1 10 12 1 1 10 12 1 1 10 12 1 8 1 10 12 1 8 1 9 12 1 1 5 0 100 1 10 12 1 1 10 12 10 12 1 1 10 12 1 10 12 1 100 1 8 1 10 5 0 100 1 1 1 3 1 1 1 1 1 1 1 1 1 1 1 1 1 1 1 100 1 1 1 1 1 1 1 1 1 1 1 1 1 1 1 1 1 1 1 1 1 1 1 1 1 1 1 1 1 1 1 1 1 1 1
instanceKlass org/aspectj/weaver/ResolvedMemberImpl
ciInstanceKlass org/aspectj/weaver/MemberImpl 1 1 472 10 7 12 1 1 1 9 7 12 1 1 1 9 12 1 9 12 1 1 9 12 1 1 9 12 1 1 9 12 1 1 9 12 1 9 12 1 1 9 12 1 9 12 1 10 7 12 1 1 1 9 12 1 9 12 1 1 9 12 1 10 12 1 1 7 10 12 1 1 10 12 1 1 10 100 12 1 1 1 7 1 10 8 1 10 12 1 1 10 12 1 8 1 10 12 1 10 7 12 1 1 1 7 1 10 10 12 1 1 10 12 1 10 12 1 1 11 7 12 1 1 1 11 12 1 1 10 12 1 1 10 12 1 10 12 1 1 10 12 1 1 9 12 1 9 12 1 100 1 9 12 1 8 1 9 12 1 10 12 1 9 12 1 8 1 10 12 1 1 10 12 1 8 10 12 1 9 12 1 9 12 1 9 12 1 100 1 9 12 1 8 1 8 1 10 12 1 100 1 10 12 1 1 11 10 12 1 11 10 11 10 12 1 1 11 10 10 100 12 1 10 10 10 12 1 1 10 10 12 1 8 1 10 12 1 8 1 10 12 1 10 12 1 1 9 12 1 10 12 1 10 12 1 10 12 1 1 11 100 12 1 1 11 12 1 10 12 1 1 10 12 1 10 12 1 100 1 8 1 8 1 10 10 12 1 100 1 10 11 100 1 10 12 1 1 10 12 1 11 12 1 10 100 12 1 1 1 11 100 12 1 1 1 11 12 1 1 10 12 1 10 12 1 1 10 12 1 11 12 1 1 7 1 10 12 1 10 12 1 10 12 1 10 12 1 1 9 100 12 1 1 1 100 1 8 10 10 12 1 1 10 100 12 1 1 1 9 12 1 10 12 1 1 1 1 1 1 1 1 1 1 1 1 1 1 1 1 1 1 1 1 1 1 1 1 1 1 1 1 1 1 1 1 1 1 1 1 1 1 1 1 1 1 1 1 1 1 1 1 1 1 1 1 1 1 1 1 1 1 1 1 1 1 1 1 1 1 1 1 1 1 1 1 1 1 1 1 1 1 1 1 1 1 1 1 1 1 1 1 1 1 1 1 1 1 1 1 1 1 1 1
instanceKlass org/aspectj/weaver/bcel/BcelField
instanceKlass org/aspectj/weaver/bcel/BcelMethod
instanceKlass org/aspectj/weaver/ResolvedPointcutDefinition
ciInstanceKlass org/aspectj/weaver/ResolvedMemberImpl 1 1 934 10 7 12 1 1 1 9 7 12 1 1 1 9 12 1 1 9 7 12 1 1 1 9 12 1 9 12 1 1 9 12 1 1 9 12 1 1 9 12 1 1 9 12 1 1 9 12 1 9 12 1 9 12 1 1 9 12 1 1 9 12 1 10 12 1 11 100 12 1 1 10 12 1 11 100 12 1 1 1 10 12 1 1 11 12 1 9 100 12 1 1 1 10 11 12 1 1 9 12 1 1 100 1 10 12 1 10 12 1 1 100 1 10 11 100 12 1 1 1 11 100 12 1 1 11 12 1 1 7 1 10 12 1 11 100 12 1 1 1 10 12 1 1 10 12 1 10 12 1 1 11 12 1 1 11 12 1 1 9 12 1 11 12 1 10 7 12 1 1 1 11 10 12 1 1 11 12 1 10 12 1 1 10 12 1 1 10 12 1 1 10 12 1 9 12 1 1 11 10 12 1 11 10 12 1 9 12 1 1 10 12 1 1 100 1 8 1 10 12 1 11 12 1 1 10 11 12 1 1 100 1 8 1 10 11 12 1 1 10 11 100 12 1 1 1 8 1 11 12 1 1 100 1 10 8 1 10 12 1 1 10 100 12 1 1 1 10 100 12 1 1 1 8 1 10 12 1 10 100 12 1 1 1 100 1 10 9 12 1 10 100 1 10 12 1 1 10 100 12 1 1 10 12 1 1 10 12 1 10 12 1 10 12 1 10 12 1 1 10 10 12 1 10 10 12 1 10 12 1 1 10 12 1 10 12 1 10 12 1 9 12 1 1 10 12 1 10 100 1 10 12 1 10 100 1 9 12 1 9 12 1 8 1 10 12 1 8 1 8 1 10 8 1 10 11 10 12 1 1 10 100 12 1 1 10 12 1 10 12 1 1 10 12 1 1 10 12 1 1 10 12 1 10 12 1 10 12 1 10 10 12 1 1 9 12 1 9 12 1 10 12 1 100 1 10 12 1 10 12 1 1 10 12 1 10 12 1 1 10 12 1 10 12 1 10 100 12 1 1 10 12 1 1 10 12 1 10 7 12 1 1 10 12 1 100 1 10 12 1 1 10 12 1 1 10 12 1 1 10 11 100 12 1 1 1 10 12 1 10 12 1 10 10 12 1 10 12 1 1 10 12 1 10 12 1 10 12 1 1 10 12 1 10 8 1 10 12 1 100 1 8 1 10 12 1 8 1 9 12 1 1 10 10 12 1 1 8 1 100 1 10 10 12 1 10 11 100 12 1 1 1 10 12 1 10 12 1 1 10 12 1 10 12 1 10 10 12 1 1 10 12 1 1 10 12 1 1 10 12 1 1 10 100 1 11 12 1 1 11 12 1 11 12 1 1 10 10 12 1 10 12 1 10 12 1 10 12 1 10 12 1 100 1 10 8 1 8 1 10 12 1 1 9 12 1 9 12 1 9 12 1 11 11 10 12 1 10 12 1 100 1 10 100 1 10 10 12 1 1 10 10 12 1 100 1 11 8 1 10 12 1 10 10 12 1 8 1 3 10 12 10 12 1 10 12 1 8 1 8 1 10 12 1 8 1 10 10 12 1 9 9 12 1 8 1 10 12 1 11 11 10 12 1 1 11 10 12 1 1 10 100 1 1 1 1 1 1 1 1 1 1 1 1 1 1 1 1 1 1 1 1 1 1 1 1 1 1 1 1 1 1 1 1 1 1 1 1 1 1 1 1 1 1 1 1 1 1 1 1 1 1 1 1 1 1 1 1 1 1 100 1 1 1 1 1 100 1 1 1 1 1 1 1 1 1 1 1 1 1 1 1 1 1 1 1 100 100 1 100 1 1 1 1 1 1 1 1 100 1 1 1 1 1 1 1 1 1 1 1 1 1 1 1 100 1 1 1 1 1 1 1 1 1 1 1 1 1 1 1 1 1 1 1 1 1 1 1 1 1 1 1 1 1 1 1 1 1 1 1 1 1 1 1 1 1 1 1 1 1 1 1 1 1 1 1 1 1 1 1 1 1 1 1 1 1 1 1 1 1 1 1 1 1 1 1 1 1 1 1 1 1 1 1 1 1 1 1 1 1 1 1 1 1 1 1 1 1 1 1 1 1 1 1 1 100 1 1 100 1 1 100 1 1
ciInstanceKlass org/aspectj/weaver/AjcMemberMaker 1 1 596 100 1 10 100 12 1 1 1 7 1 9 7 12 1 1 1 7 1 100 1 8 1 8 10 12 1 8 1 9 12 1 1 8 8 1 8 1 9 12 1 8 1 9 12 1 10 7 12 1 1 1 8 1 8 1 9 12 1 9 12 1 10 7 12 1 1 1 10 12 1 1 10 12 1 1 10 12 1 1 9 12 1 1 10 12 1 10 12 1 10 12 1 9 12 1 8 1 8 1 8 1 8 1 9 12 1 8 1 8 1 8 1 10 12 1 1 10 12 1 100 1 10 10 12 1 10 12 1 1 8 1 10 12 1 10 12 1 10 12 1 1 10 12 1 8 1 10 12 1 8 1 8 1 10 12 1 8 1 8 1 8 1 10 12 1 1 10 12 1 8 1 8 1 8 1 10 12 1 8 1 9 12 1 11 100 12 1 1 1 11 12 1 1 10 12 1 1 11 12 1 11 10 12 1 1 11 12 1 1 11 12 1 11 11 9 12 1 8 1 10 12 1 11 11 10 12 1 8 1 11 12 1 8 1 9 12 1 10 12 1 10 12 1 1 10 12 1 1 10 12 1 10 12 1 10 12 1 100 1 8 1 8 1 10 8 1 8 1 9 12 1 9 12 1 8 1 8 1 8 1 8 1 9 12 1 10 12 1 1 10 12 1 10 12 1 10 12 1 10 12 1 1 10 12 1 1 10 12 1 1 10 12 1 11 12 1 1 11 12 1 1 10 12 1 10 12 1 1 10 12 1 10 12 1 1 10 12 1 10 12 1 10 12 1 10 12 1 10 12 1 11 12 1 1 10 12 1 1 10 10 12 1 10 12 1 10 12 1 10 12 1 1 11 12 1 1 10 12 1 10 8 1 9 12 1 9 12 1 10 12 1 10 12 1 1 8 1 8 1 8 1 8 1 8 1 9 12 1 8 1 9 12 1 8 1 9 12 1 8 1 9 12 1 8 1 9 12 1 8 1 9 12 1 8 1 9 12 1 8 1 9 12 1 8 1 9 12 1 8 1 9 12 1 8 1 9 12 1 8 1 9 12 1 8 1 9 12 1 8 1 9 12 1 8 1 9 12 1 8 1 9 12 1 1 1 1 3 1 3 1 3 1 3 1 3 1 1 1 1 1 1 1 1 1 1 1 1 1 1 1 1 1 1 1 1 1 1 1 1 1 1 1 1 1 1 1 1 1 1 1 1 1 1 1 1 1 1 1 1 1 100 1 1 1 1 1 1 1 1 1 1 1 100 100 1 1 1 1 1 1 1 1 1 1 1 1 1 1 1 1 1 1 1 1 1 1 1 1 1 1 1 1 1 1 1 1 1 1 1 1 1 1 1 1 1
staticfield org/aspectj/weaver/AjcMemberMaker CFLOW_STACK_TYPE Lorg/aspectj/weaver/UnresolvedType; org/aspectj/weaver/UnresolvedType
staticfield org/aspectj/weaver/AjcMemberMaker AROUND_CLOSURE_TYPE Lorg/aspectj/weaver/UnresolvedType; org/aspectj/weaver/UnresolvedType
staticfield org/aspectj/weaver/AjcMemberMaker CONVERSIONS_TYPE Lorg/aspectj/weaver/UnresolvedType; org/aspectj/weaver/UnresolvedType
staticfield org/aspectj/weaver/AjcMemberMaker NO_ASPECT_BOUND_EXCEPTION Lorg/aspectj/weaver/UnresolvedType; org/aspectj/weaver/UnresolvedType
staticfield org/aspectj/weaver/AjcMemberMaker ASPECT_ANNOTATION Lorg/aspectj/weaver/UnresolvedType; org/aspectj/weaver/UnresolvedType
staticfield org/aspectj/weaver/AjcMemberMaker BEFORE_ANNOTATION Lorg/aspectj/weaver/UnresolvedType; org/aspectj/weaver/UnresolvedType
staticfield org/aspectj/weaver/AjcMemberMaker AROUND_ANNOTATION Lorg/aspectj/weaver/UnresolvedType; org/aspectj/weaver/UnresolvedType
staticfield org/aspectj/weaver/AjcMemberMaker AFTERRETURNING_ANNOTATION Lorg/aspectj/weaver/UnresolvedType; org/aspectj/weaver/UnresolvedType
staticfield org/aspectj/weaver/AjcMemberMaker AFTERTHROWING_ANNOTATION Lorg/aspectj/weaver/UnresolvedType; org/aspectj/weaver/UnresolvedType
staticfield org/aspectj/weaver/AjcMemberMaker AFTER_ANNOTATION Lorg/aspectj/weaver/UnresolvedType; org/aspectj/weaver/UnresolvedType
staticfield org/aspectj/weaver/AjcMemberMaker POINTCUT_ANNOTATION Lorg/aspectj/weaver/UnresolvedType; org/aspectj/weaver/UnresolvedType
staticfield org/aspectj/weaver/AjcMemberMaker DECLAREERROR_ANNOTATION Lorg/aspectj/weaver/UnresolvedType; org/aspectj/weaver/UnresolvedType
staticfield org/aspectj/weaver/AjcMemberMaker DECLAREWARNING_ANNOTATION Lorg/aspectj/weaver/UnresolvedType; org/aspectj/weaver/UnresolvedType
staticfield org/aspectj/weaver/AjcMemberMaker DECLAREPRECEDENCE_ANNOTATION Lorg/aspectj/weaver/UnresolvedType; org/aspectj/weaver/UnresolvedType
staticfield org/aspectj/weaver/AjcMemberMaker DECLAREPARENTS_ANNOTATION Lorg/aspectj/weaver/UnresolvedType; org/aspectj/weaver/UnresolvedType
staticfield org/aspectj/weaver/AjcMemberMaker DECLAREMIXIN_ANNOTATION Lorg/aspectj/weaver/UnresolvedType; org/aspectj/weaver/UnresolvedType
staticfield org/aspectj/weaver/AjcMemberMaker TYPEX_JOINPOINT Lorg/aspectj/weaver/UnresolvedType; org/aspectj/weaver/UnresolvedType
staticfield org/aspectj/weaver/AjcMemberMaker TYPEX_PROCEEDINGJOINPOINT Lorg/aspectj/weaver/UnresolvedType; org/aspectj/weaver/UnresolvedType
staticfield org/aspectj/weaver/AjcMemberMaker TYPEX_STATICJOINPOINT Lorg/aspectj/weaver/UnresolvedType; org/aspectj/weaver/UnresolvedType
staticfield org/aspectj/weaver/AjcMemberMaker TYPEX_ENCLOSINGSTATICJOINPOINT Lorg/aspectj/weaver/UnresolvedType; org/aspectj/weaver/UnresolvedType
instanceKlass org/aspectj/weaver/AdviceKind
instanceKlass org/aspectj/weaver/Shadow$Kind
instanceKlass org/aspectj/weaver/patterns/PerClause$Kind
instanceKlass org/aspectj/weaver/patterns/Pointcut$State
instanceKlass org/aspectj/weaver/MemberKind
ciInstanceKlass org/aspectj/util/TypeSafeEnum 1 1 78 10 7 12 1 1 1 9 7 12 1 1 1 100 1 100 1 100 1 10 8 1 10 12 1 1 10 12 1 10 12 1 1 10 12 1 9 12 1 1 10 100 12 1 1 1 10 7 12 1 1 1 10 12 1 1 1 1 1 1 1 1 1 1 1 1 1 1 1 1 1 1 100 1 1 1 1 1
ciInstanceKlass org/aspectj/weaver/MemberKind 1 1 86 10 7 12 1 1 1 10 100 12 1 1 1 9 100 12 1 1 1 9 12 1 9 12 1 9 12 1 9 12 1 9 12 1 9 12 1 9 12 1 9 12 1 100 1 100 1 10 12 1 8 1 10 12 1 1 10 12 1 10 12 1 1 10 12 1 100 1 1 1 1 1 1 1 1 1 1 1 1 1 1 1 100 1 1 1
instanceKlass org/aspectj/weaver/bcel/BcelShadow
ciInstanceKlass org/aspectj/weaver/Shadow 1 1 708 10 7 12 1 1 1 10 7 12 1 1 1 9 7 12 1 1 1 9 12 1 1 9 12 1 1 9 12 1 9 12 1 1 9 12 1 1 9 12 1 1 10 12 1 1 10 7 12 1 1 1 10 12 1 10 12 1 1 11 100 12 1 1 1 10 100 12 1 1 1 10 12 1 100 1 8 1 10 12 1 11 12 1 1 10 12 1 10 12 1 10 12 1 10 12 1 8 1 9 12 1 100 1 11 12 1 11 12 1 1 9 12 1 10 12 1 9 12 1 9 12 1 10 12 1 8 1 10 100 12 1 1 1 10 12 1 10 12 1 1 9 12 1 1 10 12 1 1 10 12 1 1 100 1 10 12 1 10 12 1 1 10 12 1 9 12 1 1 10 12 1 1 11 100 12 1 1 11 12 1 9 12 1 9 12 1 1 11 12 1 9 12 1 9 12 1 1 9 12 1 10 100 12 1 1 10 12 1 1 11 100 12 1 1 1 11 100 12 1 1 11 12 1 1 10 12 1 1 9 12 1 10 12 1 1 9 100 12 1 1 1 100 1 8 1 10 12 1 1 10 12 1 1 10 10 100 12 1 1 1 11 12 1 1 10 12 1 10 12 1 1 10 12 1 1 9 12 1 100 1 10 11 100 12 1 1 1 10 12 1 10 12 1 10 12 1 10 100 12 1 1 1 10 12 1 1 11 10 12 1 1 8 1 10 12 1 10 100 12 1 1 1 11 100 12 1 1 1 10 12 1 1 9 100 12 1 1 1 10 100 12 1 1 11 12 1 100 1 10 11 12 1 1 100 1 9 12 1 1 10 12 1 10 12 1 10 100 12 1 1 1 10 12 1 10 12 1 1 10 100 12 1 1 1 10 100 1 10 10 12 1 10 12 1 1 8 1 10 12 1 10 12 1 11 100 12 1 1 11 11 10 12 1 1 10 12 1 10 10 12 1 1 100 1 8 1 10 10 12 1 10 12 1 10 12 1 10 12 1 10 12 1 1 10 12 1 1 8 1 8 1 8 1 10 12 1 8 1 8 1 11 12 1 8 1 10 12 1 8 1 9 12 1 1 8 1 9 12 1 8 1 9 12 1 8 1 9 12 1 8 1 9 12 1 8 1 9 12 1 8 1 9 12 1 8 1 9 12 1 8 1 9 12 1 8 1 9 12 1 8 1 9 12 1 8 1 9 12 1 8 1 9 12 1 10 12 1 9 12 1 9 12 1 9 12 1 9 12 1 9 12 1 9 12 1 9 12 1 9 12 1 9 12 1 9 12 1 1 1 1 1 3 1 3 1 3 1 3 1 3 1 3 1 3 1 3 1 3 1 3 1 3 1 3 1 3 1 3 1 1 1 1 1 1 1 1 1 1 1 1 1 1 1 1 1 1 1 1 100 1 1 100 1 1 1 1 1 1 1 1 1 1 1 1 1 1 1 1 1 1 1 1 1 1 1 1 1 1 1 1 1 100 1 1 1 1 1 1 1 1 1 1 1 1 1 1 1 1 1 1 1 1 1 1 1 1 1 1 1 1 1 1 1 1 1 1 1 1 1 1 1 1 1 1 1 1 1 1 1 1 1 1 1 1 1 100 1
staticfield org/aspectj/weaver/Shadow MethodCall Lorg/aspectj/weaver/Shadow$Kind; org/aspectj/weaver/Shadow$Kind
staticfield org/aspectj/weaver/Shadow ConstructorCall Lorg/aspectj/weaver/Shadow$Kind; org/aspectj/weaver/Shadow$Kind
staticfield org/aspectj/weaver/Shadow MethodExecution Lorg/aspectj/weaver/Shadow$Kind; org/aspectj/weaver/Shadow$Kind
staticfield org/aspectj/weaver/Shadow ConstructorExecution Lorg/aspectj/weaver/Shadow$Kind; org/aspectj/weaver/Shadow$Kind
staticfield org/aspectj/weaver/Shadow FieldGet Lorg/aspectj/weaver/Shadow$Kind; org/aspectj/weaver/Shadow$Kind
staticfield org/aspectj/weaver/Shadow FieldSet Lorg/aspectj/weaver/Shadow$Kind; org/aspectj/weaver/Shadow$Kind
staticfield org/aspectj/weaver/Shadow StaticInitialization Lorg/aspectj/weaver/Shadow$Kind; org/aspectj/weaver/Shadow$Kind
staticfield org/aspectj/weaver/Shadow PreInitialization Lorg/aspectj/weaver/Shadow$Kind; org/aspectj/weaver/Shadow$Kind
staticfield org/aspectj/weaver/Shadow AdviceExecution Lorg/aspectj/weaver/Shadow$Kind; org/aspectj/weaver/Shadow$Kind
staticfield org/aspectj/weaver/Shadow Initialization Lorg/aspectj/weaver/Shadow$Kind; org/aspectj/weaver/Shadow$Kind
staticfield org/aspectj/weaver/Shadow ExceptionHandler Lorg/aspectj/weaver/Shadow$Kind; org/aspectj/weaver/Shadow$Kind
staticfield org/aspectj/weaver/Shadow SynchronizationLock Lorg/aspectj/weaver/Shadow$Kind; org/aspectj/weaver/Shadow$Kind
staticfield org/aspectj/weaver/Shadow SynchronizationUnlock Lorg/aspectj/weaver/Shadow$Kind; org/aspectj/weaver/Shadow$Kind
staticfield org/aspectj/weaver/Shadow SHADOW_KINDS [Lorg/aspectj/weaver/Shadow$Kind; 13 [Lorg/aspectj/weaver/Shadow$Kind;
staticfield org/aspectj/weaver/Shadow ALL_SHADOW_KINDS_BITS I 16382
staticfield org/aspectj/weaver/Shadow NO_SHADOW_KINDS_BITS I 0
ciInstanceKlass org/aspectj/weaver/Shadow$Kind 1 1 150 100 1 10 7 12 1 1 1 9 7 12 1 1 1 10 12 1 1 10 100 12 1 1 1 10 12 1 1 10 12 1 1 10 12 1 1 10 100 12 1 1 1 9 12 1 1 9 12 1 9 12 1 9 12 1 9 12 1 9 12 1 9 12 1 9 12 1 9 12 1 9 12 1 9 12 1 9 12 1 9 12 1 100 1 100 1 10 12 1 8 1 10 12 1 1 10 12 1 10 12 1 10 12 1 1 1 3 1 3 1 3 1 3 1 3 1 1 1 1 1 1 1 1 1 1 1 1 1 1 1 1 1 1 1 1 1 1 1 1 1 1 1 1 100 1 1 1 1 1
instanceKlass org/aspectj/apache/bcel/generic/BranchHandle
ciInstanceKlass org/aspectj/apache/bcel/generic/InstructionHandle 1 1 132 10 7 12 1 1 1 9 7 12 1 1 1 10 7 12 1 1 1 9 12 1 1 10 12 1 1 10 12 9 12 1 1 9 12 1 9 12 1 1 10 100 12 1 1 10 12 1 11 7 12 1 1 11 12 1 1 9 12 1 7 1 10 11 12 1 11 12 1 1 10 12 1 100 1 10 10 100 12 1 1 1 10 12 1 1 8 1 10 12 1 1 10 12 1 10 100 1 1 1 1 1 1 1 1 1 1 1 1 1 1 1 1 1 1 1 1 1 1 1 1 1 1 1 1 1 1 1 1 1 1 1
ciInstanceKlass org/aspectj/apache/bcel/generic/BranchHandle 1 1 66 10 7 12 1 1 1 9 7 12 1 1 1 10 12 1 9 7 12 1 1 1 9 12 1 10 12 1 1 10 12 1 1 10 12 1 1 10 12 1 1 10 12 1 1 1 1 1 1 1 1 1 1 1 1 1 1 1 1 1 1 1 1 1 1 1
ciInstanceKlass org/aspectj/weaver/bcel/BcelMethod 1 1 809 10 7 12 1 1 1 8 1 10 7 12 1 1 1 9 7 12 1 1 1 8 1 9 12 1 9 12 1 10 7 12 1 1 1 10 12 1 1 10 12 1 10 7 12 1 1 9 12 1 1 9 12 1 1 9 12 1 1 10 7 12 1 1 1 9 12 1 1 9 12 1 1 10 12 1 1 10 12 1 1 10 12 1 1 10 12 1 1 10 12 1 1 9 7 12 1 1 10 7 12 1 1 1 10 12 1 1 9 12 1 10 12 1 10 12 1 10 12 1 1 10 100 12 1 1 10 100 12 1 1 9 12 1 1 10 12 1 1 10 12 1 10 12 1 1 11 7 12 1 1 10 12 1 1 9 12 1 1 8 1 8 1 8 1 8 1 10 12 1 1 7 1 10 12 1 1 10 100 12 1 1 1 11 7 12 1 1 1 11 7 12 1 1 1 11 12 1 1 100 1 10 12 1 8 1 10 12 1 1 10 100 12 1 1 100 1 8 1 10 12 1 100 1 10 12 10 12 1 10 12 1 11 12 1 10 12 1 1 11 12 1 100 1 10 8 1 10 12 1 1 10 12 1 10 12 1 11 12 1 1 100 1 10 12 1 1 10 7 12 1 1 1 9 12 1 10 7 12 1 1 1 10 7 12 1 1 1 10 7 1 10 12 1 9 12 1 1 10 12 1 1 10 12 1 1 10 12 1 1 10 7 12 1 1 10 12 1 1 10 7 1 10 12 1 1 10 12 1 10 12 1 1 9 12 1 1 10 7 12 1 1 1 10 7 12 1 1 1 7 1 7 1 9 12 1 1 7 1 10 12 1 1 100 1 100 1 9 12 1 1 100 1 10 12 1 100 1 8 1 10 12 1 10 12 1 10 100 1 8 1 100 1 10 12 1 8 1 10 10 12 1 10 12 1 1 11 100 12 1 1 10 12 1 10 10 12 1 10 12 1 11 100 12 1 1 1 100 1 10 12 1 9 12 1 10 12 1 1 10 12 1 9 12 1 1 10 9 12 1 1 9 12 1 10 11 12 1 1 10 100 12 1 1 1 10 12 1 9 12 1 1 9 12 1 100 10 12 1 9 12 10 12 1 10 12 1 1 9 12 1 1 9 12 1 1 9 12 1 100 10 12 1 10 12 1 1 10 12 1 10 12 1 10 12 1 10 12 1 10 12 1 100 1 10 10 12 1 1 9 100 12 1 1 1 100 1 9 12 1 1 10 100 12 1 1 1 100 1 100 1 8 1 10 8 1 8 1 10 12 1 10 10 12 1 1 100 1 9 12 1 1 10 12 1 1 8 1 8 1 9 12 1 1 8 1 100 1 10 12 1 10 12 1 1 10 100 12 1 1 10 12 1 1 8 1 10 12 1 1 10 12 1 1 10 100 12 1 1 9 12 1 1 9 12 1 8 1 1 1 1 3 1 3 1 3 1 3 1 3 1 3 1 3 1 3 1 3 1 1 1 1 1 1 1 1 100 1 1 1 1 1 1 1 1 1 1 100 1 1 1 1 1 100 1 1 1 1 1 1 1 1 1 1 1 1 1 1 1 1 1 1 1 1 1 1 1 1 1 1 1 1 1 1 1 1 1 1 1 1 1 1 1 1 1 1 100 1 1 1 1 1 1 1 1 1 1 1 1 1 1 1 1 1 1 1 1 1 1 1 1 1 1 1 1 1 1 1 1 1 1 1 1 100 1 1 1 100 1 1 1 1 1 1 1 1 1 1 1 1 1 1 1 1 1 100 100 1 100 1 1 1 1 1 1 1 1 1 1 1 1 1 1 1 100 1 1 1 1 1 1 1 100 1 1 1 1 1 1
staticfield org/aspectj/weaver/bcel/BcelMethod PACKAGE_INITIAL_CHAR C 111
ciInstanceKlass org/aspectj/bridge/context/CompilationAndWeavingContext 1 1 365 10 7 12 1 1 1 10 100 12 1 1 1 9 12 1 1 9 12 1 1 10 7 12 1 1 9 12 1 1 10 7 12 1 1 9 12 1 1 11 100 1 9 12 1 1 10 100 12 1 1 1 11 12 1 1 10 12 1 1 10 11 100 12 1 1 1 11 100 12 1 1 1 11 12 1 1 7 1 10 12 1 9 12 1 11 100 12 1 1 1 10 12 1 1 100 1 10 10 12 1 8 1 10 12 1 1 10 12 1 7 1 10 12 1 1 8 1 10 10 12 1 10 8 1 10 12 1 1 7 1 10 12 1 10 12 1 9 12 1 1 10 12 1 10 12 1 7 1 10 12 1 11 12 1 1 11 12 9 12 1 1 8 1 8 1 8 1 8 1 8 1 8 1 8 1 8 1 8 1 8 1 8 1 8 1 8 1 8 1 8 1 8 1 8 1 8 1 8 1 8 1 8 1 8 1 8 1 8 1 8 1 8 1 8 1 8 1 8 1 8 1 8 1 8 1 8 1 8 1 9 12 1 1 10 7 1 10 7 1 10 12 1 1 1 3 1 3 1 3 1 3 1 3 1 3 1 3 1 3 1 3 1 3 1 3 1 3 1 3 1 3 1 3 1 3 1 3 1 3 1 3 1 3 1 3 1 3 1 3 1 3 1 3 1 3 1 3 1 3 1 3 1 3 1 3 1 3 1 3 1 3 1 1 1 1 1 1 1 1 1 1 1 1 1 1 1 1 1 1 1 1 1 1 1 1 1 1 1 1 1 1 1 1 1 1 1 1 1 1 1 1 1 1 1 1 1 1 1 1 1 1 1 100 1
staticfield org/aspectj/bridge/context/CompilationAndWeavingContext PHASE_NAMES [Ljava/lang/String; 34 [Ljava/lang/String;
ciInstanceKlass org/aspectj/bridge/context/ContextToken 1 0 7 100 1 100 1 1 1
ciInstanceKlass org/aspectj/weaver/bcel/LazyClassGen 1 1 1809 1 7 1 7 1 1 100 1 1 100 1 100 1 1 100 1 100 1 1 100 1 1 100 1 100 1 100 1 100 1 1 100 1 1 100 1 100 1 100 1 1 100 1 100 1 100 1 7 1 1 1 1 1 1 1 1 1 1 1 1 1 3 1 1 1 1 1 1 1 1 1 1 1 1 1 1 1 1 1 1 1 1 1 1 1 1 1 1 1 1 1 1 1 1 1 1 1 1 1 1 1 1 1 1 1 1 1 1 1 1 1 1 1 1 1 1 1 1 1 1 12 9 1 100 1 1 12 11 12 9 1 1 12 10 1 1 12 11 1 1 1 1 1 1 1 9 1 1 12 10 1 1 12 11 1 100 1 1 12 11 1 7 1 1 12 11 1 1 12 11 1 12 9 1 1 1 1 1 1 1 100 1 100 1 12 10 1 1 12 10 1 1 12 10 1 1 12 10 1 1 12 10 1 12 10 1 1 12 10 1 100 1 12 10 1 1 1 1 1 1 1 1 1 1 12 9 1 100 1 1 12 10 1 12 10 1 7 10 12 9 12 9 1 7 10 12 9 12 9 12 9 12 9 12 9 12 9 12 9 12 9 12 9 12 9 1 7 10 12 9 12 9 12 9 12 9 1 7 1 12 10 12 9 1 1 12 10 12 9 1 7 1 12 10 12 9 12 9 1 1 1 1 1 1 1 1 12 10 1 12 10 1 1 1 1 12 10 1 12 10 1 7 1 1 12 10 1 12 10 12 9 1 1 12 10 1 7 1 1 12 10 1 1 12 10 1 1 12 10 12 10 1 7 1 1 12 10 1 100 1 7 1 12 11 1 8 1 7 1 1 12 10 1 1 12 11 1 7 1 1 12 9 1 100 1 8 10 1 12 10 1 7 1 12 10 1 1 12 10 12 9 1 100 1 100 1 1 12 9 1 8 10 1 12 10 1 1 12 10 1 1 12 10 1 1 12 9 1 12 10 1 12 10 1 100 10 1 100 1 12 10 1 1 12 10 1 8 12 10 1 1 12 10 10 1 7 1 7 1 12 10 1 1 12 10 1 12 10 1 7 1 7 1 12 11 1 1 1 1 1 1 10 1 12 11 1 7 1 1 12 10 1 12 11 12 9 10 1 1 1 12 10 1 100 1 12 10 1 12 10 1 12 10 1 12 10 1 1 12 10 1 1 1 1 8 1 12 10 1 8 12 10 1 8 1 1 12 10 9 1 1 1 1 1 12 11 1 1 1 12 10 1 100 1 12 10 1 1 12 10 1 1 1 1 10 1 12 9 10 10 1 1 1 8 1 1 12 10 1 8 10 1 1 1 1 8 1 1 1 12 9 10 1 1 1 1 1 1 1 1 11 10 1 1 1 1 1 12 10 1 12 10 1 12 11 1 100 1 1 12 10 1 8 1 12 10 10 1 100 1 1 12 10 1 1 12 10 1 12 10 1 8 1 1 12 10 1 1 12 10 1 12 10 1 12 10 1 12 10 12 10 1 1 12 9 1 1 12 10 1 12 10 1 1 12 10 1 100 1 1 12 9 1 1 12 10 1 12 11 1 1 12 10 1 12 10 11 1 1 12 10 1 1 12 9 1 8 1 100 1 1 12 10 1 1 12 10 1 12 10 1 1 1 1 12 10 1 8 1 100 1 1 12 10 100 1 12 10 1 12 10 1 12 10 1 1 12 10 1 100 1 100 1 12 10 1 8 10 1 1 12 10 1 1 1 1 1 1 1 1 1 1 1 1 1 1 1 1 1 12 10 1 12 10 1 1 10 1 12 10 10 10 1 1 12 10 1 12 9 1 8 1 100 1 100 10 1 12 10 10 1 8 1 12 10 10 1 1 1 100 1 1 12 10 1 12 10 1 100 1 100 1 12 9 1 1 12 9 1 100 1 100 1 8 1 8 1 8 1 8 1 8 1 100 1 12 10 1 8 1 100 1 1 12 10 1 7 1 12 10 1 1 12 10 1 1 1 1 1 1 1 1 1 1 100 1 1 12 10 1 12 10 12 10 1 12 9 10 10 12 10 1 1 1 1 1 12 10 1 12 10 1 1 12 10 1 1 1 1 12 11 1 1 1 1 1 12 11 1 7 1 12 10 12 10 10 12 10 1 12 10 1 1 1 12 10 1 100 1 1 12 10 1 8 1 12 10 1 1 100 10 1 12 10 1 12 10 1 12 10 1 12 9 12 10 1 12 10 1 1 1 12 10 1 8 1 1 12 10 1 1 12 10 1 8 1 8 1 12 10 1 1 12 10 100 1 8 1 12 10 12 10 1 1 12 10 1 1 12 9 1 12 10 1 8 12 10 1 1 10 1 1 12 10 1 7 1 1 12 10 1 100 1 100 1 1 12 10 1 1 12 10 1 100 1 1 12 9 1 12 10 1 1 1 1 1 1 12 10 1 1 12 10 1 12 10 1 1 1 1 1 1 7 1 12 9 1 12 9 12 9 1 12 10 1 7 1 1 12 9 1 1 12 10 1 1 10 1 100 10 1 8 12 10 1 1 12 10 10 1 1 12 10 12 10 12 10 1 1 12 10 1 12 10 1 1 1 1 1 1 1 1 12 10 1 1 1 11 1 100 1 1 12 10 1 12 10 1 8 1 12 10 1 12 10 12 9 1 7 12 9 10 12 10 1 8 1 12 10 1 12 10 1 12 10 11 1 1 1 1 1 1 1 1 1 1 1 1 1 12 10 1 8 12 9 1 1 1 1 1 1 11 1 1 12 10 1 100 12 10 12 10 1 1 1 1 12 9 1 1 12 10 1 1 12 10 1 12 10 1 1 12 10 12 10 10 8 1 12 9 12 9 1 12 10 1 1 12 10 1 1 100 10 12 10 10 1 12 11 1 12 10 12 10 1 1 12 11 5 0 1 12 11 1 12 10 10 1 12 11 1 1 12 10 1 1 12 10 1 1 1 1 1 1 1 1 1 1 1 1 12 10 1 100 1 1 12 9 1 12 10 1 12 10 1 12 10 1 12 10 10 1 12 10 1 12 10 1 12 10 10 11 1 12 9 1 100 10 1 100 1 1 12 10 1 12 10 10 1 1 12 10 1 12 9 1 100 1 12 11 1 12 10 11 1 12 11 1 12 10 1 1 12 11 1 12 10 1 1 12 11 1 12 10 1 1 12 11 1 12 11 1 12 9 1 12 9 1 12 9 1 12 9 1 12 9 1 12 9 1 12 10 1 12 10 1 12 9 1 12 9 1 1 12 10 1 1 12 9 1 12 9 1 12 10 1 12 9 1 12 9 1 12 9 1 12 10 1 1 12 10 1 8 12 9 1 12 9 10 1 8 1 100 1 8 10 12 9 12 9 1 1 1 1 1 1 1 1 1 1 1 1 1 8 1 8 1 8 1 8 1 8 1 8 1 8 1 8 1 8 10 10 1 8 1 8 1 1 1 1 12 10 12 10 1 1 12 10 1 1 12 10 1 1 12 10 1 1 12 10 12 9 12 9 100 12 9 12 9 12 9 12 9 12 9 1 8 1 12 10 1 1 1 12 9 1 12 10 1 1 12 10 1 12 9 1 12 9 1 1 12 10 10 8 8 1 8 1 12 9 1 1 12 10 1 8 1 8 8 1 8 8 8 1 8 1 8 1 8 1 8 1 8 1 8 8 1 8 1 8 1 12 10 1 1 1 1 1 12 10 10 1 12 10 10 1 12 10 1 12 10 1 12 10 1 1 1 1 12 10 12 10 1 12 10 1 12 10 1 1 8 1 8 1 8 12 10 10 1 12 10 1 12 10 1 1 12 10 1 8 1 100 1 12 10 10 1 1 1 1 1 100 10 1 1 1 10 1 12 10 12 10 10 1 12 10 1 1 11 1 12 10 1 1 10 1 8 1 8 1 8 10 1 1 1 12 10 10 1 1 1 1 12 10 1 100 1 12 10 1 12 10 1 12 10 1 12 10 1 1 1 1 12 10 10 10 1 12 10 10 1 1 1 1 1 1 1 100 1 1 1 1 1 1 12 9 1 12 9 1 8 12 9 1 8 12 9 1 8 1 8 1 8 1 8 1 8 1 8 1 1 1 1 1 1 1 1 1
staticfield org/aspectj/weaver/bcel/LazyClassGen ARRAY_7STRING_INT [Lorg/aspectj/apache/bcel/generic/Type; 8 [Lorg/aspectj/apache/bcel/generic/Type;
staticfield org/aspectj/weaver/bcel/LazyClassGen ARRAY_8STRING_INT [Lorg/aspectj/apache/bcel/generic/Type; 9 [Lorg/aspectj/apache/bcel/generic/Type;
staticfield org/aspectj/weaver/bcel/LazyClassGen PARAMSIGNATURE_MAKESJP_METHOD [Lorg/aspectj/apache/bcel/generic/Type; 9 [Lorg/aspectj/apache/bcel/generic/Type;
staticfield org/aspectj/weaver/bcel/LazyClassGen PARAMSIGNATURE_MAKESJP_CONSTRUCTOR [Lorg/aspectj/apache/bcel/generic/Type; 7 [Lorg/aspectj/apache/bcel/generic/Type;
staticfield org/aspectj/weaver/bcel/LazyClassGen PARAMSIGNATURE_MAKESJP_CATCHCLAUSE [Lorg/aspectj/apache/bcel/generic/Type; 5 [Lorg/aspectj/apache/bcel/generic/Type;
staticfield org/aspectj/weaver/bcel/LazyClassGen PARAMSIGNATURE_MAKESJP_FIELD [Lorg/aspectj/apache/bcel/generic/Type; 6 [Lorg/aspectj/apache/bcel/generic/Type;
staticfield org/aspectj/weaver/bcel/LazyClassGen PARAMSIGNATURE_MAKESJP_INITIALIZER [Lorg/aspectj/apache/bcel/generic/Type; 4 [Lorg/aspectj/apache/bcel/generic/Type;
staticfield org/aspectj/weaver/bcel/LazyClassGen PARAMSIGNATURE_MAKESJP_MONITOR [Lorg/aspectj/apache/bcel/generic/Type; 3 [Lorg/aspectj/apache/bcel/generic/Type;
staticfield org/aspectj/weaver/bcel/LazyClassGen PARAMSIGNATURE_MAKESJP_ADVICE [Lorg/aspectj/apache/bcel/generic/Type; 9 [Lorg/aspectj/apache/bcel/generic/Type;
staticfield org/aspectj/weaver/bcel/LazyClassGen NO_STRINGS [Ljava/lang/String; 0 [Ljava/lang/String;
staticfield org/aspectj/weaver/bcel/LazyClassGen proceedingTjpType Lorg/aspectj/apache/bcel/generic/ObjectType; org/aspectj/apache/bcel/generic/ObjectType
staticfield org/aspectj/weaver/bcel/LazyClassGen tjpType Lorg/aspectj/apache/bcel/generic/ObjectType; org/aspectj/apache/bcel/generic/ObjectType
staticfield org/aspectj/weaver/bcel/LazyClassGen staticTjpType Lorg/aspectj/apache/bcel/generic/ObjectType; org/aspectj/apache/bcel/generic/ObjectType
staticfield org/aspectj/weaver/bcel/LazyClassGen typeForAnnotation Lorg/aspectj/apache/bcel/generic/ObjectType; org/aspectj/apache/bcel/generic/ObjectType
staticfield org/aspectj/weaver/bcel/LazyClassGen enclosingStaticTjpType Lorg/aspectj/apache/bcel/generic/ObjectType; org/aspectj/apache/bcel/generic/ObjectType
staticfield org/aspectj/weaver/bcel/LazyClassGen sigType Lorg/aspectj/apache/bcel/generic/ObjectType; org/aspectj/apache/bcel/generic/ObjectType
staticfield org/aspectj/weaver/bcel/LazyClassGen factoryType Lorg/aspectj/apache/bcel/generic/ObjectType; org/aspectj/apache/bcel/generic/ObjectType
staticfield org/aspectj/weaver/bcel/LazyClassGen classType Lorg/aspectj/apache/bcel/generic/ObjectType; org/aspectj/apache/bcel/generic/ObjectType
ciInstanceKlass org/aspectj/apache/bcel/generic/ClassGen 1 1 615 10 7 12 1 1 1 9 7 12 1 1 1 9 12 1 100 1 9 12 1 9 12 1 7 1 10 9 12 1 1 9 12 1 9 12 1 9 12 1 9 12 1 9 12 1 1 9 12 1 9 12 1 9 12 1 9 12 1 1 100 1 8 1 10 7 12 1 1 1 10 12 1 10 12 1 1 10 12 1 10 12 1 1 10 10 12 1 10 7 12 1 1 1 10 12 1 10 12 1 1 10 12 1 10 12 1 10 12 1 10 12 1 1 10 12 1 10 12 1 10 12 1 10 12 1 1 10 12 1 1 10 12 1 1 10 12 1 1 7 1 10 12 1 1 11 7 12 1 1 1 11 7 12 1 1 1 11 12 1 1 7 1 10 12 1 11 12 1 1 7 1 10 10 12 1 1 10 12 1 1 10 12 1 1 10 10 11 12 1 10 100 12 1 1 1 11 100 12 1 1 1 10 12 1 9 100 12 1 1 1 11 12 1 1 100 10 12 1 11 12 1 100 1 10 9 100 12 1 1 1 10 12 1 1 100 1 8 8 10 12 1 1 10 12 1 9 12 1 1 100 1 9 100 12 1 1 1 9 12 1 1 10 12 1 10 12 1 1 10 12 1 10 12 1 1 11 12 1 100 1 10 12 1 10 100 12 1 1 100 1 10 10 12 1 100 1 8 1 10 12 11 12 1 1 11 12 1 1 10 12 1 1 11 11 12 1 11 12 1 1 10 12 1 1 10 100 12 1 1 100 1 9 100 12 1 1 1 10 100 12 1 1 1 100 1 10 100 1 10 12 1 10 10 12 1 10 12 1 10 12 1 10 12 1 10 12 1 10 12 1 10 10 100 12 1 1 1 10 12 1 10 12 1 10 12 1 100 1 10 12 1 11 12 1 10 10 12 1 1 10 10 12 1 1 8 1 10 100 1 10 100 1 10 100 1 10 10 12 1 10 12 1 10 12 1 1 8 1 10 100 12 1 1 1 10 12 1 1 5 0 100 1 10 12 1 100 1 100 1 10 8 1 10 12 1 8 1 10 12 1 10 10 10 100 1 1 1 1 1 1 1 1 1 1 1 1 1 1 1 1 100 1 1 1 1 1 1 1 1 1 1 1 1 1 1 1 1 1 1 1 1 1 1 1 1 1 1 100 100 1 1 1 1 1 1 100 1 1 1 1 1 1 1 1 1 1 1 1 1 1 1 1 1 1 1 1 1 1 1 1 1 1 1 1 1 1 1 1 1 1 1 1 1 1 1 1 1 1 1 1 1 1 1 1 1 1 1 1 1 1 1 1 1 1 1 1 1 1 1 1 1 1 1 1 1 1 1 1 1 1 1 1 1 1 1 1 1 1 1 1 1 100 1 1 1 1 1 1 1 1 100 1 1 1
ciInstanceKlass org/aspectj/weaver/bcel/LazyMethodGen 1 1 1329 9 7 12 1 1 1 10 7 12 1 1 1 9 12 1 1 9 12 1 1 9 12 1 1 9 12 1 1 9 12 1 9 12 1 9 12 1 1 9 12 1 1 9 12 1 9 12 1 1 9 12 1 9 12 1 1 9 12 1 1 10 7 12 1 1 1 7 1 10 9 12 1 1 10 12 1 1 10 12 1 1 7 1 10 9 12 1 1 10 12 1 9 12 1 10 12 1 1 10 7 12 1 1 1 10 100 12 1 1 10 12 1 10 100 12 1 1 10 7 12 1 10 12 1 10 12 1 1 100 1 100 1 10 8 1 10 12 1 1 10 12 1 8 1 10 12 1 1 10 12 1 8 1 7 1 10 12 1 1 10 12 1 10 12 1 1 10 12 1 10 12 1 10 12 10 12 1 1 10 10 12 1 10 10 12 1 10 12 1 10 12 1 10 12 1 10 12 1 9 12 1 11 100 12 1 1 1 10 12 1 1 9 12 1 10 12 1 1 9 12 1 1 10 12 1 1 100 1 100 1 9 12 1 10 100 12 1 1 1 10 12 1 1 11 12 1 11 12 1 1 11 11 12 1 1 11 12 1 1 11 7 12 1 1 11 12 1 1 10 12 1 11 12 1 10 100 12 1 1 10 100 1 10 12 1 1 10 10 12 1 1 7 1 10 10 12 1 1 10 12 1 10 12 1 1 10 10 12 1 1 10 12 1 1 10 12 1 9 12 1 10 10 10 12 1 1 10 12 1 1 10 12 1 10 12 1 10 12 1 1 10 7 12 1 1 1 10 12 1 1 10 7 12 1 1 1 10 12 1 10 12 1 10 12 1 7 1 10 12 1 1 10 7 12 1 1 1 10 12 1 10 12 1 10 12 1 1 10 12 1 1 10 12 1 10 12 1 10 12 1 10 7 12 1 1 10 12 1 1 10 12 1 10 12 1 10 12 1 10 12 1 1 11 7 1 7 1 7 1 10 12 1 1 10 12 1 1 10 10 12 1 1 10 100 1 10 100 12 1 1 1 10 100 12 1 1 1 9 100 12 1 1 1 100 1 8 1 10 12 1 10 10 12 1 10 12 1 1 10 12 1 1 10 12 1 1 10 100 12 1 1 1 10 12 1 1 10 100 1 8 1 8 1 10 12 1 9 100 12 1 1 1 10 12 1 1 10 12 1 1 10 12 1 10 100 12 1 1 1 8 1 10 10 10 12 1 1 8 1 8 1 8 1 8 1 100 1 10 100 1 10 12 1 10 12 1 1 10 12 1 1 10 12 1 9 12 1 1 8 1 10 12 10 12 1 10 12 1 8 1 10 12 1 8 1 100 1 10 12 1 10 12 1 8 1 10 12 1 1 9 100 12 1 1 1 100 100 1 10 12 1 10 100 12 1 1 1 11 12 1 8 1 100 1 10 12 1 10 12 1 100 1 10 12 1 10 12 1 10 12 1 1 10 12 1 10 12 1 10 10 12 1 10 12 1 10 12 1 10 12 1 10 12 1 10 12 1 1 100 1 100 1 10 12 1 1 10 10 12 1 10 12 1 10 12 1 10 12 1 1 10 12 1 10 10 12 1 8 1 10 12 1 1 10 100 12 1 1 1 100 1 10 12 1 10 12 1 10 12 1 8 1 10 12 1 10 12 1 10 12 1 10 12 1 10 12 1 1 10 10 12 1 10 100 12 1 1 1 10 12 1 10 12 1 10 12 1 1 100 1 10 100 1 10 10 12 1 11 100 12 1 1 10 12 1 1 10 12 1 1 100 1 10 12 1 1 10 12 1 1 100 1 10 12 1 9 12 1 1 9 12 1 11 12 1 1 10 12 1 1 9 12 1 11 10 12 1 10 12 1 1 10 12 1 1 10 12 1 8 1 10 12 1 10 12 1 10 12 10 10 12 1 1 10 12 1 1 8 1 10 12 1 1 10 12 1 8 1 10 12 1 100 1 10 9 12 1 1 10 12 1 1 10 10 10 12 1 1 11 100 1 10 12 1 10 12 1 10 10 12 1 10 12 1 1 10 12 1 10 12 1 10 12 100 1 10 12 1 1 10 12 1 100 1 10 12 1 10 10 11 12 1 10 100 12 1 1 1 11 12 1 10 12 1 10 12 10 12 1 10 11 100 1 10 12 1 1 10 12 1 10 12 1 100 1 10 12 1 1 10 10 12 1 10 12 1 10 12 1 1 10 12 1 10 12 1 11 12 1 1 11 100 1 11 10 12 1 11 12 1 11 12 1 10 12 1 10 12 1 10 12 10 12 10 12 1 10 12 8 1 10 10 100 1 100 1 8 1 8 1 10 8 1 8 1 10 12 1 1 10 12 1 10 12 9 12 1 1 10 12 1 1 100 1 10 12 1 10 10 12 1 10 100 12 1 1 1 10 12 1 10 12 1 10 12 1 8 100 1 1 1 1 1 1 1 1 1 1 1 1 1 1 100 100 1 1 1 1 1 1 1 1 1 1 1 1 1 1 1 1 1 1 1 1 100 1 1 1 1 1 1 1 1 1 1 1 1 100 1 1 1 1 1 1 1 1 1 1 1 1 1 100 1 100 1 1 1 1 1 1 1 1 1 1 1 1 1 1 1 100 1 1 1 1 1 1 1 1 1 1 1 1 1 1 1 1 1 1 1 1 1 1 1 1 1 1 1 1 1 1 1 1 1 1 1 1 1 1 1 1 1 1 1 1 1 1 1 1 1 1 1 1 1 1 1 100 1 1 1 1 1 1 1 1 1 1 1 1 1 1 1 1 1 1 1 1 1 1 1 1 1 1 1 1 1 1 1 1 1 1 1 1 1 1 1 1 1 1 1 1 1 1 100 1 1 1 1 1 1 1 1 1 1 1 1 1 1 1 1 1 1 1 1 1 1 1 1 1 1 1 1 1 1 1 1 1 1 1 1 1 1 1 1 1 1 1 1 1 1 1 1 1 1 1 1 1 1 1 1 1 1 1 1 100 1 1 1 1 100 1 1 100 1 100 1 100 1 1
ciInstanceKlass java/util/LinkedHashMap$LinkedKeySet 1 1 115 9 10 9 10 7 10 10 10 10 100 10 100 10 9 9 9 11 9 100 10 7 7 1 1 1 1 1 1 1 1 1 1 1 1 1 1 1 1 1 1 1 1 1 1 1 1 1 1 1 1 1 1 1 1 1 1 100 1 1 1 1 1 1 1 1 1 1 1 1 1 100 12 12 12 12 1 1 12 12 100 12 12 1 100 12 1 12 12 12 100 12 12 1 1 1 1 1 1 1 1 1 1 100 1 1 1 1 1 1 1 1 1 1 1
instanceKlass java/util/LinkedHashMap$LinkedValueIterator
instanceKlass java/util/LinkedHashMap$LinkedKeyIterator
ciInstanceKlass java/util/LinkedHashMap$LinkedHashIterator 1 1 89 9 10 9 9 9 9 9 100 10 100 10 9 100 10 9 9 10 7 7 1 7 1 1 1 1 1 1 1 1 1 1 1 1 1 1 1 1 1 1 1 1 1 1 1 1 1 1 1 1 1 1 100 1 1 1 1 1 1 7 12 12 12 12 12 12 12 1 1 12 1 12 12 12 1 1 1 100 1 1 1 1 1 1 1 1 1 1 1
ciInstanceKlass java/util/LinkedHashMap$LinkedKeyIterator 1 1 45 9 10 10 10 7 7 100 1 1 1 1 1 1 1 1 1 1 1 1 1 1 1 1 1 1 1 1 1 1 100 12 12 12 7 12 1 1 1 1 1 1 1 1 1
ciInstanceKlass org/aspectj/weaver/bcel/BcelClassWeaver 1 1 2514 7 1 10 12 1 1 10 12 1 1 10 12 1 1 10 7 12 1 1 9 12 1 1 7 1 10 9 12 1 1 7 1 10 9 12 1 1 9 12 1 9 12 1 7 1 10 9 12 1 1 9 12 1 9 12 1 9 12 1 9 12 1 9 12 1 1 9 12 1 1 9 12 1 9 12 1 9 12 1 10 7 12 1 1 1 9 12 1 1 10 12 1 1 9 12 1 1 10 12 1 1 9 12 1 1 10 12 1 10 7 12 1 1 1 10 12 1 1 9 12 1 10 7 12 1 1 1 100 1 8 1 8 1 10 100 12 1 1 1 8 1 10 7 12 1 1 1 9 12 1 10 12 1 1 8 1 10 100 12 1 1 1 11 100 12 1 1 1 9 12 1 1 10 7 12 1 1 1 10 7 12 1 1 1 10 7 12 1 1 1 10 12 1 7 1 7 1 11 12 1 1 11 7 12 1 1 11 12 1 1 7 1 10 12 1 1 10 7 12 1 1 1 9 12 1 1 10 12 1 1 10 12 1 11 12 1 1 10 12 1 10 12 1 10 12 1 11 7 12 1 1 1 7 1 10 12 11 12 1 1 10 100 12 1 1 1 100 1 10 12 1 1 11 100 12 1 1 1 10 100 12 1 1 1 11 12 1 10 100 12 1 1 9 12 1 11 100 1 10 12 1 1 7 1 10 12 1 1 9 12 1 1 10 12 1 11 12 1 100 1 100 1 10 8 1 10 12 1 1 10 12 1 8 1 10 12 1 1 10 12 1 10 12 1 1 10 12 1 10 12 1 10 12 1 10 12 10 12 11 12 1 10 12 1 1 11 11 12 1 1 10 12 1 1 11 12 1 10 12 1 1 10 12 1 10 12 1 1 100 1 9 100 12 1 1 1 10 12 1 1 10 12 1 1 10 12 1 10 12 1 10 12 1 1 100 1 10 12 1 1 10 12 1 1 10 12 1 1 10 12 10 100 12 1 1 1 10 7 12 1 1 10 12 1 1 10 9 12 1 9 100 12 1 1 1 8 1 8 1 10 100 12 1 1 10 12 1 1 10 100 12 1 1 10 100 12 1 1 1 10 12 1 1 10 12 1 1 10 12 1 10 12 1 10 12 1 1 9 100 12 1 1 1 10 100 12 1 1 10 10 12 1 1 10 12 1 1 10 12 1 10 12 1 10 12 1 10 12 1 1 100 1 10 12 1 10 7 12 1 1 10 12 1 1 10 10 12 1 1 10 12 1 11 12 1 1 10 12 1 10 7 12 1 1 1 8 1 10 12 1 1 10 12 1 1 10 12 1 1 10 12 1 10 12 1 10 12 1 10 12 1 1 10 100 12 1 1 10 12 1 10 12 1 1 10 12 1 1 11 12 1 1 10 12 1 11 12 1 10 12 1 1 10 12 1 1 10 12 1 10 12 1 1 10 12 1 10 12 1 10 12 1 1 10 100 12 1 1 1 10 12 1 1 10 12 1 10 12 1 10 7 12 1 1 10 12 1 10 12 1 1 10 12 1 1 9 8 1 8 1 10 12 1 10 12 1 100 1 10 12 1 1 10 100 12 1 1 11 12 1 10 12 1 1 10 12 1 10 12 1 10 12 1 100 1 8 1 8 1 10 12 1 8 1 10 12 1 1 10 12 1 1 10 12 1 10 10 100 1 8 1 10 9 12 1 1 10 10 12 1 10 12 1 1 10 12 1 10 12 1 10 12 1 10 10 12 1 10 12 1 10 12 1 10 8 1 10 12 1 8 1 10 8 1 10 12 1 8 1 10 10 12 1 1 11 12 1 11 12 1 11 12 1 8 1 100 1 10 12 1 10 12 1 1 8 1 10 12 1 11 12 1 8 1 9 12 1 1 9 12 1 1 10 12 1 1 10 12 1 9 100 12 1 1 1 10 12 1 1 9 12 1 11 10 12 1 1 10 12 1 1 10 9 10 12 1 10 12 1 10 12 1 1 10 12 1 10 12 1 11 12 1 1 10 12 1 1 11 12 1 1 100 1 10 12 1 10 12 1 1 11 12 10 12 1 1 100 1 10 12 1 1 100 1 10 12 1 10 12 1 10 12 1 1 11 10 10 12 1 1 10 100 12 1 1 1 10 12 1 10 12 1 1 10 12 1 11 12 1 11 12 1 100 1 8 1 10 12 1 100 1 10 12 1 10 12 1 10 12 1 10 10 12 1 11 12 1 1 10 12 1 1 10 12 1 9 100 12 1 1 1 11 12 1 1 8 1 10 10 100 12 1 1 1 10 12 1 1 10 12 1 1 8 1 8 1 10 12 1 8 1 10 8 8 1 10 12 1 10 12 1 8 1 8 1 10 12 1 9 100 12 1 1 1 10 12 1 8 1 8 1 10 12 1 10 12 1 1 10 12 1 1 10 12 1 10 12 1 11 100 1 10 12 1 1 10 7 12 1 1 1 10 10 10 12 1 100 1 10 10 12 1 1 8 1 11 100 1 10 10 12 1 10 12 1 1 10 12 1 10 12 1 1 10 12 1 11 10 12 1 1 10 12 1 11 11 11 10 10 12 1 11 100 12 1 1 10 12 1 9 12 1 10 12 1 10 12 1 100 1 10 10 11 10 10 12 10 12 1 1 10 12 1 1 10 12 1 1 10 12 1 1 10 10 12 1 10 12 1 1 11 100 12 1 1 10 12 1 9 12 1 1 11 12 1 100 1 10 12 1 100 1 8 1 11 8 1 10 12 1 8 1 11 9 12 1 10 12 1 1 10 100 1 8 1 8 1 11 9 12 1 11 12 1 10 10 100 12 1 1 1 11 11 10 100 1 10 12 1 10 11 11 10 9 12 1 7 1 10 12 1 100 1 10 12 1 10 12 1 1 10 12 1 1 10 12 1 1 10 12 1 1 10 12 1 1 10 12 10 12 1 7 1 10 12 1 10 12 1 10 12 1 9 12 1 1 10 12 1 1 10 7 12 1 1 10 7 12 1 1 1 10 12 1 10 12 1 10 12 1 1 10 12 10 12 1 7 1 10 12 1 100 1 10 10 12 1 1 10 12 1 1 10 12 1 10 12 1 1 9 12 1 1 11 100 12 1 1 8 11 12 1 1 10 10 12 1 10 12 1 1 10 12 1 1 10 12 1 1 10 12 1 9 12 1 1 100 1 10 12 1 9 100 12 1 1 9 12 1 10 7 12 1 1 10 12 10 12 1 1 100 1 100 1 100 1 100 1 11 12 1 8 1 10 12 1 10 12 10 12 1 1 8 1 10 12 1 100 1 10 12 1 10 12 1 1 10 12 1 1 10 12 1 1 10 12 1 9 12 1 8 1 8 1 10 12 1 10 12 1 100 1 100 1 10 12 1 1 10 12 1 9 12 1 8 1 8 1 9 12 1 1 8 1 9 12 1 1 9 100 1 11 12 1 9 12 1 10 12 1 1 10 12 1 100 1 10 12 1 10 100 12 1 1 1 10 12 1 1 10 12 1 9 12 1 10 12 1 100 1 10 10 12 1 10 12 10 12 1 10 12 10 100 1 10 12 1 1 10 12 1 10 12 1 1 100 1 10 12 1 1 10 12 1 10 12 1 100 1 10 12 1 1 10 12 1 10 12 1 8 1 10 12 1 10 12 1 10 12 1 1 100 1 10 10 12 1 10 12 1 10 12 1 10 10 12 1 10 12 1 10 10 12 1 1 10 12 1 1 10 12 1 1 10 9 12 1 10 12 10 12 10 12 10 12 1 1 100 1 10 12 1 11 12 1 9 12 1 1 10 12 1 1 10 12 1 1 10 12 1 8 1 10 12 1 1 10 12 1 10 12 1 10 12 1 1 8 1 8 1 10 100 12 1 1 10 12 1 1 10 100 12 1 1 10 12 10 12 1 1 10 12 1 10 12 1 10 12 1 1 10 12 1 10 12 1 1 8 1 10 12 1 10 12 1 10 12 1 1 10 12 1 1 9 12 1 10 12 1 1 9 12 1 10 12 1 1 10 12 1 1 10 10 12 1 9 12 1 1 10 12 1 10 12 1 10 12 1 10 12 1 10 12 1 1 9 12 1 1 9 12 1 10 12 1 10 12 1 10 12 1 10 12 1 1 10 12 1 10 12 1 10 12 1 10 12 1 1 100 1 9 12 1 9 12 1 9 10 12 1 1 10 12 1 1 11 12 1 10 12 1 10 12 1 10 12 1 10 12 1 9 12 1 10 12 1 1 9 10 12 1 1 10 10 12 1 10 12 1 10 12 1 100 1 10 12 1 10 12 1 10 12 1 8 1 11 11 12 1 10 12 1 1 10 10 10 12 1 10 12 1 11 12 1 11 12 1 11 8 1 8 1 10 12 1 11 12 1 11 10 12 1 1 8 1 10 12 1 1 11 12 1 1 11 12 1 9 12 1 8 1 10 12 1 100 1 8 1 10 9 12 1 11 11 9 12 1 1 9 12 1 100 1 8 1 10 12 1 10 12 1 1 11 9 12 10 10 12 1 1 9 12 1 11 10 10 12 1 8 1 8 1 8 1 8 1 10 12 1 100 1 10 12 1 1 10 12 1 10 12 1 1 9 12 1 10 10 12 1 1 10 12 1 1 10 12 1 8 1 10 7 12 1 1 1 10 12 1 1 100 1 1 1 1 1 1 1 1 1 1 1 1 1 1 1 1 1 1 1 1 1 1 1 1 1 1 1 1 1 1 1 1 1 100 1 1 1 1 1 100 1 1 1 1 1 1 1 1 1 1 1 1 1 1 1 1 1 1 1 1 1 1 1 1 1 1 1 1 1 1 1 1 1 1 1 100 1 1 1 1 1 1 1 1 1 1 1 1 1 1 1 1 1 1 1 1 1 1 1 1 1 1 1 1 1 1 1 1 1 1 100 1 1 1 1 1 1 1 1 1 1 1 1 1 1 1 1 100 1 1 1 1 1 1 1 1 1 1 1 1 1 1 1 1 1 1 1 1 100 1 1 1 1 1 1 1 1 1 1 1 1 1 1 1 1 1 1 1 1 1 1 1 1 1 1 1 1 1 1 1 1 1 1 1 1 1 100 1 1 1 1 1 1 1 1 1 1 1 1 1 1 1 1 1 1 1 1 1 1 1 1 1 1 1 1 1 1 1 1 1 100 1 1 1 100 1 1 1 1 1 1 1 1 1 1 1 1 1 1 1 1 1 1 1 1 1 1 1 1 1 1 1 1 1 1 1 1 1 1 1 1 1 1 1 1 1 1 1 1 1 1 1 1 1 1 1 1 1 1 1 1 1 1 1 1 1 1 1 1 1 1 1 1 1 1 1 1 1 1 1 1 1 1 1 1 1 1 1 1 1 1 1 1 1 1 1 1 1 1 1 1 1 1 1 1 1 1 1 1 1 1 1 1 1 1 1 1 1 1 1 1 1 1 1 1 1 1 1 1 1 1 1 1 1 1 1 1 100 1 100 1 1 1 1 1 1 1 1 1 1 1 1 1 1 1 1 1 1 1 1 1 1 1 1 1 1 1 1 1 1 1 1 1 1 1 1 1 1 1 1 1 1 1 1 1 1 1 1 1 1 1 1 1 1 1 1 1 1 1 1 1 1 1 1 1 1 1 1 1 1 1 1 1 1 1 1 1 100 1 1 1 1 1 1 1 1 1 1 1 1 100 1 100 1 1 100 1 100 1 1 100 1 1
ciInstanceKlass org/aspectj/weaver/bcel/BcelShadow 1 1 2249 10 7 12 1 1 1 9 7 12 1 1 1 9 12 1 1 9 12 1 1 9 12 1 9 12 1 1 9 12 1 1 9 12 1 9 12 1 9 12 1 9 12 1 9 12 1 1 9 12 1 9 12 1 9 12 1 9 12 1 9 12 1 9 12 1 1 9 12 1 1 10 12 1 1 10 12 1 1 10 12 1 9 12 1 11 100 12 1 1 1 9 100 12 1 1 100 1 10 12 1 11 12 1 1 11 7 12 1 1 1 11 12 1 1 100 1 11 12 1 1 10 12 1 1 10 7 12 1 1 1 9 12 1 1 10 7 12 1 1 1 10 7 12 1 1 1 9 100 12 1 1 1 100 1 7 1 10 12 1 1 8 10 7 12 1 1 10 12 1 10 12 1 10 12 1 1 100 1 100 1 10 8 1 10 12 1 1 10 12 1 10 12 1 1 10 12 1 10 12 1 1 9 100 12 1 1 1 9 7 12 1 1 1 10 12 1 1 10 12 1 1 10 7 12 1 1 100 1 100 1 8 1 10 10 12 1 1 11 7 1 7 1 100 1 10 10 12 1 1 11 12 9 12 1 1 10 7 12 1 1 11 7 12 1 1 1 10 100 12 1 1 10 12 1 10 12 1 9 12 1 9 12 1 9 12 1 9 12 1 100 1 10 12 1 1 8 1 10 12 1 1 10 12 1 1 10 12 1 1 9 12 1 9 12 1 10 12 1 1 10 12 1 100 1 10 12 1 1 11 100 12 1 1 10 12 1 1 9 100 12 1 1 1 10 10 10 100 12 1 1 1 10 100 12 1 1 10 12 1 10 10 12 1 1 10 100 12 1 1 1 9 12 1 10 12 1 10 12 1 1 10 100 12 1 1 1 10 12 1 1 100 1 10 12 1 1 9 12 1 9 12 1 9 12 1 9 12 1 9 12 1 10 12 1 1 10 7 12 1 1 10 12 1 10 12 1 10 10 10 100 12 1 1 1 10 12 1 1 10 9 12 1 1 10 12 1 1 10 12 1 10 12 1 1 10 12 1 1 10 12 1 1 10 12 1 100 1 8 1 10 9 12 1 10 12 10 12 1 10 100 12 1 1 1 10 12 1 1 10 100 12 1 1 1 10 12 1 10 12 1 10 12 1 100 1 10 12 1 10 12 8 1 10 12 1 10 12 1 1 10 100 12 1 1 10 12 1 1 10 12 1 1 10 12 1 1 10 12 10 12 1 1 9 12 1 10 12 1 1 10 12 1 10 12 1 1 10 12 1 9 12 1 10 12 1 9 12 1 9 12 1 9 12 1 9 12 1 7 1 10 12 1 10 12 1 11 12 1 10 100 12 1 1 1 9 12 1 1 10 12 10 12 1 10 12 1 100 1 8 1 10 10 12 1 10 12 1 11 100 12 1 1 1 100 1 100 1 10 12 1 1 10 12 1 1 10 12 1 10 12 1 8 1 10 12 1 10 12 1 10 12 1 10 12 1 1 10 12 1 1 10 12 1 10 12 1 10 12 1 10 12 1 1 10 12 1 8 1 10 12 1 1 10 12 1 10 12 1 1 10 12 1 9 12 1 10 12 1 10 9 12 1 10 12 1 100 1 10 12 1 9 100 12 1 1 1 10 9 12 1 10 12 1 10 12 10 12 1 10 12 1 1 10 12 1 10 12 10 12 1 1 10 12 1 8 1 8 1 9 12 1 1 100 1 9 12 1 9 12 1 10 12 1 1 9 100 12 1 1 10 12 1 1 10 12 1 1 10 12 1 100 1 10 12 1 10 12 1 100 1 10 12 1 10 12 1 1 10 12 1 9 12 1 9 12 1 100 1 10 12 1 10 100 1 10 12 1 9 10 9 12 1 10 12 1 1 10 12 1 1 10 12 1 10 12 1 1 10 12 1 10 12 1 10 12 1 10 12 1 10 12 1 10 12 1 1 8 1 11 12 1 11 10 12 1 1 10 11 12 1 8 1 10 12 1 1 10 12 1 10 12 1 1 10 12 10 12 1 100 1 10 12 1 1 10 12 1 1 100 1 10 12 1 1 8 1 8 1 8 1 10 12 1 10 12 1 1 10 12 1 10 100 1 10 10 12 1 1 11 12 1 1 11 12 1 10 12 1 1 10 10 12 1 1 100 1 10 12 1 1 100 1 100 1 10 12 11 100 1 11 12 1 11 11 12 1 9 10 12 1 10 100 12 1 1 1 10 12 1 1 11 11 11 12 1 1 10 12 1 1 10 12 1 1 10 12 1 1 11 8 1 8 1 10 12 1 10 12 1 10 12 1 1 9 9 9 10 12 1 1 10 12 1 1 10 12 1 1 10 12 1 1 9 9 10 12 1 10 12 1 100 1 10 12 1 11 9 9 9 9 11 9 8 1 100 1 10 12 1 11 11 12 11 10 12 1 10 100 1 10 10 12 1 10 12 1 10 12 1 1 9 12 1 10 12 1 1 10 12 1 1 10 12 1 11 12 1 10 12 1 1 10 12 1 1 10 12 1 10 12 1 1 10 12 10 12 1 10 12 1 11 12 1 10 12 1 1 10 9 12 1 10 12 1 1 9 10 12 1 1 10 12 10 10 12 1 1 10 8 1 8 1 10 12 1 10 12 10 12 1 1 10 12 1 9 12 1 10 12 1 10 12 1 10 12 1 1 8 1 10 12 1 9 12 1 9 12 8 1 10 9 10 12 1 10 12 1 1 10 12 1 10 12 1 1 10 12 1 10 12 1 1 10 12 1 1 10 12 1 10 10 12 1 1 10 10 10 12 1 1 8 1 8 1 10 12 1 1 10 9 12 1 9 12 1 9 12 1 10 12 1 8 1 9 12 1 1 10 12 1 1 8 1 10 12 1 1 8 1 10 12 1 1 8 1 8 1 8 1 8 1 100 1 10 12 1 10 12 1 10 11 12 1 11 12 1 10 12 1 10 12 1 9 12 1 100 1 8 1 10 10 12 1 1 10 100 12 1 1 10 12 1 1 10 12 1 10 12 1 1 10 12 1 1 10 12 1 1 10 12 1 10 12 1 1 10 10 12 1 1 10 10 12 1 1 10 12 1 1 10 100 12 1 1 1 10 12 1 10 12 1 9 12 1 1 10 12 1 10 12 1 1 10 12 1 10 100 12 1 1 1 10 12 1 10 100 12 1 1 1 10 12 10 12 1 10 12 1 10 12 1 10 12 1 9 12 1 10 12 1 1 10 12 1 1 10 12 1 10 12 1 10 12 1 10 12 1 10 12 1 1 10 12 1 1 10 12 1 10 12 10 12 1 1 10 12 1 10 12 1 1 10 12 1 10 12 1 1 100 1 8 1 10 10 12 1 10 12 1 1 8 1 10 10 12 10 12 1 10 12 1 1 10 10 12 8 1 10 12 1 1 10 12 1 1 10 12 1 10 12 1 10 12 1 1 10 12 1 10 12 1 9 12 1 1 10 12 1 1 10 12 1 10 12 1 10 12 1 1 10 12 1 10 12 10 12 1 10 12 1 8 1 100 1 10 12 1 100 1 10 12 1 10 12 1 1 10 100 12 1 1 1 9 12 1 100 1 10 9 12 1 10 12 10 12 1 1 8 1 10 12 1 9 12 1 10 12 1 1 10 12 1 1 10 12 1 10 12 1 9 12 1 1 8 1 10 10 12 1 1 3 10 100 12 1 1 1 10 12 1 9 12 1 10 12 1 1 9 12 1 8 1 8 1 8 1 100 1 8 1 10 12 1 8 1 10 12 1 1 8 1 8 10 12 1 10 100 12 1 1 1 100 1 10 12 9 12 1 10 10 12 1 10 12 1 10 12 1 10 12 1 10 12 1 10 12 1 10 12 1 8 1 10 12 10 12 1 8 1 10 12 1 10 12 1 1 10 12 1 10 12 1 10 12 1 1 10 12 1 8 1 8 1 10 12 1 1 10 12 1 1 10 12 1 1 10 12 1 1 10 12 1 9 12 1 10 12 1 9 12 1 10 10 10 10 12 1 10 12 1 11 10 12 1 10 12 1 10 10 12 1 1 10 12 1 8 1 10 12 1 10 12 1 8 1 8 1 10 12 1 1 8 1 11 12 1 11 12 1 1 8 1 8 1 10 12 1 10 12 1 10 10 11 12 1 10 12 1 10 12 1 1 11 100 12 1 1 1 9 12 1 1 10 12 1 1 1 1 1 1 1 1 1 1 1 1 1 1 1 1 1 1 1 1 1 1 1 1 1 1 1 1 1 1 1 1 1 1 1 1 1 1 1 1 100 1 1 1 1 1 1 1 1 1 1 1 1 1 1 1 1 1 1 1 1 1 1 1 1 1 1 1 1 1 100 1 1 1 1 1 1 1 1 1 1 1 1 1 1 1 1 1 1 1 1 1 1 1 1 1 1 1 1 1 1 1 1 1 1 1 1 1 1 1 1 1 1 1 1 1 1 1 1 1 1 1 1 1 1 1 1 1 1 1 1 1 1 1 1 1 1 1 1 1 1 1 1 1 1 1 1 1 1 1 1 1 1 1 1 1 1 1 1 1 1 1 1 1 1 1 1 1 1 1 1 1 1 1 100 1 1 1 1 1 1 1 1 1 1 1 1 1 1 1 1 1 1 1 1 1 1 100 1 1 1 1 1 1 1 1 1 1 1 1 1 1 1 1 1 1 1 1 1 1 1 1 1 1 1 1 1 1 1 1 1 1 1 1 1 1 1 1 1 1 1 1 1 1 1 1 1 1 1 1 1 1 100 1 1 1 1 1 1 1 1 1 1 1 1 1 1 1 1 1 1 1 1 1 1 1 1 1 1 1 1 1 1 1 1 1 1 1 1 1 1 1 1 1 1 1 1 100 1 1 1 1 1 1 1 1 1 1 1 1 1 1 1 1 1 1 1 1 1 1 1 1 1 1 1 1 1 1 1 1 1 1 1 1 1 1 1 1 1 1 1 1 1 1 1 1 1 1 1 1 1 1 1 1 1 1 1 1 1 1 1 1 1 1 1 1 1 1 1 1 1 1 1 1 1 100 1 1 1 1 1 1 1 1 1 1 1 1 1 1 1 1 1 1 1 1 100 1 1 100 1 1 1 1
staticfield org/aspectj/weaver/bcel/BcelShadow NoDeclaredExceptions [Ljava/lang/String; 0 [Ljava/lang/String;
instanceKlass org/aspectj/apache/bcel/generic/LineNumberTag
instanceKlass org/aspectj/apache/bcel/generic/LocalVariableTag
ciInstanceKlass org/aspectj/apache/bcel/generic/Tag 1 1 55 10 7 12 1 1 1 10 100 12 1 1 1 10 12 1 10 12 1 1 100 1 100 1 100 1 8 1 10 12 1 100 1 100 1 1 1 1 1 1 1 1 1 1 1 1 1 1 1 1 1 1 1 1 1
ciInstanceKlass org/aspectj/apache/bcel/generic/LocalVariableTag 1 1 89 10 7 12 1 1 1 9 7 12 1 1 1 9 12 1 1 9 12 1 1 9 12 1 9 12 1 9 12 1 9 12 1 1 100 1 10 8 1 10 12 1 1 10 12 1 8 1 8 1 10 12 1 1 10 7 12 1 1 1 10 12 1 1 1 1 1 1 1 1 1 1 1 1 1 1 1 1 1 1 1 1 1 1 1 1 1 1 1
ciInstanceKlass org/aspectj/apache/bcel/generic/InstructionList 1 1 595 9 7 12 1 1 1 10 7 12 1 1 1 9 12 1 9 12 1 1 10 12 1 1 10 12 1 1 10 12 1 1 9 12 1 1 10 12 1 7 1 10 12 1 7 1 10 12 1 1 10 12 1 10 7 12 1 1 1 7 1 10 12 1 10 12 1 1 100 1 100 1 10 12 1 1 10 12 1 10 7 12 1 1 1 7 1 9 12 1 1 9 12 1 10 100 1 10 8 1 10 12 1 10 12 1 10 10 12 1 1 7 1 10 12 1 1 8 1 10 12 1 9 12 1 1 100 1 10 10 12 1 1 9 12 1 9 12 1 10 12 1 10 12 1 8 1 8 1 10 12 1 10 12 1 10 12 9 100 12 1 1 9 12 1 9 12 1 10 12 1 10 12 1 10 12 1 10 8 1 10 12 1 10 12 1 10 12 1 10 12 10 12 8 1 8 1 8 1 8 1 10 12 1 1 100 1 10 10 12 1 1 10 12 1 8 1 10 10 12 1 1 11 100 12 1 1 1 11 100 12 1 1 11 12 1 100 1 11 12 1 1 10 7 12 1 1 8 1 10 100 12 1 1 1 11 8 1 11 8 1 9 12 1 1 11 10 100 12 1 1 1 11 100 12 1 1 1 10 12 1 8 1 10 8 1 11 11 12 1 11 12 1 1 100 1 10 12 1 10 12 1 1 10 12 1 1 10 12 1 1 10 12 1 9 12 1 1 10 12 1 10 12 1 1 10 12 1 1 10 12 1 1 8 1 9 100 12 1 1 1 8 1 8 1 10 12 1 8 1 8 1 10 12 100 1 10 100 1 10 12 1 10 12 1 1 9 12 1 10 12 1 1 3 8 1 10 12 1 10 12 1 10 8 1 100 1 10 12 1 100 1 10 10 12 1 10 12 1 1 10 12 1 1 10 12 1 100 1 10 10 100 12 1 1 1 10 12 1 1 10 12 1 10 100 12 1 1 10 12 1 10 12 1 10 12 1 10 100 12 1 1 10 12 1 10 12 1 10 12 1 10 12 1 10 12 1 10 12 1 100 1 1 1 1 1 1 1 1 1 1 1 1 1 1 1 1 1 1 1 1 1 1 1 1 1 1 1 1 1 1 1 1 1 1 1 1 100 100 100 1 1 1 1 1 1 1 1 1 1 1 1 1 1 1 1 1 1 1 1 1 1 1 1 1 1 1 1 1 1 1 1 1 1 1 1 1 1 1 1 1 1 1 1 1 1 1 1 1 1 1 1 1 1 1 1 1 1 1 1 1 1 1 1 1 1 1 1 1 1 1 1 1 1 1 1 1 1 1 1 1 100 1 1 1 1 1 1 100 1 1 1 1 1 1
staticfield org/aspectj/apache/bcel/generic/InstructionList $assertionsDisabled Z 1
instanceKlass org/aspectj/apache/bcel/generic/MethodGen
ciInstanceKlass org/aspectj/apache/bcel/generic/FieldGenOrMethodGen 1 1 128 10 7 12 1 1 1 7 1 10 9 7 12 1 1 1 9 12 1 9 12 1 1 9 12 1 1 9 12 1 1 11 7 12 1 1 1 11 12 1 11 12 1 11 12 1 1 100 1 11 12 1 1 10 100 12 1 1 1 11 100 12 1 1 1 11 100 12 1 1 1 11 12 1 1 10 12 1 1 1 1 1 1 1 1 1 1 1 1 1 1 1 1 1 1 1 1 1 1 1 1 1 1 1 1 1 1 1 1 1 1 1 1 1 1 1 1 1 1 1 1 1 1 1 1 1 1 1
ciInstanceKlass org/aspectj/apache/bcel/generic/MethodGen 1 1 830 10 7 12 1 1 1 9 7 12 1 1 1 7 1 10 9 12 1 1 9 12 1 9 12 1 1 9 12 1 9 12 1 9 12 1 1 9 12 1 9 12 1 9 12 1 1 9 12 1 1 9 12 1 1 9 12 1 1 9 12 1 9 12 1 1 9 12 1 1 10 12 1 10 7 12 1 1 1 10 12 1 1 10 12 1 1 10 12 1 1 100 1 7 1 10 12 1 1 10 7 12 1 1 10 12 1 10 12 1 10 12 1 1 10 12 1 10 12 1 1 10 12 1 10 12 1 10 12 1 1 10 12 1 1 10 7 12 1 1 10 12 1 1 10 7 12 1 1 1 7 1 10 12 1 10 12 1 10 12 1 1 10 12 1 1 10 7 12 1 1 10 12 1 10 12 1 10 12 1 1 10 7 1 10 12 1 1 10 7 12 1 1 7 1 10 12 10 10 12 1 10 12 1 1 10 12 1 1 7 1 10 12 1 1 10 7 12 1 1 10 7 12 1 1 1 7 1 10 10 12 1 10 10 12 1 10 12 1 10 12 1 9 12 1 10 12 1 10 12 1 10 12 1 10 12 1 10 12 1 10 12 1 1 10 12 1 1 7 1 10 12 1 1 10 12 1 7 1 10 12 1 1 9 12 1 11 7 12 1 1 1 10 12 1 100 1 10 12 1 11 12 1 1 11 12 1 1 11 12 1 1 11 12 1 11 12 1 10 10 12 1 1 11 12 1 11 12 1 1 10 10 12 1 1 10 10 12 1 10 12 1 1 10 12 1 1 8 1 10 12 1 1 10 12 1 100 1 10 12 1 11 12 1 1 10 12 1 8 1 10 12 1 100 1 8 1 10 7 1 10 12 1 10 10 10 10 10 10 10 12 1 1 100 1 7 1 10 12 1 8 1 10 12 1 9 12 1 1 10 100 12 1 1 1 100 1 10 10 12 1 100 1 100 1 100 1 10 8 1 10 12 1 1 10 12 1 8 1 10 10 12 1 10 12 1 9 12 1 10 12 1 10 12 1 10 12 1 10 10 12 1 10 12 1 1 10 12 11 12 1 1 11 100 12 1 1 11 12 1 1 10 12 1 8 1 9 12 1 10 12 1 10 12 1 1 10 12 1 10 12 1 10 12 1 10 12 1 10 12 1 10 12 1 1 10 12 10 100 12 1 10 12 1 1 10 12 1 1 10 12 1 10 12 1 10 12 1 10 12 1 1 100 1 100 1 10 100 1 10 12 1 100 1 10 10 12 10 12 1 9 12 1 1 10 12 1 1 10 12 1 100 1 100 1 10 12 1 10 12 1 10 12 1 10 12 1 1 9 100 12 1 1 1 9 12 1 10 12 1 10 12 1 1 10 10 8 1 10 12 1 100 1 10 12 1 10 12 1 1 100 1 10 10 12 1 1 1 1 1 1 1 1 1 1 1 1 1 1 1 1 1 1 1 1 1 1 1 1 1 1 1 1 1 1 1 1 1 1 1 1 1 1 1 1 1 1 1 1 1 1 1 1 1 1 1 1 1 1 1 1 1 1 1 1 1 1 1 1 1 1 100 100 100 100 100 100 1 1 1 1 1 1 1 1 1 1 1 1 100 1 1 1 1 1 1 1 1 1 1 1 1 1 1 1 1 1 1 1 1 1 1 1 1 1 1 100 1 1 1 1 1 1 1 1 1 1 1 1 1 1 1 1 1 1 1 1 100 1 1 1 1 1 1 1 1 1 1 1 1 1 1 1 1 1 1 1 1 1 1 1 1 1 1 1 1 1 1 1 1 1 1 1 1 1 1 1 1 1 100 1 1 1 1 1 1 1 1 1 1 1 1 1 100 1 1 1 1 1 1 1 1 1 1 1 1 1 1 1 1
ciInstanceKlass org/aspectj/apache/bcel/classfile/LineNumber 1 1 90 10 7 12 1 1 1 10 12 1 10 12 1 1 10 7 12 1 1 10 7 12 1 1 9 12 1 1 9 12 1 11 100 12 1 1 1 10 100 12 1 1 1 100 1 10 8 1 10 12 1 1 10 12 1 8 1 8 1 10 12 1 1 10 12 100 1 1 1 1 1 1 1 1 1 1 1 100 1 1 1 1 1 1 1 1 1 1 1 1
ciInstanceKlass org/aspectj/apache/bcel/generic/LineNumberTag 1 1 45 10 7 12 1 1 1 9 7 12 1 1 1 100 1 10 8 1 10 12 1 1 10 12 1 10 12 1 1 1 1 1 1 1 1 1 1 1 1 1 1 1 1 1 1
ciInstanceKlass org/aspectj/apache/bcel/generic/CodeExceptionGen 1 1 152 10 7 12 1 1 1 10 7 12 1 1 1 10 12 1 10 12 1 9 12 1 1 100 1 9 12 1 1 10 100 12 1 1 1 9 12 1 10 12 1 1 10 100 12 1 1 9 12 1 10 100 12 1 1 1 10 12 1 10 7 12 1 1 1 100 1 100 1 10 8 1 10 12 1 1 10 12 1 8 1 8 1 8 1 10 12 1 1 10 12 1 8 1 8 1 10 12 1 1 100 1 9 100 12 1 1 1 10 100 12 1 1 1 100 1 100 1 100 1 1 1 1 1 1 1 1 1 1 1 1 1 1 1 1 1 1 1 1 1 1 1 1 1 1 1 1 1 1 1 1 1
instanceKlass org/aspectj/weaver/bcel/ExceptionRange
instanceKlass org/aspectj/weaver/bcel/ShadowRange
ciInstanceKlass org/aspectj/weaver/bcel/Range 1 1 233 10 7 12 1 1 1 9 7 12 1 1 1 9 12 1 1 9 12 1 10 12 1 1 10 7 12 1 1 1 10 12 1 1 10 12 1 10 12 1 7 1 10 10 12 1 1 10 12 1 9 12 1 1 9 12 1 10 12 1 10 12 1 9 12 1 10 12 1 1 10 12 10 7 12 1 1 1 9 12 1 10 12 1 10 7 12 1 1 1 10 12 1 1 9 12 1 1 10 12 1 1 10 12 10 12 1 1 10 12 1 10 12 1 10 12 100 1 8 1 10 12 1 10 12 1 1 10 12 1 10 12 1 1 10 12 1 1 11 7 12 1 1 1 11 7 12 1 1 1 11 12 1 1 7 1 100 1 100 1 10 8 1 10 12 1 10 12 1 8 1 10 12 1 1 10 8 1 7 1 8 1 10 8 1 8 1 8 1 9 7 12 1 1 1 1 1 1 1 1 1 1 1 1 1 1 1 1 1 1 1 1 1 1 1 1 1 1 1 1 1 1 1 1 1 1 1 1 1 1 1 1 1
staticfield org/aspectj/weaver/bcel/Range InsideBefore Lorg/aspectj/weaver/bcel/Range$Where; org/aspectj/weaver/bcel/Range$Where
staticfield org/aspectj/weaver/bcel/Range InsideAfter Lorg/aspectj/weaver/bcel/Range$Where; org/aspectj/weaver/bcel/Range$Where
staticfield org/aspectj/weaver/bcel/Range OutsideBefore Lorg/aspectj/weaver/bcel/Range$Where; org/aspectj/weaver/bcel/Range$Where
staticfield org/aspectj/weaver/bcel/Range OutsideAfter Lorg/aspectj/weaver/bcel/Range$Where; org/aspectj/weaver/bcel/Range$Where
staticfield org/aspectj/weaver/bcel/Range RANGEINSTRUCTION Lorg/aspectj/apache/bcel/generic/Instruction; org/aspectj/apache/bcel/generic/Instruction
ciInstanceKlass org/aspectj/weaver/bcel/ShadowRange 1 1 308 10 7 12 1 1 1 9 7 12 1 1 1 9 12 1 10 7 12 1 1 1 9 12 1 1 10 7 12 1 1 1 10 12 1 1 10 12 1 1 10 12 1 1 10 10 100 12 1 1 1 10 12 1 10 10 12 1 1 10 12 1 1 9 12 1 1 10 100 12 1 1 1 100 1 10 12 1 10 12 1 100 1 10 12 1 1 10 100 12 1 1 1 10 12 1 10 12 1 1 11 100 12 1 1 1 11 100 12 1 1 1 11 12 1 1 100 1 100 1 10 9 100 12 1 1 1 9 12 1 9 12 1 9 12 1 9 12 1 9 12 1 10 12 1 1 10 12 1 8 1 10 100 12 1 1 1 8 1 10 12 1 1 11 12 1 1 10 12 1 10 100 12 1 1 100 1 10 12 1 10 100 12 1 1 1 10 12 1 1 10 12 1 1 10 12 1 10 12 1 1 100 1 10 12 1 1 10 12 1 1 10 12 1 10 12 1 10 12 1 10 12 1 10 12 1 9 12 1 1 10 12 1 1 100 1 100 1 8 1 10 12 10 12 1 1 10 100 12 1 1 1 8 1 1 1 1 1 1 1 1 1 1 1 1 1 1 1 1 1 1 1 1 1 1 1 1 1 1 1 1 1 1 1 1 1 1 1 1 1 1 1 1 1 1 1 1 1 1 100 100 1 1 1 1 1 1 1
ciInstanceKlass org/aspectj/weaver/bcel/Range$Where 1 1 27 10 7 12 1 1 1 9 7 12 1 1 1 1 1 1 1 1 1 1 1 1 1 1 100 1 1
ciInstanceKlass org/aspectj/weaver/JoinPointSignatureIterator 1 1 327 10 7 12 1 1 1 7 1 10 9 7 12 1 1 1 10 7 12 1 1 1 9 12 1 9 12 1 1 9 12 1 9 12 1 1 7 1 10 9 12 1 1 9 12 1 9 12 1 9 12 1 9 12 1 1 9 12 1 1 10 12 1 10 12 1 1 11 7 12 1 1 1 11 12 1 11 7 12 1 1 11 12 1 1 10 12 1 11 12 1 1 7 1 11 12 1 1 100 1 10 100 1 8 1 10 12 1 11 7 12 1 1 1 10 7 12 1 1 1 10 7 12 1 1 1 9 12 1 1 10 12 1 1 10 7 12 1 1 10 12 1 100 1 11 12 1 1 11 12 1 11 12 1 11 12 1 1 11 12 1 1 10 12 1 10 12 1 11 12 1 7 1 11 12 1 9 12 1 1 11 9 12 1 1 9 12 1 1 10 12 1 1 10 12 1 10 12 1 1 9 12 1 10 7 12 1 1 1 10 12 1 10 12 1 10 12 1 11 100 12 1 1 11 10 12 1 10 12 1 1 10 12 1 1 10 12 1 1 10 9 12 1 9 12 1 9 12 1 100 1 10 11 12 1 9 12 1 9 12 1 10 11 10 12 1 100 1 11 12 1 10 12 1 10 12 1 8 1 10 12 1 1 1 1 1 1 1 1 1 1 1 1 1 1 1 1 1 1 1 1 1 1 1 1 1 1 1 1 1 1 1 1 1 1 1 1 1 1 1 1 1 1 1 1 1 1
staticfield org/aspectj/weaver/JoinPointSignatureIterator jlrProxy Lorg/aspectj/weaver/UnresolvedType; org/aspectj/weaver/UnresolvedType
ciInstanceKlass org/aspectj/weaver/bcel/BcelClassWeaver$IfaceInitList 1 1 52 10 7 12 1 1 1 7 1 10 9 7 12 1 1 1 9 12 1 1 10 7 12 1 1 1 100 1 1 1 1 1 1 1 1 1 1 1 1 1 1 1 1 1 1 1 100 1 1 100 1 1
ciInstanceKlass org/aspectj/weaver/bcel/ExceptionRange 1 1 135 10 7 12 1 1 1 9 7 12 1 1 1 9 12 1 1 9 12 1 100 1 3 10 12 1 9 12 1 1 9 12 1 9 12 1 10 7 12 1 1 1 8 1 100 1 10 12 1 8 1 10 12 1 1 10 12 1 10 12 1 1 10 12 1 1 10 12 1 10 7 12 1 1 1 10 7 12 1 1 10 10 12 1 1 10 12 1 1 10 12 1 1 10 12 1 1 1 1 1 1 1 1 1 1 1 1 100 1 1 1 1 1 1 1 1 1 100 1 1 1 1 1 1 1 1 1 1 1 1 1 1 1 1 1
ciMethod java/lang/Object <init> ()V 4097 1 460889 0 96
ciMethod java/lang/Object getClass ()Ljava/lang/Class; 2049 1 256 0 -1
ciMethod java/lang/Object hashCode ()I 2049 1 256 0 -1
ciMethod java/lang/Object equals (Ljava/lang/Object;)Z 2081 1 1314 0 -1
ciMethod java/lang/String length ()I 2089 1 316879 0 -1
ciMethod java/lang/String charAt (I)C 2313 1 577566 0 128
ciMethod java/lang/String equals (Ljava/lang/Object;)Z 2505 1 8658 0 416
ciMethod java/lang/String startsWith (Ljava/lang/String;I)Z 1337 17017 5141 0 -1
ciMethod java/lang/String startsWith (Ljava/lang/String;)Z 2049 1 35588 0 448
ciMethod java/lang/String coder ()B 2049 1 409308 0 32
ciMethod java/lang/String isLatin1 ()Z 4097 1 708559 0 64
ciMethod java/lang/System arraycopy (Ljava/lang/Object;ILjava/lang/Object;II)V 2049 1 256 0 -1
ciMethod java/util/Iterator hasNext ()Z 0 0 1 0 -1
ciMethod java/util/Iterator next ()Ljava/lang/Object; 0 0 1 0 -1
ciMethod java/util/Set iterator ()Ljava/util/Iterator; 0 0 1 0 -1
ciMethod java/util/Set add (Ljava/lang/Object;)Z 0 0 1 0 -1
ciMethod java/util/Set remove (Ljava/lang/Object;)Z 0 0 1 0 -1
ciMethod java/util/AbstractCollection <init> ()V 2105 1 73664 0 0
ciMethod java/util/Objects equals (Ljava/lang/Object;Ljava/lang/Object;)Z 2145 1 6106 0 -1
ciMethod java/util/HashSet <init> ()V 2137 1 15219 0 0
ciMethod java/util/HashSet iterator ()Ljava/util/Iterator; 4097 1 6938 0 1536
ciMethod java/util/HashSet add (Ljava/lang/Object;)Z 4097 1 7404 0 512
ciMethod java/util/AbstractSet <init> ()V 3073 1 21957 0 0
ciMethod java/util/HashMap hash (Ljava/lang/Object;)I 2313 1 31409 0 192
ciMethod java/util/HashMap <init> ()V 2057 1 19073 0 64
ciMethod java/util/HashMap put (Ljava/lang/Object;Ljava/lang/Object;)Ljava/lang/Object; 4097 1 11086 0 224
ciMethod java/util/HashMap putVal (ILjava/lang/Object;Ljava/lang/Object;ZZ)Ljava/lang/Object; 3097 337 15103 0 3616
ciMethod java/util/HashMap resize ()[Ljava/util/HashMap$Node; 601 4281 2142 0 -1
ciMethod java/util/HashMap treeifyBin ([Ljava/util/HashMap$Node;I)V 0 0 1 0 -1
ciMethod java/util/HashMap keySet ()Ljava/util/Set; 4097 1 6818 0 384
ciMethod java/util/HashMap newNode (ILjava/lang/Object;Ljava/lang/Object;Ljava/util/HashMap$Node;)Ljava/util/HashMap$Node; 4097 1 7657 0 -1
ciMethod java/util/HashMap afterNodeAccess (Ljava/util/HashMap$Node;)V 289 1 36 0 -1
ciMethod java/util/HashMap afterNodeInsertion (Z)V 4097 1 6124 0 -1
ciMethod java/util/AbstractMap <init> ()V 2449 1 20097 0 0
ciMethod java/lang/StringLatin1 charAt ([BI)C 2665 1 567614 0 96
ciMethod java/lang/StringLatin1 equals ([B[B)Z 2073 1913 5845 0 -1
ciMethod java/util/Arrays copyOf ([Ljava/lang/Object;ILjava/lang/Class;)[Ljava/lang/Object; 897 1 6600 0 -1
ciMethod java/lang/StringUTF16 getChar ([BI)C 2529 1 316 0 -1
ciMethod java/lang/StringUTF16 equals ([B[B)Z 0 0 1 0 -1
ciMethod java/lang/StringUTF16 charAt ([BI)C 9 1 15 0 0
ciMethod java/lang/StringUTF16 checkIndex (I[B)V 9 1 39 0 -1
ciMethod java/util/Collections emptyIterator ()Ljava/util/Iterator; 2057 1 4144 0 0
ciMethod java/util/Collections emptySet ()Ljava/util/Set; 2209 1 10166 0 0
ciMethod java/util/Collections emptyList ()Ljava/util/List; 2105 1 21902 0 -1
ciMethod java/util/Collections$EmptySet iterator ()Ljava/util/Iterator; 3233 1 2552 0 0
ciMethod java/util/List isEmpty ()Z 0 0 1 0 -1
ciMethod java/util/List iterator ()Ljava/util/Iterator; 0 0 1 0 -1
ciMethod java/util/List add (Ljava/lang/Object;)Z 0 0 1 0 -1
ciMethod java/util/List addAll (Ljava/util/Collection;)Z 0 0 1 0 -1
ciMethod java/util/AbstractList <init> ()V 1769 1 50971 0 0
ciMethodData java/lang/Object <init> ()V 2 460889 orig 80 0 2 0 0 1 0 0 0 0 0 0 0 0 0 0 0 0 0 0 0 0 0 0 0 0 0 0 0 0 0 0 0 0 0 0 0 0 0 0 0 0 0 0 0 0 0 0 0 0 0 0 0 0 0 0 0 0 0 0 0 0 0 0 0 0 0 0 0 0 0 0 0 0 0 0 0 0 0 0 0 data 4 0x0 0x9 0x1 0x0 oops 0 methods 0
ciMethod java/util/LinkedHashMap keySet ()Ljava/util/Set; 89 1 11 0 0
ciMethodData java/lang/String coder ()B 2 409308 orig 80 0 1 0 0 0 0 0 0 0 0 0 0 0 0 0 0 0 0 0 0 0 0 0 0 0 0 0 0 0 0 0 0 0 0 0 0 0 0 0 0 0 0 0 0 0 0 0 0 0 0 0 0 0 0 0 0 0 0 0 0 0 0 0 0 0 0 0 0 0 0 0 0 0 0 0 0 0 0 0 0 data 14 0x30007 0x0 0x38 0x63ddc 0xa0003 0x63ddc 0x18 0x0 0x0 0x0 0x0 0x9 0x1 0x0 oops 0 methods 0
ciMethod java/util/ArrayList <init> ()V 2073 1 48853 0 256
ciMethod java/util/ArrayList size ()I 1025 1 128 0 0
ciMethod java/util/ArrayList isEmpty ()Z 2065 1 7175 0 0
ciMethod java/util/ArrayList toArray ([Ljava/lang/Object;)[Ljava/lang/Object; 601 1 6811 0 1376
ciMethod java/util/ArrayList clear ()V 2065 761 1476 0 0
ciMethodData java/lang/String isLatin1 ()Z 2 708559 orig 80 0 2 0 0 0 0 0 0 0 0 0 0 0 0 0 0 0 0 0 0 0 0 0 0 0 0 0 0 0 0 0 0 0 0 0 0 0 0 1 0 0 0 0 0 0 0 0 0 0 0 0 0 0 0 0 0 0 0 0 0 0 0 0 0 0 0 0 0 0 0 0 0 0 0 0 0 0 0 0 0 data 18 0x30007 0x0 0x58 0xacdd1 0x80000006000a0007 0x1d 0x38 0xacdb5 0xe0003 0xacdb5 0x18 0x0 0x0 0x0 0x0 0x9 0x1 0x0 oops 0 methods 0
ciMethodData java/lang/String equals (Ljava/lang/Object;)Z 2 8658 orig 80 57 1 0 0 0 0 0 0 0 0 0 0 0 0 0 0 0 0 0 0 0 0 0 0 0 0 0 0 0 0 0 0 0 0 0 0 0 0 0 0 0 0 0 0 0 0 0 0 0 0 0 0 0 0 0 0 0 0 0 0 0 0 0 0 0 0 0 0 0 0 0 0 0 0 0 0 0 0 0 0 data 68 0x20007 0x1d3e 0x20 0x35b 0x80104 0x0 0x0 0x2e151366360 0x15da 0x0 0x0 0xb0007 0x764 0x178 0x15da 0xf0004 0x0 0x0 0x2e151366360 0x15da 0x0 0x0 0x140005 0x15da 0x0 0x0 0x0 0x0 0x0 0x180005 0x15da 0x0 0x0 0x0 0x0 0x0 0x1b0007 0x0 0xb0 0x15da 0x1f0005 0x15da 0x0 0x0 0x0 0x0 0x0 0x220007 0x0 0x48 0x15da 0x2d0002 0x15da 0x300003 0x15da 0x28 0x3b0002 0x0 0x0 0x0 0x0 0x0 0x0 0x0 0x9 0x2 0x0 0x0 oops 2 7 java/lang/String 18 java/lang/String methods 0
ciMethodData java/util/AbstractCollection <init> ()V 2 73664 orig 80 7 1 0 0 0 0 0 0 0 0 0 0 0 0 0 0 0 0 0 0 0 0 0 0 0 0 0 0 0 0 0 0 0 0 0 0 0 0 0 0 0 0 0 0 0 0 0 0 0 0 0 0 0 0 0 0 0 0 0 0 0 0 0 0 0 0 0 0 0 0 0 0 0 0 0 0 0 0 0 0 data 7 0x10002 0x11eb9 0x0 0x0 0x9 0x1 0x0 oops 0 methods 0
ciMethod java/util/HashMap$TreeNode putTreeVal (Ljava/util/HashMap;[Ljava/util/HashMap$Node;ILjava/lang/Object;Ljava/lang/Object;)Ljava/util/HashMap$TreeNode; 0 0 1 0 -1
ciMethodData java/lang/String charAt (I)C 2 577566 orig 80 27 1 0 0 1 0 0 0 0 0 0 0 0 0 0 0 0 0 0 0 0 0 0 0 0 0 0 0 0 0 0 0 0 0 0 0 0 0 0 0 0 0 0 0 0 0 0 0 0 0 0 0 0 0 0 0 0 0 0 0 0 0 0 0 0 0 0 0 0 0 0 0 0 0 0 0 0 0 0 0 data 25 0x10005 0x8ceff 0x0 0x0 0x0 0x0 0x0 0x40007 0xb 0x30 0x8cef1 0xc0002 0x8cef2 0x150002 0xb 0x0 0x0 0x0 0x0 0x0 0x0 0x9 0x2 0x0 0x0 oops 0 methods 0
ciMethodData java/lang/StringLatin1 charAt ([BI)C 2 567614 orig 80 74 1 0 0 0 0 0 0 0 0 0 0 0 0 0 0 0 0 0 0 0 0 0 0 0 0 0 0 0 0 0 0 0 0 0 0 0 0 0 0 0 0 0 0 0 0 0 0 0 0 0 0 0 0 0 0 0 0 0 0 0 0 0 0 0 0 0 0 0 0 0 0 0 0 0 0 0 0 0 0 data 18 0x10007 0x0 0x40 0x8a7ef 0x70007 0x8a7ef 0x30 0x0 0xf0002 0x0 0x0 0x0 0x0 0x0 0x9 0x2 0x0 0x0 oops 0 methods 0
ciMethodData java/lang/StringUTF16 charAt ([BI)C 1 15 orig 80 1 0 0 0 0 0 0 0 0 0 0 0 0 0 0 0 0 0 0 0 0 0 0 0 0 0 0 0 0 0 0 0 0 0 0 0 0 0 0 0 0 0 0 0 0 0 0 0 0 0 0 0 0 0 0 0 0 0 0 0 0 0 0 0 0 0 0 0 0 0 0 0 0 0 0 0 0 0 0 0 data 14 0x20002 0xe 0x70002 0x4 0x0 0x0 0x0 0x0 0x0 0x0 0x9 0x2 0x0 0x0 oops 0 methods 0
ciMethod java/util/HashMap$KeySet <init> (Ljava/util/HashMap;)V 1089 1 5923 0 0
ciMethod java/util/HashMap$KeySet iterator ()Ljava/util/Iterator; 4097 1 6892 0 640
ciMethod java/util/HashMap$KeyIterator <init> (Ljava/util/HashMap;)V 4097 1 6892 0 0
ciMethod java/util/HashMap$KeyIterator next ()Ljava/lang/Object; 4097 1 7506 0 960
ciMethod java/util/HashMap$HashIterator <init> (Ljava/util/HashMap;)V 3681 10617 6029 0 896
ciMethod java/util/HashMap$HashIterator hasNext ()Z 4097 1 7183 0 64
ciMethod java/util/HashMap$HashIterator nextNode ()Ljava/util/HashMap$Node; 3705 6713 6818 0 992
ciMethodData java/lang/String length ()I 2 316879 orig 80 5 1 0 0 0 0 0 0 0 0 0 0 0 0 0 0 0 0 0 0 0 0 0 0 0 0 0 0 0 0 0 0 0 0 0 0 0 0 0 0 0 0 0 0 0 0 0 0 0 0 0 0 0 0 0 0 0 0 0 0 0 0 0 0 0 0 0 0 0 0 0 0 0 0 0 0 0 0 0 0 data 16 0x60005 0x4d4c9 0x0 0x0 0x0 0x0 0x0 0x0 0x0 0x0 0x0 0x0 0x0 0x9 0x1 0x0 oops 0 methods 0
ciMethod org/aspectj/weaver/bcel/ShadowRange associateWithShadow (Lorg/aspectj/weaver/bcel/BcelShadow;)V 2049 1 707 0 0
ciMethodData java/util/HashMap hash (Ljava/lang/Object;)I 2 31409 orig 80 33 1 0 0 0 0 0 0 0 0 0 0 0 0 0 0 0 0 0 0 0 0 0 0 0 0 0 0 0 0 0 0 0 0 0 0 0 0 0 0 0 0 0 0 0 0 0 0 0 0 0 0 0 0 0 0 0 0 0 0 0 0 0 0 0 0 0 0 0 0 0 0 0 0 0 0 0 0 0 0 data 23 0x10007 0x7990 0x38 0x0 0x50003 0x0 0x50 0x90005 0x2b73 0x0 0x2e151366360 0x4c2e 0x2e156cc8ea0 0x1ef 0x0 0x0 0x0 0x0 0x0 0x0 0x9 0x1 0x0 oops 2 10 java/lang/String 12 java/lang/module/ModuleDescriptor methods 0
ciMethodData java/util/HashMap putVal (ILjava/lang/Object;Ljava/lang/Object;ZZ)Ljava/lang/Object; 2 15103 orig 80 131 1 0 0 2 0 0 0 0 0 0 0 0 0 0 0 0 0 0 0 5 0 0 4 0 0 0 0 0 0 0 0 0 0 0 0 0 0 1 0 0 0 0 0 0 0 0 0 0 0 0 0 0 0 0 0 0 0 0 0 0 0 0 0 0 0 0 0 0 0 0 0 0 0 0 0 0 0 0 0 data 198 0x70007 0x8f3 0x40 0x3089 0x100007 0x3088 0x58 0x0 0x140005 0x8f3 0x0 0x0 0x0 0x0 0x0 0x2c0007 0x1068 0xa8 0x2914 0x380005 0x27 0x0 0x2e158853090 0x2826 0x2e158854a70 0xc7 0x3b0004 0x0 0x0 0x2e15286e620 0x2848 0x2e153aaea70 0xcc 0x3c0003 0x2914 0x410 0x450007 0x1041 0xd0 0x27 0x510007 0x1c 0x98 0xb 0x550007 0x0 0x90 0xb 0x80000007005b0005 0x4 0x0 0x2e151366360 0x1 0x2e152ad32b0 0xa 0x5e0007 0xe 0x38 0x1 0x650003 0x1d 0x2a8 0x6a0004 0xffffffffffffefb1 0x0 0x2e15286e620 0x8b 0x2e153aaea70 0x49 0x6d0007 0x104f 0xa8 0x0 0x720004 0x0 0x0 0x0 0x0 0x0 0x0 0x7b0005 0x0 0x0 0x0 0x0 0x0 0x0 0x800003 0x0 0x1c8 0x8e0007 0x43e 0xc8 0x104d 0x8000000400980005 0x19 0x0 0x2e158853090 0xfe3 0x2e158854a70 0x55 0xa20007 0x1050 0x158 0x1 0xa90005 0x1 0x0 0x0 0x0 0x0 0x0 0xac0003 0x1 0x100 0x8000000600b50007 0x420 0xd0 0x1f 0xc10007 0x2 0xc8 0x1d 0xc50007 0x0 0x90 0x1d 0xcb0005 0x0 0x0 0x2e151366360 0x1 0x2e152ad32b0 0x1c 0xce0007 0x1c 0x38 0x1 0xd10003 0x1 0x30 0xdb0003 0x43c 0xfffffffffffffe68 0xe00007 0x1051 0x98 0x20 0xec0007 0x1d 0x40 0x3 0xf10007 0x3 0x20 0x0 0x400fd0005 0x0 0x0 0x2e158853090 0x20 0x2e158854a70 0x1 0x11c0007 0x382b 0x58 0x13a 0x1200005 0x13a 0x0 0x0 0x0 0x0 0x0 0x1270005 0x40 0x0 0x2e158853090 0x3809 0x2e158854a70 0x11c 0x0 0x0 0x0 0x0 0x0 0x0 0x0 0x0 0x0 0x9 0x6 0x0 0x0 0x0 0x0 0x0 0x0 oops 16 22 java/util/HashMap 24 java/util/LinkedHashMap 29 java/util/HashMap$Node 31 java/util/LinkedHashMap$Entry 51 java/lang/String 53 org/aspectj/apache/bcel/generic/InstructionBranch 65 java/util/HashMap$Node 67 java/util/LinkedHashMap$Entry 97 java/util/HashMap 99 java/util/LinkedHashMap 130 java/lang/String 132 org/aspectj/apache/bcel/generic/InstructionBranch 159 java/util/HashMap 161 java/util/LinkedHashMap 177 java/util/HashMap 179 java/util/LinkedHashMap methods 0
ciMethodData java/util/HashMap put (Ljava/lang/Object;Ljava/lang/Object;)Ljava/lang/Object; 2 11086 orig 80 0 2 0 0 1 0 0 0 0 0 0 0 0 0 0 0 0 0 0 0 0 0 0 0 0 0 0 0 0 0 0 0 0 0 0 0 0 0 0 0 0 0 0 0 0 0 0 0 0 0 0 0 0 0 0 0 0 0 0 0 0 0 0 0 0 0 0 0 0 0 0 0 0 0 0 0 0 0 0 0 data 20 0x20002 0x294e 0x90005 0x294e 0x0 0x0 0x0 0x0 0x0 0x0 0x0 0x0 0x0 0x0 0x0 0x9 0x3 0x0 0x0 0x0 oops 0 methods 0
ciMethodData java/util/HashMap$HashIterator nextNode ()Ljava/util/HashMap$Node; 2 16356 orig 80 71 3 0 0 0 0 0 0 0 0 0 0 0 0 0 0 0 0 0 0 0 0 0 0 0 0 0 0 0 0 0 0 0 0 0 0 0 0 0 0 0 0 0 0 0 0 0 0 0 0 0 0 0 0 0 0 0 0 0 0 0 0 0 0 0 0 0 0 0 0 0 0 0 0 0 0 0 0 0 0 data 39 0x100007 0x18d3 0x30 0x0 0x170002 0x0 0x1c0007 0x18d3 0x30 0x0 0x230002 0x0 0x350007 0x35d 0x80 0x1576 0x410007 0x0 0x60 0x1576 0x4a0007 0x61e 0x40 0x4bf5 0x5f0007 0x3c9d 0xffffffffffffffe0 0xf58 0x0 0x0 0x0 0x0 0x0 0x0 0x0 0x0 0x9 0x1 0x0 oops 0 methods 0
ciMethodData java/util/HashMap$HashIterator hasNext ()Z 2 7183 orig 80 0 2 0 0 0 0 0 0 0 0 0 0 0 0 0 0 0 0 0 0 0 0 0 0 0 0 0 0 0 0 0 0 0 0 0 0 0 0 0 0 0 0 0 0 0 0 0 0 0 0 0 0 0 0 0 0 0 0 0 0 0 0 0 0 0 0 0 0 0 0 0 0 0 0 0 0 0 0 0 0 data 16 0x40007 0x636 0x38 0x13d9 0x80003 0x13d9 0x18 0x0 0x0 0x0 0x0 0x0 0x0 0x9 0x1 0x0 oops 0 methods 0
ciMethodData java/util/HashSet add (Ljava/lang/Object;)Z 2 7404 orig 80 0 2 0 0 1 0 0 0 0 0 0 0 0 0 0 0 0 0 0 0 4 0 0 0 0 0 0 0 0 0 0 0 0 0 0 0 0 0 0 0 0 0 0 0 0 0 0 0 0 0 0 0 0 0 0 0 0 0 0 0 0 0 0 0 0 0 0 0 0 0 0 0 0 0 0 0 0 0 0 0 data 24 0x8000000400080005 0x0 0x0 0x2e158853090 0x1ae9 0x2e158854a70 0x7 0xb0007 0x10 0x38 0x1ae0 0xf0003 0x1ae0 0x18 0x0 0x0 0x0 0x0 0x0 0x0 0x9 0x2 0x0 0x0 oops 2 3 java/util/HashMap 5 java/util/LinkedHashMap methods 0
ciMethodData java/util/HashMap$KeyIterator next ()Ljava/lang/Object; 2 7506 orig 80 0 2 0 0 0 0 0 0 0 0 0 0 0 0 0 0 0 0 0 0 0 0 0 0 0 0 0 0 0 0 0 0 0 0 0 0 0 0 0 0 0 0 0 0 0 0 0 0 0 0 0 0 0 0 0 0 0 0 0 0 0 0 0 0 0 0 0 0 0 0 0 0 0 0 0 0 0 0 0 0 data 16 0x10005 0x1b52 0x0 0x0 0x0 0x0 0x0 0x0 0x0 0x0 0x0 0x0 0x0 0x9 0x1 0x0 oops 0 methods 0
ciMethodData java/util/HashMap$HashIterator <init> (Ljava/util/HashMap;)V 2 23688 orig 80 47 5 0 0 0 0 0 0 0 0 0 0 0 0 0 0 0 0 0 0 0 0 0 0 0 0 0 0 0 0 0 0 0 0 0 0 0 0 0 0 0 0 0 0 0 0 0 0 0 0 0 0 0 0 0 0 0 0 0 0 0 0 0 0 0 0 0 0 0 0 0 0 0 0 0 0 0 0 0 0 data 29 0x60002 0x15c1 0x260007 0xc7 0x80 0x14fa 0x2d0007 0xf 0x60 0x14eb 0x360007 0x0 0x40 0x6c44 0x4b0007 0x5759 0xffffffffffffffe0 0x14eb 0x0 0x0 0x0 0x0 0x0 0x0 0x0 0x9 0x2 0x1e 0x0 oops 0 methods 0
ciMethodData java/util/HashMap <init> ()V 2 19073 orig 80 1 1 0 0 0 0 0 0 0 0 0 0 0 0 0 0 0 0 0 0 0 0 0 0 0 0 0 0 0 0 0 0 0 0 0 0 0 0 0 0 0 0 0 0 0 0 0 0 0 0 0 0 0 0 0 0 0 0 0 0 0 0 0 0 0 0 0 0 0 0 0 0 0 0 0 0 0 0 0 0 data 9 0x10002 0x4980 0x0 0x0 0x0 0x0 0x9 0x1 0x10 oops 0 methods 0
ciMethodData java/util/AbstractMap <init> ()V 2 20097 orig 80 50 1 0 0 0 0 0 0 0 0 0 0 0 0 0 0 0 0 0 0 0 0 0 0 0 0 0 0 0 0 0 0 0 0 0 0 0 0 0 0 0 0 0 0 0 0 0 0 0 0 0 0 0 0 0 0 0 0 0 0 0 0 0 0 0 0 0 0 0 0 0 0 0 0 0 0 0 0 0 0 data 7 0x10002 0x4d4f 0x0 0x0 0x9 0x1 0x0 oops 0 methods 0
ciMethodData java/util/AbstractSet <init> ()V 2 21957 orig 80 128 1 0 0 0 0 0 0 0 0 0 0 0 0 0 0 0 0 0 0 0 0 0 0 0 0 0 0 0 0 0 0 0 0 0 0 0 0 0 0 0 0 0 0 0 0 0 0 0 0 0 0 0 0 0 0 0 0 0 0 0 0 0 0 0 0 0 0 0 0 0 0 0 0 0 0 0 0 0 0 data 7 0x10002 0x5445 0x0 0x0 0x9 0x1 0x0 oops 0 methods 0
ciMethodData java/util/HashMap keySet ()Ljava/util/Set; 2 6818 orig 80 0 2 0 0 0 0 0 0 0 0 0 0 0 0 0 0 0 0 0 0 0 0 0 0 0 0 0 0 0 0 0 0 0 0 0 0 0 0 0 0 0 0 0 0 0 0 0 0 0 0 0 0 0 0 0 0 0 0 0 0 0 0 0 0 0 0 0 0 0 0 0 0 0 0 0 0 0 0 0 0 data 15 0x60007 0x207 0x30 0x169b 0xe0002 0x169b 0x0 0x0 0x0 0x0 0x0 0x0 0x9 0x1 0x0 oops 0 methods 0
ciMethodData java/util/HashMap$KeySet iterator ()Ljava/util/Iterator; 2 6892 orig 80 0 2 0 0 0 0 0 0 0 0 0 0 0 0 0 0 0 0 0 0 0 0 0 0 0 0 0 0 0 0 0 0 0 0 0 0 0 0 0 0 0 0 0 0 0 0 0 0 0 0 0 0 0 0 0 0 0 0 0 0 0 0 0 0 0 0 0 0 0 0 0 0 0 0 0 0 0 0 0 0 data 9 0x80002 0x18ec 0x0 0x0 0x0 0x0 0x9 0x1 0x0 oops 0 methods 0
ciMethodData java/util/HashMap$KeyIterator <init> (Ljava/util/HashMap;)V 2 6892 orig 80 0 2 0 0 0 0 0 0 0 0 0 0 0 0 0 0 0 0 0 0 0 0 0 0 0 0 0 0 0 0 0 0 0 0 0 0 0 0 0 0 0 0 0 0 0 0 0 0 0 0 0 0 0 0 0 0 0 0 0 0 0 0 0 0 0 0 0 0 0 0 0 0 0 0 0 0 0 0 0 0 data 10 0x70002 0x18ec 0x0 0x0 0x0 0x0 0x9 0x2 0x1e 0x0 oops 0 methods 0
ciMethodData java/util/HashMap$KeySet <init> (Ljava/util/HashMap;)V 2 5923 orig 80 136 0 0 0 0 0 0 0 0 0 0 0 0 0 0 0 0 0 0 0 0 0 0 0 0 0 0 0 0 0 0 0 0 0 0 0 0 0 0 0 0 0 0 0 0 0 0 0 0 0 0 0 0 0 0 0 0 0 0 0 0 0 0 0 0 0 0 0 0 0 0 0 0 0 0 0 0 0 0 0 data 10 0x60002 0x169b 0x0 0x0 0x0 0x0 0x9 0x2 0x6 0x0 oops 0 methods 0
ciMethodData java/util/HashSet iterator ()Ljava/util/Iterator; 2 6938 orig 80 0 2 0 0 0 0 0 0 0 0 0 0 0 0 0 0 0 0 0 0 0 0 0 0 0 0 0 0 0 0 0 0 0 0 0 0 0 0 0 0 0 0 0 0 0 0 0 0 0 0 0 0 0 0 0 0 0 0 0 0 0 0 0 0 0 0 0 0 0 0 0 0 0 0 0 0 0 0 0 0 data 23 0x40005 0x0 0x0 0x2e158853090 0x190f 0x2e158854a70 0xb 0x70005 0x0 0x0 0x2e158854b20 0x190f 0x2e158854bd0 0xb 0x0 0x0 0x0 0x0 0x0 0x0 0x9 0x1 0x0 oops 4 3 java/util/HashMap 5 java/util/LinkedHashMap 10 java/util/HashMap$KeySet 12 java/util/LinkedHashMap$LinkedKeySet methods 0
ciMethodData java/util/HashSet <init> ()V 2 15500 orig 80 11 1 0 0 0 0 0 0 0 0 0 0 0 0 0 0 0 0 0 0 0 0 0 0 0 0 0 0 0 0 0 0 0 0 0 0 0 0 0 0 0 0 0 0 0 0 0 0 0 0 0 0 0 0 0 0 0 0 0 0 0 0 0 0 0 0 0 0 0 0 0 0 0 0 0 0 0 0 0 0 data 11 0x10002 0x3b81 0x90002 0x3b81 0x0 0x0 0x0 0x0 0x9 0x1 0x0 oops 0 methods 0
ciMethodData java/lang/String startsWith (Ljava/lang/String;I)Z 2 36316 orig 80 79 8 0 0 1 0 0 0 0 0 0 0 0 0 0 0 0 0 0 0 0 0 0 0 0 0 0 0 0 0 0 0 0 0 0 0 0 0 1 0 0 0 0 0 0 0 0 0 0 0 0 0 0 0 0 0 0 0 0 0 0 0 0 0 0 0 0 0 0 0 0 0 0 0 0 0 0 0 0 0 data 97 0x10007 0x6 0xb0 0x1368 0x60005 0x1368 0x0 0x0 0x0 0x0 0x0 0xa0005 0x1368 0x0 0x0 0x0 0x0 0x0 0x80000006000e0007 0x1353 0x20 0x16 0x270005 0x1353 0x0 0x0 0x0 0x0 0x0 0x2b0005 0x1353 0x0 0x0 0x0 0x0 0x0 0x2e0007 0x0 0xe8 0x1353 0x320005 0x1353 0x0 0x0 0x0 0x0 0x0 0x350007 0x0 0x38 0x1353 0x390003 0x1353 0x18 0x450007 0x7f5 0x40 0x90ea 0x570007 0x858c 0xffffffffffffffe0 0xb5e 0x5c0003 0x7f5 0xc0 0x600005 0x0 0x0 0x0 0x0 0x0 0x0 0x630007 0x0 0x20 0x0 0x6c0007 0x0 0x50 0x0 0x740002 0x0 0x830007 0x0 0xffffffffffffffd0 0x0 0x0 0x0 0x0 0x0 0x0 0x0 0x9 0x3 0x0 0x0 0x0 oops 0 methods 0
ciMethodData java/lang/String startsWith (Ljava/lang/String;)Z 2 37240 orig 80 0 1 0 0 0 0 0 0 0 0 0 0 0 0 0 0 0 0 0 0 0 0 0 0 0 0 0 0 0 0 0 0 0 0 0 0 0 0 0 0 0 0 0 0 0 0 0 0 0 0 0 0 0 0 0 0 0 0 0 0 0 0 0 0 0 0 0 0 0 0 0 0 0 0 0 0 0 0 0 0 data 17 0x30005 0x9078 0x0 0x0 0x0 0x0 0x0 0x0 0x0 0x0 0x0 0x0 0x0 0x9 0x2 0x0 0x0 oops 0 methods 0
ciMethodData java/util/AbstractList <init> ()V 2 50971 orig 80 221 0 0 0 0 0 0 0 0 0 0 0 0 0 0 0 0 0 0 0 0 0 0 0 0 0 0 0 0 0 0 0 0 0 0 0 0 0 0 0 0 0 0 0 0 0 0 0 0 0 0 0 0 0 0 0 0 0 0 0 0 0 0 0 0 0 0 0 0 0 0 0 0 0 0 0 0 0 0 0 data 9 0x10002 0xc63e 0x0 0x0 0x0 0x0 0x9 0x1 0x0 oops 0 methods 0
ciMethod java/util/Collections$EmptyIterator hasNext ()Z 1033 1 129 0 0
ciMethod org/aspectj/weaver/bcel/BcelWorld fromBcel (Lorg/aspectj/apache/bcel/generic/Type;)Lorg/aspectj/weaver/UnresolvedType; 361 1 240 0 0
ciMethod org/aspectj/weaver/bcel/BcelWorld fromBcel ([Lorg/aspectj/apache/bcel/generic/Type;)[Lorg/aspectj/weaver/UnresolvedType; 337 1 233 0 -1
ciMethod org/aspectj/weaver/bcel/BcelWorld makeJoinPointSignatureFromMethod (Lorg/aspectj/weaver/bcel/LazyMethodGen;Lorg/aspectj/weaver/MemberKind;)Lorg/aspectj/weaver/Member; 2049 1 1493 0 0
ciMethod org/aspectj/weaver/World isOverWeaving ()Z 1049 1 131 0 0
ciMethod org/aspectj/weaver/UnresolvedType forName (Ljava/lang/String;)Lorg/aspectj/weaver/UnresolvedType; 1009 1 4539 0 -1
ciMethod org/aspectj/weaver/UnresolvedType forSignature (Ljava/lang/String;)Lorg/aspectj/weaver/UnresolvedType; 2065 1 8387 0 -1
ciMethod org/aspectj/weaver/UnresolvedType getErasureSignature ()Ljava/lang/String; 281 1 1691 0 -1
ciMethod java/lang/AssertionError <init> ()V 0 0 1 0 -1
ciMethod org/aspectj/apache/bcel/generic/Type getSignature ()Ljava/lang/String; 1049 1 131 0 -1
ciMethod org/aspectj/apache/bcel/generic/Type getType ()B 1033 1 129 0 -1
ciMethod org/aspectj/apache/bcel/generic/Type getSize ()I 1873 1 1146 0 -1
ciMethod org/aspectj/apache/bcel/generic/Type getType (Ljava/lang/String;)Lorg/aspectj/apache/bcel/generic/Type; 2073 1 1672 0 -1
ciMethod org/aspectj/apache/bcel/generic/ObjectType <init> (Ljava/lang/String;)V 2033 1 1504 0 -1
ciMethod org/aspectj/weaver/bcel/Range <init> (Lorg/aspectj/apache/bcel/generic/InstructionList;)V 2049 1 733 0 0
ciMethodData java/util/ArrayList <init> ()V 2 48853 orig 80 3 1 0 0 0 0 0 0 0 0 0 0 0 0 0 0 0 0 0 0 0 0 0 0 0 0 0 0 0 0 0 0 0 0 0 0 0 0 0 0 0 0 0 0 0 0 0 0 0 0 0 0 0 0 0 0 0 0 0 0 0 0 0 0 0 0 0 0 0 0 0 0 0 0 0 0 0 0 0 0 data 9 0x10002 0xbdd2 0x0 0x0 0x0 0x0 0x9 0x1 0x0 oops 0 methods 0
ciMethodData java/util/ArrayList toArray ([Ljava/lang/Object;)[Ljava/lang/Object; 2 6811 orig 80 75 0 0 0 0 0 0 0 0 0 0 0 0 0 0 0 0 0 0 0 3 0 1 0 0 0 0 0 0 0 0 0 0 0 0 0 0 0 0 0 0 0 0 0 0 0 0 0 0 0 0 0 0 0 0 0 0 0 0 0 0 0 0 0 0 0 0 0 0 0 0 0 0 0 0 0 0 0 0 0 data 36 0x60007 0x934 0x68 0x111c 0x120005 0x111c 0x0 0x0 0x0 0x0 0x0 0x8000000400150002 0x111f 0x8000000600240002 0x935 0x2d0007 0x935 0x58 0x0 0x360004 0x0 0x0 0x0 0x0 0x0 0x0 0x0 0x0 0x0 0x0 0x0 0x0 0x9 0x2 0x0 0xffffffffffffffff oops 0 methods 0
ciMethod org/aspectj/weaver/ShadowMunger match (Lorg/aspectj/weaver/Shadow;Lorg/aspectj/weaver/World;)Z 2145 1 9212 0 -1
ciMethod org/aspectj/weaver/ShadowMunger getSourceLocation ()Lorg/aspectj/bridge/ISourceLocation; 97 1 12 0 -1
ciMethod org/aspectj/weaver/ShadowMunger getPointcut ()Lorg/aspectj/weaver/patterns/Pointcut; 0 0 1 0 -1
ciMethod org/aspectj/apache/bcel/classfile/ConstantPool getConstantString_CONSTANTClass (I)Ljava/lang/String; 25 1 14 0 -1
ciMethod org/aspectj/apache/bcel/classfile/FieldOrMethod getAttributes ()[Lorg/aspectj/apache/bcel/classfile/Attribute; 1201 1 150 0 -1
ciMethod org/aspectj/apache/bcel/classfile/FieldOrMethod getConstantPool ()Lorg/aspectj/apache/bcel/classfile/ConstantPool; 1025 1 128 0 -1
ciMethod org/aspectj/apache/bcel/classfile/FieldOrMethod getName ()Ljava/lang/String; 2241 1 9400 0 -1
ciMethod org/aspectj/apache/bcel/classfile/Modifiers getModifiers ()I 1089 1 136 0 -1
ciMethod org/aspectj/apache/bcel/classfile/Modifiers isNative ()Z 529 1 481 0 0
ciMethod org/aspectj/apache/bcel/classfile/Modifiers isAbstract ()Z 593 1 489 0 0
ciMethod org/aspectj/apache/bcel/classfile/Code getAttributes ()[Lorg/aspectj/apache/bcel/classfile/Attribute; 897 1 112 0 -1
ciMethod org/aspectj/apache/bcel/classfile/Code getCode ()[B 921 1 115 0 -1
ciMethod org/aspectj/apache/bcel/classfile/Code getExceptionTable ()[Lorg/aspectj/apache/bcel/classfile/CodeException; 897 1 112 0 -1
ciMethod org/aspectj/apache/bcel/classfile/Code getMaxLocals ()I 897 1 112 0 -1
ciMethod org/aspectj/apache/bcel/classfile/Code getMaxStack ()I 897 1 112 0 -1
ciMethod org/aspectj/apache/bcel/classfile/ExceptionTable getExceptionNames ()[Ljava/lang/String; 177 201 1473 0 -1
ciMethod org/aspectj/apache/bcel/classfile/LineNumberTable getLineNumberTable ()[Lorg/aspectj/apache/bcel/classfile/LineNumber; 857 1 473 0 -1
ciMethod org/aspectj/apache/bcel/classfile/LocalVariableTable getLocalVariableTable ()[Lorg/aspectj/apache/bcel/classfile/LocalVariable; 729 1 399 0 -1
ciMethod org/aspectj/apache/bcel/classfile/annotation/RuntimeAnnos getAnnotations ()Ljava/util/List; 793 1 1996 0 -1
ciMethod org/aspectj/weaver/bcel/ShadowRange <init> (Lorg/aspectj/apache/bcel/generic/InstructionList;)V 2049 1 707 0 0
ciMethod org/aspectj/apache/bcel/generic/ClassGenException <init> (Ljava/lang/String;)V 0 0 1 0 -1
ciMethod org/aspectj/apache/bcel/classfile/Method getCode ()Lorg/aspectj/apache/bcel/classfile/Code; 2049 1 20642 0 -1
ciMethod org/aspectj/apache/bcel/classfile/Method getReturnType ()Lorg/aspectj/apache/bcel/generic/Type; 369 1 493 0 -1
ciMethod org/aspectj/apache/bcel/classfile/Method getArgumentTypes ()[Lorg/aspectj/apache/bcel/generic/Type; 1105 1 512 0 -1
ciMethod org/aspectj/apache/bcel/classfile/CodeException getCatchType ()I 25 1 3 0 -1
ciMethod org/aspectj/apache/bcel/classfile/CodeException getEndPC ()I 25 1 3 0 -1
ciMethod org/aspectj/apache/bcel/classfile/CodeException getHandlerPC ()I 25 1 3 0 -1
ciMethod org/aspectj/apache/bcel/classfile/CodeException getStartPC ()I 25 1 3 0 -1
ciMethod org/aspectj/apache/bcel/classfile/LocalVariable getLength ()I 1025 1 128 0 -1
ciMethod org/aspectj/apache/bcel/classfile/LocalVariable getName ()Ljava/lang/String; 1929 1 1153 0 -1
ciMethod org/aspectj/apache/bcel/classfile/LocalVariable getSignature ()Ljava/lang/String; 2049 1 2292 0 -1
ciMethod org/aspectj/apache/bcel/classfile/LocalVariable getIndex ()I 1025 1 128 0 -1
ciMethod org/aspectj/apache/bcel/classfile/LocalVariable getStartPC ()I 1025 1 128 0 -1
ciMethod org/aspectj/weaver/AjAttribute$EffectiveSignatureAttribute getEffectiveSignature ()Lorg/aspectj/weaver/ResolvedMember; 0 0 1 0 -1
ciMethod org/aspectj/weaver/AjAttribute$EffectiveSignatureAttribute getShadowKind ()Lorg/aspectj/weaver/Shadow$Kind; 0 0 1 0 -1
ciMethod org/aspectj/weaver/AjAttribute$EffectiveSignatureAttribute isWeaveBody ()Z 0 0 1 0 -1
ciMethod org/aspectj/weaver/bcel/Utility getSourceLine (Lorg/aspectj/apache/bcel/generic/InstructionHandle;)I 2049 3577 726 0 0
ciMethod org/aspectj/weaver/bcel/Utility setSourceLine (Lorg/aspectj/apache/bcel/generic/InstructionHandle;I)V 1097 1 483 0 0
ciMethod org/aspectj/apache/bcel/generic/Instruction dispose ()V 0 0 1 0 -1
ciMethod org/aspectj/weaver/bcel/ShadowRange associateWithTargets (Lorg/aspectj/apache/bcel/generic/InstructionHandle;Lorg/aspectj/apache/bcel/generic/InstructionHandle;)V 2049 1 707 0 0
ciMethod org/aspectj/apache/bcel/generic/FieldOrMethod getName (Lorg/aspectj/apache/bcel/classfile/ConstantPool;)Ljava/lang/String; 2049 1 410 0 -1
ciMethod org/aspectj/apache/bcel/generic/InstructionBranch notifyTarget (Lorg/aspectj/apache/bcel/generic/InstructionHandle;Lorg/aspectj/apache/bcel/generic/InstructionHandle;Lorg/aspectj/apache/bcel/generic/InstructionTargeter;)V 697 1 295 0 -1
ciMethod org/aspectj/weaver/ResolvedMemberImpl <init> (Lorg/aspectj/weaver/MemberKind;Lorg/aspectj/weaver/UnresolvedType;ILorg/aspectj/weaver/UnresolvedType;Ljava/lang/String;[Lorg/aspectj/weaver/UnresolvedType;)V 241 1 238 0 -1
ciMethod org/aspectj/weaver/MemberImpl <init> (Lorg/aspectj/weaver/MemberKind;Lorg/aspectj/weaver/UnresolvedType;ILorg/aspectj/weaver/UnresolvedType;Ljava/lang/String;[Lorg/aspectj/weaver/UnresolvedType;)V 2049 1 244 0 -1
ciMethod org/aspectj/weaver/MemberImpl typesToSignature (Lorg/aspectj/weaver/UnresolvedType;[Lorg/aspectj/weaver/UnresolvedType;Z)Ljava/lang/String; 2049 1 244 0 -1
ciMethod org/aspectj/weaver/AjcMemberMaker interfaceConstructor (Lorg/aspectj/weaver/ResolvedType;)Lorg/aspectj/weaver/Member; 993 1 155 0 -1
ciMethod org/aspectj/util/TypeSafeEnum getKey ()B 1073 1 134 0 -1
ciMethod org/aspectj/weaver/bcel/Range genEnd (Lorg/aspectj/apache/bcel/generic/InstructionList;Lorg/aspectj/apache/bcel/generic/InstructionHandle;)Lorg/aspectj/apache/bcel/generic/InstructionHandle; 1905 1 330 0 0
ciMethod org/aspectj/weaver/Shadow <init> (Lorg/aspectj/weaver/Shadow$Kind;Lorg/aspectj/weaver/Member;Lorg/aspectj/weaver/Shadow;)V 2073 1 5460 0 -1
ciMethod org/aspectj/weaver/Shadow getKind ()Lorg/aspectj/weaver/Shadow$Kind; 1145 1 143 0 0
ciMethod org/aspectj/weaver/Shadow setMatchingSignature (Lorg/aspectj/weaver/Member;)V 0 0 1 0 -1
ciMethod org/aspectj/weaver/Shadow addMunger (Lorg/aspectj/weaver/ShadowMunger;)V 0 0 1 0 -1
ciMethod org/aspectj/apache/bcel/generic/InstructionHandle <init> (Lorg/aspectj/apache/bcel/generic/Instruction;)V 2137 1 10145 0 544
ciMethod org/aspectj/apache/bcel/generic/InstructionHandle getInstructionHandle (Lorg/aspectj/apache/bcel/generic/Instruction;)Lorg/aspectj/apache/bcel/generic/InstructionHandle; 2233 1 10090 0 0
ciMethod org/aspectj/apache/bcel/generic/InstructionHandle getNext ()Lorg/aspectj/apache/bcel/generic/InstructionHandle; 1033 1 129 0 0
ciMethod org/aspectj/apache/bcel/generic/InstructionHandle getPrev ()Lorg/aspectj/apache/bcel/generic/InstructionHandle; 1033 1 129 0 -1
ciMethod org/aspectj/apache/bcel/generic/InstructionHandle getInstruction ()Lorg/aspectj/apache/bcel/generic/Instruction; 1025 1 128 0 0
ciMethod org/aspectj/apache/bcel/generic/InstructionHandle setInstruction (Lorg/aspectj/apache/bcel/generic/Instruction;)V 2233 1 10145 0 0
ciMethod org/aspectj/apache/bcel/generic/InstructionHandle getPosition ()I 1209 1 151 0 -1
ciMethod org/aspectj/apache/bcel/generic/InstructionHandle removeTargeter (Lorg/aspectj/apache/bcel/generic/InstructionTargeter;)V 73 1 48 0 -1
ciMethod org/aspectj/apache/bcel/generic/InstructionHandle addTargeter (Lorg/aspectj/apache/bcel/generic/InstructionTargeter;)V 2553 1 31564 0 1184
ciMethod org/aspectj/apache/bcel/generic/InstructionHandle getTargeters ()Ljava/util/Set; 1225 1 153 0 0
ciMethod org/aspectj/weaver/bcel/BcelMethod isAjSynthetic ()Z 1985 1 5034 0 0
ciMethod org/aspectj/weaver/bcel/BcelMethod getAssociatedShadowMunger ()Lorg/aspectj/weaver/ShadowMunger; 1241 1 155 0 -1
ciMethod org/aspectj/weaver/bcel/BcelMethod getEffectiveSignature ()Lorg/aspectj/weaver/AjAttribute$EffectiveSignatureAttribute; 1025 1 128 0 0
ciMethod org/aspectj/bridge/context/CompilationAndWeavingContext enteringPhase (ILjava/lang/Object;)Lorg/aspectj/bridge/context/ContextToken; 2049 1 2911 0 -1
ciMethod org/aspectj/bridge/context/CompilationAndWeavingContext leavingPhase (Lorg/aspectj/bridge/context/ContextToken;)V 2137 1 2909 0 -1
ciMethod java/util/LinkedHashMap$LinkedKeySet <init> (Ljava/util/LinkedHashMap;)V 89 1 11 0 -1
ciMethod java/util/LinkedHashMap$LinkedKeySet iterator ()Ljava/util/Iterator; 89 1 11 0 0
ciMethod java/util/LinkedHashMap$LinkedKeyIterator <init> (Ljava/util/LinkedHashMap;)V 89 1 11 0 0
ciMethod java/util/LinkedHashMap$LinkedHashIterator <init> (Ljava/util/LinkedHashMap;)V 249 1 31 0 0
ciMethod org/aspectj/weaver/bcel/LazyClassGen warnOnAddedStaticInitializer (Lorg/aspectj/weaver/Shadow;Lorg/aspectj/bridge/ISourceLocation;)V 0 0 1 0 -1
ciMethod org/aspectj/weaver/bcel/LazyClassGen getConstantPool ()Lorg/aspectj/apache/bcel/classfile/ConstantPool; 1025 1 128 0 0
ciMethod org/aspectj/weaver/bcel/LazyClassGen getName ()Ljava/lang/String; 1209 1 1100 0 0
ciMethod org/aspectj/weaver/bcel/LazyClassGen isInterface ()Z 337 1 233 0 -1
ciMethodData java/util/ArrayList isEmpty ()Z 2 7496 orig 80 2 1 0 0 0 0 0 0 0 0 0 0 0 0 0 0 0 0 0 0 0 0 0 0 0 0 0 0 0 0 0 0 0 0 0 0 0 0 0 0 0 0 0 0 0 0 0 0 0 0 0 0 0 0 0 0 0 0 0 0 0 0 0 0 0 0 0 0 0 0 0 0 0 0 0 0 0 0 0 0 data 13 0x40007 0xa 0x38 0x1c3c 0x80003 0x1c3c 0x18 0x0 0x0 0x0 0x9 0x1 0x0 oops 0 methods 0
ciMethod org/aspectj/apache/bcel/generic/ClassGen getClassName ()Ljava/lang/String; 1041 1 130 0 0
ciMethod org/aspectj/weaver/bcel/LazyMethodGen initialize ()V 1497 1 2247 0 0
ciMethod org/aspectj/weaver/bcel/LazyMethodGen unpackHandlers (Lorg/aspectj/apache/bcel/generic/MethodGen;)V 529 25 481 0 0
ciMethod org/aspectj/weaver/bcel/LazyMethodGen getOutermostExceptionStart (Lorg/aspectj/apache/bcel/generic/InstructionHandle;)Lorg/aspectj/apache/bcel/generic/InstructionHandle; 121 33 16 0 0
ciMethod org/aspectj/weaver/bcel/LazyMethodGen getOutermostExceptionEnd (Lorg/aspectj/apache/bcel/generic/InstructionHandle;)Lorg/aspectj/apache/bcel/generic/InstructionHandle; 121 33 16 0 0
ciMethod org/aspectj/weaver/bcel/LazyMethodGen ensureAllLineNumberSetup ()V 529 33569 481 0 0
ciMethod org/aspectj/weaver/bcel/LazyMethodGen markAsChanged ()V 1161 1 1795 0 0
ciMethod org/aspectj/weaver/bcel/LazyMethodGen isBridgeMethod ()Z 2153 1 5388 0 0
ciMethod org/aspectj/weaver/bcel/LazyMethodGen getAccessFlags ()I 1097 1 137 0 0
ciMethod org/aspectj/weaver/bcel/LazyMethodGen getArgumentTypes ()[Lorg/aspectj/apache/bcel/generic/Type; 337 1 233 0 -1
ciMethod org/aspectj/weaver/bcel/LazyMethodGen getEnclosingClass ()Lorg/aspectj/weaver/bcel/LazyClassGen; 393 1 49 0 0
ciMethod org/aspectj/weaver/bcel/LazyMethodGen getName ()Ljava/lang/String; 1145 1 143 0 0
ciMethod org/aspectj/weaver/bcel/LazyMethodGen getReturnType ()Lorg/aspectj/apache/bcel/generic/Type; 169 1 226 0 -1
ciMethod org/aspectj/weaver/bcel/LazyMethodGen getBody ()Lorg/aspectj/apache/bcel/generic/InstructionList; 1161 1 1795 0 0
ciMethod org/aspectj/weaver/bcel/LazyMethodGen getClassName ()Ljava/lang/String; 305 1 233 0 -1
ciMethod org/aspectj/weaver/bcel/LazyMethodGen assertGoodBody ()V 809 1 707 0 0
ciMethod org/aspectj/weaver/bcel/LazyMethodGen isAdviceMethod ()Z 2057 1 10460 0 0
ciMethod org/aspectj/weaver/bcel/LazyMethodGen isAjSynthetic ()Z 2153 1 5260 0 0
ciMethod org/aspectj/weaver/bcel/LazyMethodGen getEffectiveSignature ()Lorg/aspectj/weaver/AjAttribute$EffectiveSignatureAttribute; 2073 1 10766 0 0
ciMethod org/aspectj/weaver/bcel/LazyMethodGen getMemberView ()Lorg/aspectj/weaver/bcel/BcelMethod; 1273 1 159 0 -1
ciMethod org/aspectj/weaver/bcel/BcelClassWeaver canMatch (Lorg/aspectj/weaver/Shadow$Kind;)Z 2121 1 5260 0 0
ciMethod org/aspectj/weaver/bcel/BcelClassWeaver isThisCall (Lorg/aspectj/apache/bcel/generic/InstructionHandle;)Z 2049 1 393 0 -1
ciMethod org/aspectj/weaver/bcel/BcelClassWeaver findSuperOrThisCall (Lorg/aspectj/weaver/bcel/LazyMethodGen;)Lorg/aspectj/apache/bcel/generic/InstructionHandle; 2049 4265 393 0 -1
ciMethod org/aspectj/weaver/bcel/BcelClassWeaver match (Lorg/aspectj/weaver/bcel/LazyMethodGen;)Z 2065 1 5388 0 -1
ciMethod org/aspectj/weaver/bcel/BcelClassWeaver matchInit (Lorg/aspectj/weaver/bcel/LazyMethodGen;Ljava/util/List;)Z 233 57 393 0 -1
ciMethod org/aspectj/weaver/bcel/BcelClassWeaver shouldWeaveBody (Lorg/aspectj/weaver/bcel/LazyMethodGen;)Z 2089 1 5388 0 0
ciMethod org/aspectj/weaver/bcel/BcelClassWeaver genInitInstructions (Ljava/util/List;Z)Lorg/aspectj/apache/bcel/generic/InstructionList; 2065 1 799 0 -1
ciMethod org/aspectj/weaver/bcel/BcelClassWeaver match (Lorg/aspectj/weaver/bcel/LazyMethodGen;Lorg/aspectj/apache/bcel/generic/InstructionHandle;Lorg/aspectj/weaver/bcel/BcelShadow;Ljava/util/List;)V 0 0 1 0 -1
ciMethod org/aspectj/weaver/bcel/BcelClassWeaver fixParameterNamesForResolvedMember (Lorg/aspectj/weaver/ResolvedMember;Lorg/aspectj/weaver/ResolvedMember;)V 0 0 1 0 -1
ciMethod org/aspectj/weaver/bcel/BcelClassWeaver fixAnnotationsForResolvedMember (Lorg/aspectj/weaver/ResolvedMember;Lorg/aspectj/weaver/ResolvedMember;)V 0 0 1 0 -1
ciMethod org/aspectj/weaver/bcel/BcelClassWeaver match (Lorg/aspectj/weaver/bcel/BcelShadow;Ljava/util/List;)Z 2105 6313 5442 0 864
ciMethod org/aspectj/weaver/bcel/BcelShadow <init> (Lorg/aspectj/weaver/bcel/BcelWorld;Lorg/aspectj/weaver/Shadow$Kind;Lorg/aspectj/weaver/Member;Lorg/aspectj/weaver/bcel/LazyMethodGen;Lorg/aspectj/weaver/bcel/BcelShadow;)V 2073 1 5603 0 2496
ciMethod org/aspectj/weaver/bcel/BcelShadow getRange ()Lorg/aspectj/weaver/bcel/ShadowRange; 1025 1 128 0 -1
ciMethod org/aspectj/weaver/bcel/BcelShadow setRange (Lorg/aspectj/weaver/bcel/ShadowRange;)V 1025 1 128 0 0
ciMethod org/aspectj/weaver/bcel/BcelShadow makeConstructorExecution (Lorg/aspectj/weaver/bcel/BcelWorld;Lorg/aspectj/weaver/bcel/LazyMethodGen;Lorg/aspectj/apache/bcel/generic/InstructionHandle;)Lorg/aspectj/weaver/bcel/BcelShadow; 2049 1 393 0 -1
ciMethod org/aspectj/weaver/bcel/BcelShadow makeStaticInitialization (Lorg/aspectj/weaver/bcel/BcelWorld;Lorg/aspectj/weaver/bcel/LazyMethodGen;)Lorg/aspectj/weaver/bcel/BcelShadow; 233 1 314 0 0
ciMethod org/aspectj/weaver/bcel/BcelShadow makeIfaceInitialization (Lorg/aspectj/weaver/bcel/BcelWorld;Lorg/aspectj/weaver/bcel/LazyMethodGen;Lorg/aspectj/weaver/Member;)Lorg/aspectj/weaver/bcel/BcelShadow; 993 1 155 0 -1
ciMethod org/aspectj/weaver/bcel/BcelShadow initIfaceInitializer (Lorg/aspectj/apache/bcel/generic/InstructionHandle;)V 0 0 1 0 -1
ciMethod org/aspectj/weaver/bcel/BcelShadow makeUnfinishedInitialization (Lorg/aspectj/weaver/bcel/BcelWorld;Lorg/aspectj/weaver/bcel/LazyMethodGen;)Lorg/aspectj/weaver/bcel/BcelShadow; 2049 1 393 0 -1
ciMethod org/aspectj/weaver/bcel/BcelShadow makeUnfinishedPreinitialization (Lorg/aspectj/weaver/bcel/BcelWorld;Lorg/aspectj/weaver/bcel/LazyMethodGen;)Lorg/aspectj/weaver/bcel/BcelShadow; 2049 1 393 0 -1
ciMethod org/aspectj/weaver/bcel/BcelShadow makeMethodExecution (Lorg/aspectj/weaver/bcel/BcelWorld;Lorg/aspectj/weaver/bcel/LazyMethodGen;Z)Lorg/aspectj/weaver/bcel/BcelShadow; 1641 1 4553 0 0
ciMethod org/aspectj/weaver/bcel/BcelShadow init ()V 0 0 1 0 -1
ciMethod org/aspectj/weaver/bcel/BcelShadow makeMethodExecution (Lorg/aspectj/weaver/bcel/BcelWorld;Lorg/aspectj/weaver/bcel/LazyMethodGen;)Lorg/aspectj/weaver/bcel/BcelShadow; 0 0 1 0 -1
ciMethod org/aspectj/weaver/bcel/BcelShadow makeShadowForMethod (Lorg/aspectj/weaver/bcel/BcelWorld;Lorg/aspectj/weaver/bcel/LazyMethodGen;Lorg/aspectj/weaver/Shadow$Kind;Lorg/aspectj/weaver/Member;)Lorg/aspectj/weaver/bcel/BcelShadow; 0 0 1 0 -1
ciMethod org/aspectj/weaver/bcel/BcelShadow makeAdviceExecution (Lorg/aspectj/weaver/bcel/BcelWorld;Lorg/aspectj/weaver/bcel/LazyMethodGen;)Lorg/aspectj/weaver/bcel/BcelShadow; 0 0 1 0 -1
ciMethod org/aspectj/apache/bcel/generic/Tag <init> ()V 2241 1 3831 0 0
ciMethod org/aspectj/apache/bcel/generic/LocalVariableTag <init> (Lorg/aspectj/apache/bcel/generic/Type;Ljava/lang/String;Ljava/lang/String;II)V 1873 1 1146 0 -1
ciMethod org/aspectj/apache/bcel/generic/InstructionList <init> (Lorg/aspectj/apache/bcel/generic/Instruction;)V 2057 1 1055 0 0
ciMethod org/aspectj/apache/bcel/generic/InstructionList isEmpty ()Z 2057 1 11176 0 0
ciMethod org/aspectj/apache/bcel/generic/InstructionList getInstructionsAsArray ()[Lorg/aspectj/apache/bcel/generic/InstructionHandle; 857 1 481 0 -1
ciMethod org/aspectj/apache/bcel/generic/InstructionList findHandle (I[Lorg/aspectj/apache/bcel/generic/InstructionHandle;)Lorg/aspectj/apache/bcel/generic/InstructionHandle; 73 1 48 0 -1
ciMethod org/aspectj/apache/bcel/generic/InstructionList findHandle (I[Lorg/aspectj/apache/bcel/generic/InstructionHandle;Z)Lorg/aspectj/apache/bcel/generic/InstructionHandle; 2105 1 3316 0 -1
ciMethod org/aspectj/apache/bcel/generic/InstructionList <init> ([B)V 849 32769 481 0 -1
ciMethod org/aspectj/apache/bcel/generic/InstructionList append (Lorg/aspectj/apache/bcel/generic/InstructionHandle;Lorg/aspectj/apache/bcel/generic/InstructionList;)Lorg/aspectj/apache/bcel/generic/InstructionHandle; 1905 1 333 0 0
ciMethod org/aspectj/apache/bcel/generic/InstructionList append (Lorg/aspectj/apache/bcel/generic/InstructionHandle;)V 2193 1 8784 0 1440
ciMethod org/aspectj/apache/bcel/generic/InstructionList append (Lorg/aspectj/apache/bcel/generic/Instruction;)Lorg/aspectj/apache/bcel/generic/InstructionHandle; 2161 1 9863 0 0
ciMethod org/aspectj/apache/bcel/generic/InstructionList append (Lorg/aspectj/apache/bcel/generic/InstructionHandle;Lorg/aspectj/apache/bcel/generic/Instruction;)Lorg/aspectj/apache/bcel/generic/InstructionHandle; 1905 1 332 0 0
ciMethod org/aspectj/apache/bcel/generic/InstructionList insert (Lorg/aspectj/apache/bcel/generic/InstructionHandle;Lorg/aspectj/apache/bcel/generic/InstructionList;)Lorg/aspectj/apache/bcel/generic/InstructionHandle; 2049 1 1372 0 0
ciMethod org/aspectj/apache/bcel/generic/InstructionList insert (Lorg/aspectj/apache/bcel/generic/InstructionHandle;)V 825 1 239 0 -1
ciMethod org/aspectj/apache/bcel/generic/InstructionList insert (Lorg/aspectj/apache/bcel/generic/Instruction;)Lorg/aspectj/apache/bcel/generic/InstructionHandle; 825 1 227 0 -1
ciMethod org/aspectj/apache/bcel/generic/InstructionList insert (Lorg/aspectj/apache/bcel/generic/InstructionHandle;Lorg/aspectj/apache/bcel/generic/Instruction;)Lorg/aspectj/apache/bcel/generic/InstructionHandle; 2049 1 725 0 0
ciMethod org/aspectj/apache/bcel/generic/InstructionList clear ()V 1593 1 1057 0 -1
ciMethod org/aspectj/apache/bcel/generic/InstructionList getStart ()Lorg/aspectj/apache/bcel/generic/InstructionHandle; 1041 1 130 0 0
ciMethod org/aspectj/apache/bcel/generic/InstructionList getEnd ()Lorg/aspectj/apache/bcel/generic/InstructionHandle; 1025 1 128 0 0
ciMethod org/aspectj/apache/bcel/generic/MethodGen <init> (ILorg/aspectj/apache/bcel/generic/Type;[Lorg/aspectj/apache/bcel/generic/Type;[Ljava/lang/String;Ljava/lang/String;Ljava/lang/String;Lorg/aspectj/apache/bcel/generic/InstructionList;Lorg/aspectj/apache/bcel/classfile/ConstantPool;)V 857 1 481 0 -1
ciMethod org/aspectj/apache/bcel/generic/MethodGen getHighestlinenumber ()I 529 1 66 0 0
ciMethod org/aspectj/apache/bcel/generic/MethodGen <init> (Lorg/aspectj/apache/bcel/classfile/Method;Ljava/lang/String;Lorg/aspectj/apache/bcel/classfile/ConstantPool;Z)V 529 22889 481 0 -1
ciMethod org/aspectj/apache/bcel/generic/MethodGen addLocalVariable (Ljava/lang/String;Lorg/aspectj/apache/bcel/generic/Type;ILorg/aspectj/apache/bcel/generic/InstructionHandle;Lorg/aspectj/apache/bcel/generic/InstructionHandle;)Lorg/aspectj/apache/bcel/generic/LocalVariableGen; 0 0 1 0 -1
ciMethod org/aspectj/apache/bcel/generic/MethodGen removeLocalVariables ()V 0 0 1 0 -1
ciMethod org/aspectj/apache/bcel/generic/MethodGen addLineNumber (Lorg/aspectj/apache/bcel/generic/InstructionHandle;I)Lorg/aspectj/apache/bcel/generic/LineNumberGen; 0 0 1 0 -1
ciMethod org/aspectj/apache/bcel/generic/MethodGen addExceptionHandler (Lorg/aspectj/apache/bcel/generic/InstructionHandle;Lorg/aspectj/apache/bcel/generic/InstructionHandle;Lorg/aspectj/apache/bcel/generic/InstructionHandle;Lorg/aspectj/apache/bcel/generic/ObjectType;)Lorg/aspectj/apache/bcel/generic/CodeExceptionGen; 25 1 16 0 -1
ciMethod org/aspectj/apache/bcel/generic/MethodGen removeExceptionHandlers ()V 2049 1 481 0 0
ciMethod org/aspectj/apache/bcel/generic/MethodGen getExceptionHandlers ()[Lorg/aspectj/apache/bcel/generic/CodeExceptionGen; 2049 1 481 0 0
ciMethod org/aspectj/apache/bcel/generic/MethodGen addException (Ljava/lang/String;)V 9 1 2 0 -1
ciMethod org/aspectj/apache/bcel/generic/MethodGen getExceptions ()[Ljava/lang/String; 529 1 481 0 0
ciMethod org/aspectj/apache/bcel/generic/MethodGen addCodeAttribute (Lorg/aspectj/apache/bcel/classfile/Attribute;)V 233 1 123 0 -1
ciMethod org/aspectj/apache/bcel/generic/MethodGen setMaxLocals (I)V 897 1 112 0 -1
ciMethod org/aspectj/apache/bcel/generic/MethodGen getMaxLocals ()I 529 1 66 0 0
ciMethod org/aspectj/apache/bcel/generic/MethodGen setMaxStack (I)V 897 1 112 0 -1
ciMethod org/aspectj/apache/bcel/generic/MethodGen getReturnType ()Lorg/aspectj/apache/bcel/generic/Type; 521 1 481 0 0
ciMethod org/aspectj/apache/bcel/generic/MethodGen getArgumentTypes ()[Lorg/aspectj/apache/bcel/generic/Type; 529 1 66 0 0
ciMethod org/aspectj/apache/bcel/generic/MethodGen getInstructionList ()Lorg/aspectj/apache/bcel/generic/InstructionList; 529 1 66 0 0
ciMethod org/aspectj/apache/bcel/generic/FieldGenOrMethodGen getType ()Lorg/aspectj/apache/bcel/generic/Type; 529 1 66 0 0
ciMethod org/aspectj/apache/bcel/generic/FieldGenOrMethodGen addAttribute (Lorg/aspectj/apache/bcel/classfile/Attribute;)V 177 1 83 0 -1
ciMethod org/aspectj/apache/bcel/generic/FieldGenOrMethodGen getAttributes ()Ljava/util/List; 529 1 66 0 0
ciMethod org/aspectj/apache/bcel/classfile/LineNumber getLineNumber ()I 1497 1 187 0 -1
ciMethod org/aspectj/apache/bcel/classfile/LineNumber getStartPC ()I 1497 1 187 0 -1
ciMethod org/aspectj/apache/bcel/generic/LineNumberTag <init> (I)V 2113 1 2651 0 0
ciMethod org/aspectj/apache/bcel/generic/LineNumberTag getLineNumber ()I 1033 1 129 0 -1
ciMethod org/aspectj/apache/bcel/generic/LineNumberTag hashCode ()I 1169 1 146 0 0
ciMethod org/aspectj/apache/bcel/generic/CodeExceptionGen setStartPC (Lorg/aspectj/apache/bcel/generic/InstructionHandle;)V 241 1 32 0 0
ciMethod org/aspectj/apache/bcel/generic/CodeExceptionGen setEndPC (Lorg/aspectj/apache/bcel/generic/InstructionHandle;)V 241 1 32 0 0
ciMethod org/aspectj/apache/bcel/generic/CodeExceptionGen setHandlerPC (Lorg/aspectj/apache/bcel/generic/InstructionHandle;)V 241 1 32 0 0
ciMethod org/aspectj/apache/bcel/generic/CodeExceptionGen getCatchType ()Lorg/aspectj/apache/bcel/generic/ObjectType; 225 1 28 0 0
ciMethod org/aspectj/apache/bcel/generic/CodeExceptionGen getStartPC ()Lorg/aspectj/apache/bcel/generic/InstructionHandle; 121 1 15 0 0
ciMethod org/aspectj/apache/bcel/generic/CodeExceptionGen getEndPC ()Lorg/aspectj/apache/bcel/generic/InstructionHandle; 121 1 15 0 0
ciMethod org/aspectj/apache/bcel/generic/CodeExceptionGen getHandlerPC ()Lorg/aspectj/apache/bcel/generic/InstructionHandle; 121 1 15 0 0
ciMethod org/aspectj/weaver/bcel/Range getStart ()Lorg/aspectj/apache/bcel/generic/InstructionHandle; 1033 1 129 0 -1
ciMethod org/aspectj/weaver/bcel/Range insert (Lorg/aspectj/apache/bcel/generic/InstructionList;Lorg/aspectj/weaver/bcel/Range$Where;)V 1969 1 330 0 -1
ciMethod org/aspectj/weaver/bcel/Range setLineNumberFromNext (Lorg/aspectj/apache/bcel/generic/InstructionHandle;)V 2049 1 725 0 0
ciMethod org/aspectj/weaver/bcel/Range genStart (Lorg/aspectj/apache/bcel/generic/InstructionList;)Lorg/aspectj/apache/bcel/generic/InstructionHandle; 0 0 1 0 0
ciMethod org/aspectj/weaver/bcel/Range genEnd (Lorg/aspectj/apache/bcel/generic/InstructionList;)Lorg/aspectj/apache/bcel/generic/InstructionHandle; 2049 1 397 0 0
ciMethod org/aspectj/weaver/bcel/Range genStart (Lorg/aspectj/apache/bcel/generic/InstructionList;Lorg/aspectj/apache/bcel/generic/InstructionHandle;)Lorg/aspectj/apache/bcel/generic/InstructionHandle; 2049 1 723 0 0
ciMethodData org/aspectj/apache/bcel/generic/InstructionHandle addTargeter (Lorg/aspectj/apache/bcel/generic/InstructionTargeter;)V 2 33259 orig 80 60 1 0 0 0 0 0 0 0 0 0 0 0 0 0 0 0 0 0 0 0 0 0 0 0 0 0 0 0 0 0 0 0 0 0 0 0 0 0 0 0 0 0 0 0 0 0 0 0 0 0 0 0 0 0 0 0 0 0 0 0 0 0 0 0 0 0 0 0 0 0 0 0 0 0 0 0 0 0 0 data 23 0x70007 0x5cd2 0x30 0x23da 0xf0002 0x23da 0x1a0005 0x0 0x0 0x2e1572691e0 0x80ac 0x0 0x0 0x0 0x0 0x0 0x0 0x0 0x0 0x9 0x2 0x18 0xffffffffffffffff oops 1 9 java/util/HashSet methods 0
ciMethodData java/util/Collections emptySet ()Ljava/util/Set; 2 10166 orig 80 20 1 0 0 0 0 0 0 0 0 0 0 0 0 0 0 0 0 0 0 0 0 0 0 0 0 0 0 0 0 0 0 0 0 0 0 0 0 0 0 0 0 0 0 0 0 0 0 0 0 0 0 0 0 0 0 0 0 0 0 0 0 0 0 0 0 0 0 0 0 0 0 0 0 0 0 0 0 0 0 data 4 0x0 0x0 0x9 0x0 oops 0 methods 0
ciMethodData java/util/Collections emptyIterator ()Ljava/util/Iterator; 2 4144 orig 80 1 1 0 0 0 0 0 0 0 0 0 0 0 0 0 0 0 0 0 0 0 0 0 0 0 0 0 0 0 0 0 0 0 0 0 0 0 0 0 0 0 0 0 0 0 0 0 0 0 0 0 0 0 0 0 0 0 0 0 0 0 0 0 0 0 0 0 0 0 0 0 0 0 0 0 0 0 0 0 0 data 4 0x0 0x0 0x9 0x0 oops 0 methods 0
ciMethodData org/aspectj/apache/bcel/generic/InstructionList isEmpty ()Z 2 11185 orig 80 1 1 0 0 0 0 0 0 0 0 0 0 0 0 0 0 0 0 0 0 0 0 0 0 0 0 0 0 0 0 0 0 0 0 0 0 0 0 0 0 0 0 0 0 0 0 0 0 0 0 0 0 0 0 0 0 0 0 0 0 0 0 0 0 0 0 0 0 0 0 0 0 0 0 0 0 0 0 0 0 data 16 0x40007 0x214e 0x38 0x962 0x80003 0x962 0x18 0x0 0x0 0x0 0x0 0x0 0x0 0x9 0x1 0x0 oops 0 methods 0
ciMethodData org/aspectj/apache/bcel/generic/InstructionHandle <init> (Lorg/aspectj/apache/bcel/generic/Instruction;)V 2 10145 orig 80 11 1 0 0 0 0 0 0 0 0 0 0 0 0 0 0 0 0 0 0 0 0 0 0 0 0 0 0 0 0 0 0 0 0 0 0 0 0 0 0 0 0 0 0 0 0 0 0 0 0 0 0 0 0 0 0 0 0 0 0 0 0 0 0 0 0 0 0 0 0 0 0 0 0 0 0 0 0 0 0 data 21 0x10002 0x2696 0xa0002 0x2696 0x120005 0x73 0x0 0x2e152012550 0x25da 0x2e158616c70 0x49 0x0 0x0 0x0 0x0 0x0 0x0 0x9 0x2 0xffffffffffffffff 0xffffffffffffffff oops 2 7 org/aspectj/apache/bcel/generic/InstructionHandle 9 org/aspectj/apache/bcel/generic/BranchHandle methods 0
ciMethodData org/aspectj/apache/bcel/generic/InstructionHandle setInstruction (Lorg/aspectj/apache/bcel/generic/Instruction;)V 2 10145 orig 80 20 1 0 0 0 0 0 0 0 0 0 0 0 0 0 0 0 0 0 0 0 0 0 0 0 0 0 0 0 0 0 0 0 0 0 0 0 0 0 0 0 0 0 0 0 0 0 0 0 0 0 0 0 0 0 0 0 0 0 0 0 0 0 0 0 0 0 0 0 0 0 0 0 0 0 0 0 0 0 0 data 21 0x40007 0x268a 0x58 0x0 0xb0005 0x0 0x0 0x0 0x0 0x0 0x0 0x0 0x0 0x0 0x0 0x0 0x0 0x9 0x2 0x0 0x0 oops 0 methods 0
ciMethodData org/aspectj/apache/bcel/generic/InstructionHandle getInstructionHandle (Lorg/aspectj/apache/bcel/generic/Instruction;)Lorg/aspectj/apache/bcel/generic/InstructionHandle; 2 10090 orig 80 23 1 0 0 0 0 0 0 0 0 0 0 0 0 0 0 0 0 0 0 0 0 0 0 0 0 0 0 0 0 0 0 0 0 0 0 0 0 0 0 0 0 0 0 0 0 0 0 0 0 0 0 0 0 0 0 0 0 0 0 0 0 0 0 0 0 0 0 0 0 0 0 0 0 0 0 0 0 0 0 data 8 0x50002 0x2653 0x0 0x0 0x0 0x9 0x1 0xffffffffffffffff oops 0 methods 0
ciMethodData org/aspectj/apache/bcel/generic/InstructionList append (Lorg/aspectj/apache/bcel/generic/InstructionHandle;)V 2 8784 orig 80 18 1 0 0 0 0 0 0 0 0 0 0 0 0 0 0 0 0 0 0 0 0 0 0 0 0 0 0 0 0 0 0 0 0 0 0 0 0 0 0 0 0 0 0 0 0 0 0 0 0 0 0 0 0 0 0 0 0 0 0 0 0 0 0 0 0 0 0 0 0 0 0 0 0 0 0 0 0 0 0 data 24 0x10005 0x0 0x0 0x2e152012300 0x213e 0x0 0x0 0x40007 0x1bc4 0x38 0x57a 0x1b0003 0x57a 0x18 0x0 0x0 0x0 0x0 0x0 0x0 0x9 0x2 0x0 0x0 oops 1 3 org/aspectj/apache/bcel/generic/InstructionList methods 0
ciMethodData org/aspectj/apache/bcel/generic/InstructionList append (Lorg/aspectj/apache/bcel/generic/Instruction;)Lorg/aspectj/apache/bcel/generic/InstructionHandle; 2 9863 orig 80 14 1 0 0 0 0 0 0 0 0 0 0 0 0 0 0 0 0 0 0 0 0 0 0 0 0 0 0 0 0 0 0 0 0 0 0 0 0 0 0 0 0 0 0 0 0 0 0 0 0 0 0 0 0 0 0 0 0 0 0 0 0 0 0 0 0 0 0 0 0 0 0 0 0 0 0 0 0 0 0 data 14 0x10002 0x2579 0x70002 0x2579 0x0 0x0 0x0 0x0 0x0 0x0 0x9 0x2 0x0 0x0 oops 0 methods 0
ciMethodData org/aspectj/weaver/bcel/LazyMethodGen getEffectiveSignature ()Lorg/aspectj/weaver/AjAttribute$EffectiveSignatureAttribute; 2 10766 orig 80 3 1 0 0 0 0 0 0 0 0 0 0 0 0 0 0 0 0 0 0 0 0 0 0 0 0 0 0 0 0 0 0 0 0 0 0 0 0 0 0 0 0 0 0 0 0 0 0 0 0 0 0 0 0 0 0 0 0 0 0 0 0 0 0 0 0 0 0 0 0 0 0 0 0 0 0 0 0 0 0 data 20 0x40007 0x290b 0x20 0x0 0x100005 0x0 0x0 0x2e158705fa0 0x290b 0x0 0x0 0x0 0x0 0x0 0x0 0x0 0x0 0x9 0x1 0x0 oops 1 7 org/aspectj/weaver/bcel/BcelMethod methods 0
ciMethodData org/aspectj/weaver/bcel/LazyMethodGen isAdviceMethod ()Z 2 11316 orig 80 1 1 0 0 0 0 0 0 0 0 0 0 0 0 0 0 0 0 0 0 0 0 0 0 0 0 0 0 0 0 0 0 0 0 0 0 0 0 0 0 0 0 0 0 0 0 0 0 0 0 0 0 0 0 0 0 0 0 0 0 0 0 0 0 0 0 0 0 0 0 0 0 0 0 0 0 0 0 0 0 data 27 0x40007 0x2b33 0x20 0x0 0xd0005 0x0 0x0 0x2e158705fa0 0x2b33 0x0 0x0 0x100007 0x2b33 0x38 0x0 0x140003 0x0 0x18 0x0 0x0 0x0 0x0 0x0 0x0 0x9 0x1 0x0 oops 1 7 org/aspectj/weaver/bcel/BcelMethod methods 0
ciMethod org/aspectj/weaver/bcel/ExceptionRange <init> (Lorg/aspectj/apache/bcel/generic/InstructionList;Lorg/aspectj/weaver/UnresolvedType;I)V 121 1 16 0 0
ciMethod org/aspectj/weaver/bcel/ExceptionRange associateWithTargets (Lorg/aspectj/apache/bcel/generic/InstructionHandle;Lorg/aspectj/apache/bcel/generic/InstructionHandle;Lorg/aspectj/apache/bcel/generic/InstructionHandle;)V 121 1 16 0 0
ciMethod org/aspectj/weaver/bcel/ExceptionRange isExceptionStart (Lorg/aspectj/apache/bcel/generic/InstructionHandle;)Z 153 1 20 0 -1
ciMethod org/aspectj/weaver/bcel/ExceptionRange isExceptionEnd (Lorg/aspectj/apache/bcel/generic/InstructionHandle;)Z 153 1 20 0 -1
ciMethodData org/aspectj/weaver/bcel/BcelShadow <init> (Lorg/aspectj/weaver/bcel/BcelWorld;Lorg/aspectj/weaver/Shadow$Kind;Lorg/aspectj/weaver/Member;Lorg/aspectj/weaver/bcel/LazyMethodGen;Lorg/aspectj/weaver/bcel/BcelShadow;)V 2 5603 orig 80 3 1 0 0 0 0 0 0 0 0 0 0 0 0 0 0 0 0 0 0 0 0 0 0 0 0 0 0 0 0 0 0 0 0 0 0 0 0 0 0 0 0 0 0 0 0 0 0 0 0 0 0 0 0 0 0 0 0 0 0 0 0 0 0 0 0 0 0 0 0 0 0 0 0 0 0 0 0 0 0 data 21 0x50002 0x14e0 0x0 0x0 0x0 0x0 0x0 0x0 0x0 0x0 0x0 0x0 0x0 0x9 0x6 0xfffe 0x0 0x0 0x0 0x0 0x0 oops 0 methods 0
ciMethodData org/aspectj/weaver/Shadow <init> (Lorg/aspectj/weaver/Shadow$Kind;Lorg/aspectj/weaver/Member;Lorg/aspectj/weaver/Shadow;)V 2 5460 orig 80 3 1 0 0 0 0 0 0 0 0 0 0 0 0 0 0 0 0 0 0 0 0 0 0 0 0 0 0 0 0 0 0 0 0 0 0 0 0 0 0 0 0 0 0 0 0 0 0 0 0 0 0 0 0 0 0 0 0 0 0 0 0 0 0 0 0 0 0 0 0 0 0 0 0 0 0 0 0 0 0 data 16 0x10002 0x1451 0x50002 0x1451 0x0 0x0 0x0 0x0 0x0 0x0 0x9 0x4 0x3e 0x0 0x0 0x0 oops 0 methods 0
ciMethodData org/aspectj/apache/bcel/generic/Tag <init> ()V 2 3831 orig 80 24 1 0 0 0 0 0 0 0 0 0 0 0 0 0 0 0 0 0 0 0 0 0 0 0 0 0 0 0 0 0 0 0 0 0 0 0 0 0 0 0 0 0 0 0 0 0 0 0 0 0 0 0 0 0 0 0 0 0 0 0 0 0 0 0 0 0 0 0 0 0 0 0 0 0 0 0 0 0 0 data 7 0x10002 0xddf 0x0 0x0 0x9 0x1 0x0 oops 0 methods 0
ciMethodData java/util/Collections$EmptySet iterator ()Ljava/util/Iterator; 2 2552 orig 80 148 1 0 0 0 0 0 0 0 0 0 0 0 0 0 0 0 0 0 0 0 0 0 0 0 0 0 0 0 0 0 0 0 0 0 0 0 0 0 0 0 0 0 0 0 0 0 0 0 0 0 0 0 0 0 0 0 0 0 0 0 0 0 0 0 0 0 0 0 0 0 0 0 0 0 0 0 0 0 0 data 11 0x2 0x864 0x0 0x0 0x0 0x0 0x0 0x0 0x9 0x1 0x0 oops 0 methods 0
ciMethodData org/aspectj/apache/bcel/generic/LineNumberTag <init> (I)V 2 2677 orig 80 8 1 0 0 0 0 0 0 0 0 0 0 0 0 0 0 0 0 0 0 0 0 0 0 0 0 0 0 0 0 0 0 0 0 0 0 0 0 0 0 0 0 0 0 0 0 0 0 0 0 0 0 0 0 0 0 0 0 0 0 0 0 0 0 0 0 0 0 0 0 0 0 0 0 0 0 0 0 0 0 data 10 0x10002 0x96d 0x0 0x0 0x0 0x0 0x9 0x2 0x6 0x0 oops 0 methods 0
ciMethodData org/aspectj/weaver/bcel/BcelClassWeaver match (Lorg/aspectj/weaver/bcel/BcelShadow;Ljava/util/List;)Z 2 18036 orig 80 20 3 0 0 0 0 0 0 0 0 0 0 0 0 0 0 0 0 0 0 0 0 0 0 0 0 0 0 0 0 0 0 0 0 0 0 0 0 0 0 0 0 0 0 0 0 0 0 0 0 0 0 0 0 0 0 0 0 0 0 0 0 0 0 0 0 0 0 0 0 0 0 0 0 0 0 0 0 0 0 data 244 0x30007 0x143b 0x3f0 0x0 0x90002 0x0 0x110005 0x0 0x0 0x0 0x0 0x0 0x0 0x1c0005 0x0 0x0 0x0 0x0 0x0 0x0 0x240007 0x0 0x340 0x0 0x290005 0x0 0x0 0x0 0x0 0x0 0x0 0x320005 0x0 0x0 0x0 0x0 0x0 0x0 0x370007 0x0 0x258 0x0 0x3c0005 0x0 0x0 0x0 0x0 0x0 0x0 0x410004 0x0 0x0 0x0 0x0 0x0 0x0 0x4a0005 0x0 0x0 0x0 0x0 0x0 0x0 0x4d0002 0x0 0x590005 0x0 0x0 0x0 0x0 0x0 0x0 0x5c0007 0x0 0x120 0x0 0x620005 0x0 0x0 0x0 0x0 0x0 0x0 0x690005 0x0 0x0 0x0 0x0 0x0 0x0 0x6f0007 0x0 0x90 0x0 0x790005 0x0 0x0 0x0 0x0 0x0 0x0 0x7c0005 0x0 0x0 0x0 0x0 0x0 0x0 0x810002 0x0 0x840003 0x0 0xfffffffffffffd88 0x890007 0x0 0x58 0x0 0x8e0005 0x0 0x0 0x0 0x0 0x0 0x0 0x950002 0x0 0x9e0005 0x0 0x0 0x2e1586ffd20 0x143b 0x0 0x0 0xa90005 0x0 0x0 0x2e15200f340 0x143b 0x0 0x0 0xb10007 0x364 0x2e8 0x10d7 0xb60005 0x0 0x0 0x2e1586ffdd0 0x10d7 0x0 0x0 0xbf0005 0x0 0x0 0x2e154e4ae40 0x5433 0x0 0x0 0xc40007 0x10d7 0x200 0x435c 0xc90005 0x0 0x0 0x2e154e4ae40 0x435c 0x0 0x0 0xce0004 0x0 0x0 0x2e156a46e20 0x435c 0x0 0x0 0xda0005 0x0 0x0 0x2e156a46e20 0x435c 0x0 0x0 0xdd0007 0x435c 0x120 0x0 0xe30005 0x0 0x0 0x0 0x0 0x0 0x0 0xe90005 0x0 0x0 0x0 0x0 0x0 0x0 0xef0007 0x0 0x90 0x0 0xf90005 0x0 0x0 0x0 0x0 0x0 0x0 0xfc0005 0x0 0x0 0x0 0x0 0x0 0x0 0xff0003 0x435c 0xfffffffffffffde0 0x1030007 0x10d7 0x58 0x0 0x1080005 0x0 0x0 0x0 0x0 0x0 0x0 0x0 0x0 0x0 0x0 0x0 0x0 0x9 0x3 0x0 0x0 0x0 oops 7 129 org/aspectj/weaver/bcel/BcelShadow 136 org/aspectj/weaver/Shadow$Kind 147 java/util/ArrayList 154 java/util/ArrayList$Itr 165 java/util/ArrayList$Itr 172 org/aspectj/weaver/bcel/BcelAdvice 179 org/aspectj/weaver/bcel/BcelAdvice methods 0
ciMethodData org/aspectj/weaver/bcel/BcelClassWeaver match (Lorg/aspectj/weaver/bcel/LazyMethodGen;)Z 2 5388 orig 80 1 1 0 0 0 0 0 0 0 0 0 0 0 0 0 0 0 0 0 0 0 0 0 0 0 0 0 0 0 0 0 0 0 0 0 0 0 0 0 0 0 0 0 0 0 0 0 0 0 0 0 0 0 0 0 0 0 0 0 0 0 0 0 0 0 0 0 0 0 0 0 0 0 0 0 0 0 0 0 0 data 358 0x40002 0x140a 0xc0005 0x0 0x0 0x2e1586ffc70 0x140a 0x0 0x0 0x120005 0x140a 0x0 0x0 0x0 0x0 0x0 0x160005 0x140a 0x0 0x0 0x0 0x0 0x0 0x1b0007 0x1181 0x38 0x289 0x1f0003 0x289 0x18 0x270007 0x1181 0xc0 0x289 0x2b0005 0x289 0x0 0x0 0x0 0x0 0x0 0x310005 0x289 0x0 0x0 0x0 0x0 0x0 0x340007 0x11d 0x30 0x16c 0x3a0002 0x16c 0x400002 0x129e 0x430007 0x121e 0x20 0x80 0x4a0007 0x1101 0xd8 0x11d 0x4e0005 0x11d 0x0 0x0 0x0 0x0 0x0 0x540005 0x11d 0x0 0x0 0x0 0x0 0x0 0x570007 0x0 0x48 0x11d 0x5f0002 0x11d 0x630003 0x11d 0x4b0 0x670005 0x1101 0x0 0x0 0x0 0x0 0x0 0x6a0007 0x1101 0x48 0x0 0x720002 0x0 0x760003 0x0 0x430 0x7a0005 0x1101 0x0 0x0 0x0 0x0 0x0 0x810007 0x0 0x260 0x1101 0x860007 0x1101 0xb0 0x0 0x8a0005 0x0 0x0 0x0 0x0 0x0 0x0 0x900005 0x0 0x0 0x0 0x0 0x0 0x0 0x930007 0x0 0x20 0x0 0x990005 0x1101 0x0 0x0 0x0 0x0 0x0 0x9f0005 0x1101 0x0 0x0 0x0 0x0 0x0 0xa20007 0x1101 0xc0 0x0 0xa60005 0x0 0x0 0x0 0x0 0x0 0x0 0xa90005 0x0 0x0 0x0 0x0 0x0 0x0 0xaf0002 0x0 0xb20007 0x0 0x20 0x0 0xc00007 0x0 0x38 0x1101 0xc40003 0x1101 0x18 0xc80002 0x1101 0xcc0003 0x1101 0x198 0xd10005 0x0 0x0 0x0 0x0 0x0 0x0 0xd40007 0x0 0x148 0x0 0xd90005 0x0 0x0 0x0 0x0 0x0 0x0 0xe20005 0x0 0x0 0x0 0x0 0x0 0x0 0xe50002 0x0 0xec0005 0x0 0x0 0x0 0x0 0x0 0x0 0xef0002 0x0 0xf90005 0x0 0x0 0x0 0x0 0x0 0x0 0xfe0002 0x0 0x1020003 0x0 0x18 0x10b0007 0x121e 0x110 0x0 0x10f0005 0x0 0x0 0x0 0x0 0x0 0x0 0x1120005 0x0 0x0 0x0 0x0 0x0 0x0 0x1190007 0x0 0x80 0x0 0x1220002 0x0 0x1270005 0x0 0x0 0x0 0x0 0x0 0x0 0x12c0003 0x0 0xffffffffffffff98 0x1310005 0x0 0x0 0x2e1586ffd20 0x121e 0x0 0x0 0x1340002 0x121e 0x1370007 0x11d 0x1a8 0x1101 0x13b0005 0x1101 0x0 0x0 0x0 0x0 0x0 0x13f0005 0x1101 0x0 0x0 0x0 0x0 0x0 0x1440007 0x1060 0xb0 0xa1 0x1480005 0xa1 0x0 0x0 0x0 0x0 0x0 0x14e0005 0xa1 0x0 0x0 0x0 0x0 0x0 0x1510007 0x0 0x88 0xa1 0x1570002 0x1101 0x15a0007 0x1101 0x58 0x0 0x15e0005 0x0 0x0 0x0 0x0 0x0 0x0 0x1670005 0x0 0x0 0x2e1586ffdd0 0x121e 0x0 0x0 0x16c0007 0x121e 0x38 0x0 0x1700003 0x0 0x18 0x0 0x0 0x0 0x0 0x0 0x0 0x0 0x0 0x0 0x0 0x9 0x2 0x0 0x0 oops 3 5 org/aspectj/weaver/ltw/LTWWorld 271 org/aspectj/weaver/bcel/BcelShadow 333 java/util/ArrayList methods 0
ciMethodData org/aspectj/weaver/bcel/BcelClassWeaver matchInit (Lorg/aspectj/weaver/bcel/LazyMethodGen;Ljava/util/List;)Z 1 459 orig 80 29 0 0 0 0 0 0 0 0 0 0 0 0 0 0 0 0 0 0 0 0 0 0 0 0 0 0 0 0 0 0 0 0 0 0 0 0 0 0 0 0 0 0 0 0 0 0 0 0 0 0 0 0 0 0 0 0 0 0 0 0 0 0 0 0 0 0 0 0 0 0 0 0 0 0 0 0 0 0 0 data 259 0x20002 0x1ae 0x90007 0x1ae 0x20 0x0 0x150002 0x1ae 0x1a0005 0x1ae 0x0 0x0 0x0 0x0 0x0 0x1d0007 0x1ae 0xc8 0x0 0x220005 0x0 0x0 0x0 0x0 0x0 0x0 0x250005 0x0 0x0 0x0 0x0 0x0 0x0 0x280005 0x0 0x0 0x0 0x0 0x0 0x0 0x300002 0x1ae 0x330007 0x0 0x1e0 0x1ae 0x3a0007 0x1ae 0x180 0x0 0x3e0005 0x0 0x0 0x0 0x0 0x0 0x0 0x410005 0x0 0x0 0x0 0x0 0x0 0x0 0x480007 0x0 0xf0 0x0 0x4f0007 0x0 0x38 0x0 0x550003 0x0 0x60 0x5e0007 0x0 0x38 0x0 0x620003 0x0 0x18 0x670002 0x0 0x6c0005 0x0 0x0 0x0 0x0 0x0 0x0 0x710003 0x0 0xffffffffffffff28 0x780002 0x1ae 0x7b0007 0x1ae 0x30 0x0 0x810002 0x0 0x880002 0x1ae 0x8b0007 0x42 0x388 0x16c 0x8f0005 0x0 0x0 0x2e1586ffd20 0x16c 0x0 0x0 0x920005 0x16c 0x0 0x0 0x0 0x0 0x0 0x9b0005 0x0 0x0 0x2e1586ffdd0 0x16c 0x0 0x0 0xa40005 0x0 0x0 0x2e154e4ae40 0x210 0x0 0x0 0xa90007 0x16c 0x208 0xa4 0xae0005 0x0 0x0 0x2e154e4ae40 0xa4 0x0 0x0 0xb30004 0x0 0x0 0x2e1573aaf80 0xa4 0x0 0x0 0xbd0002 0xa4 0xc90002 0xa4 0xd50002 0xa4 0xde0002 0xa4 0xe10007 0x0 0x78 0xa4 0xe60005 0x0 0x0 0x2e152012300 0xa4 0x0 0x0 0xe90007 0xa4 0xc8 0x0 0xf00005 0x0 0x0 0x0 0x0 0x0 0x0 0xf50005 0x0 0x0 0x0 0x0 0x0 0x0 0xfd0005 0x0 0x0 0x0 0x0 0x0 0x0 0x1000003 0xa4 0xfffffffffffffdd8 0x1090002 0x16c 0x10f0005 0x0 0x0 0x2e1586ffd20 0x16c 0x0 0x0 0x1170005 0x0 0x0 0x2e1573a9990 0x16c 0x0 0x0 0x1200002 0x1ae 0x1270002 0x1ae 0x1340002 0x1ae 0x13b0002 0x1ae 0x1480007 0x0 0x78 0x1ae 0x14c0005 0x0 0x0 0x2e1586ffdd0 0x1ae 0x0 0x0 0x1510007 0x1ae 0x38 0x0 0x1550003 0x0 0x18 0x0 0x0 0x0 0x0 0x0 0x0 0x0 0x0 0x0 0x0 0x0 0x9 0x3 0x0 0x0 0x0 oops 9 111 org/aspectj/weaver/bcel/BcelShadow 125 java/util/ArrayList 132 java/util/ArrayList$Itr 143 java/util/ArrayList$Itr 150 org/aspectj/weaver/bcel/BcelClassWeaver$IfaceInitList 169 org/aspectj/apache/bcel/generic/InstructionList 206 org/aspectj/weaver/bcel/BcelShadow 213 org/aspectj/weaver/bcel/ShadowRange 232 java/util/ArrayList methods 0
ciMethodData org/aspectj/weaver/bcel/BcelClassWeaver shouldWeaveBody (Lorg/aspectj/weaver/bcel/LazyMethodGen;)Z 2 5388 orig 80 5 1 0 0 0 0 0 0 0 0 0 0 0 0 0 0 0 0 0 0 0 0 0 0 0 0 0 0 0 0 0 0 0 0 0 0 0 0 0 0 0 0 0 0 0 0 0 0 0 0 0 0 0 0 0 0 0 0 0 0 0 0 0 0 0 0 0 0 0 0 0 0 0 0 0 0 0 0 0 0 data 64 0x10005 0x1407 0x0 0x0 0x0 0x0 0x0 0x40007 0x1387 0x20 0x80 0xa0005 0x1387 0x0 0x0 0x0 0x0 0x0 0xd0007 0x12ba 0x90 0xcd 0x110005 0xcd 0x0 0x0 0x0 0x0 0x0 0x170005 0xcd 0x0 0x0 0x0 0x0 0x0 0x1c0005 0x12ba 0x0 0x0 0x0 0x0 0x0 0x210007 0x12ba 0x58 0x0 0x250005 0x0 0x0 0x0 0x0 0x0 0x0 0x0 0x0 0x0 0x0 0x0 0x0 0x9 0x2 0x0 0x0 oops 0 methods 0
ciMethodData org/aspectj/weaver/bcel/BcelShadow makeStaticInitialization (Lorg/aspectj/weaver/bcel/BcelWorld;Lorg/aspectj/weaver/bcel/LazyMethodGen;)Lorg/aspectj/weaver/bcel/BcelShadow; 1 314 orig 80 29 0 0 0 0 0 0 0 0 0 0 0 0 0 0 0 0 0 0 0 0 0 0 0 0 0 0 0 0 0 0 0 0 0 0 0 0 0 0 0 0 0 0 0 0 0 0 0 0 0 0 0 0 0 0 0 0 0 0 0 0 0 0 0 0 0 0 0 0 0 0 0 0 0 0 0 0 0 0 0 data 131 0x10005 0x11d 0x0 0x0 0x0 0x0 0x0 0x60005 0x0 0x0 0x2e152012300 0x11d 0x0 0x0 0xb0005 0x11d 0x0 0x0 0x0 0x0 0x0 0xe0004 0xfffffffffffffef0 0x0 0x2e1553c4a10 0xd8 0x2e1518315e0 0x22 0x110007 0x110 0x1c8 0xd 0x150005 0xd 0x0 0x0 0x0 0x0 0x0 0x180004 0x0 0x0 0x2e1553c4ae0 0xd 0x0 0x0 0x200005 0xd 0x0 0x0 0x0 0x0 0x0 0x230005 0xd 0x0 0x0 0x0 0x0 0x0 0x260005 0x0 0x0 0x2e1553c4ae0 0xd 0x0 0x0 0x2c0005 0xd 0x0 0x0 0x0 0x0 0x0 0x2f0007 0xd 0x58 0x0 0x330005 0x0 0x0 0x0 0x0 0x0 0x0 0x380005 0x0 0x0 0x2e152012300 0x11d 0x0 0x0 0x4a0005 0x0 0x0 0x2e1586ffc70 0x11d 0x0 0x0 0x4f0002 0x11d 0x590002 0x11d 0x620005 0x11d 0x0 0x0 0x0 0x0 0x0 0x690002 0x11d 0x6f0002 0x11d 0x720005 0x11d 0x0 0x0 0x0 0x0 0x0 0x0 0x0 0x0 0x0 0x0 0x0 0x9 0x2 0x0 0x0 oops 7 10 org/aspectj/apache/bcel/generic/InstructionList 24 org/aspectj/apache/bcel/generic/Instruction 26 org/aspectj/apache/bcel/generic/InstructionCP 42 org/aspectj/apache/bcel/generic/InvokeInstruction 63 org/aspectj/apache/bcel/generic/InvokeInstruction 88 org/aspectj/apache/bcel/generic/InstructionList 95 org/aspectj/weaver/ltw/LTWWorld methods 0
ciMethodData org/aspectj/weaver/bcel/LazyMethodGen getReturnType ()Lorg/aspectj/apache/bcel/generic/Type; 1 239 orig 80 21 0 0 0 0 0 0 0 0 0 0 0 0 0 0 0 0 0 0 0 0 0 0 0 0 0 0 0 0 0 0 0 0 0 0 0 0 0 0 0 0 0 0 0 0 0 0 0 0 0 0 0 0 0 0 0 0 0 0 0 0 0 0 0 0 0 0 0 0 0 0 0 0 0 0 0 0 0 0 0 data 9 0x10002 0xda 0x0 0x0 0x0 0x0 0x9 0x1 0x0 oops 0 methods 0
ciMethodData org/aspectj/weaver/bcel/LazyMethodGen initialize ()V 2 2247 orig 80 187 0 0 0 0 0 0 0 0 0 0 0 0 0 0 0 0 0 0 0 0 0 0 0 0 0 0 0 0 0 0 0 0 0 0 0 0 0 0 0 0 0 0 0 0 0 0 0 0 0 0 0 0 0 0 0 0 0 0 0 0 0 0 0 0 0 0 0 0 0 0 0 0 0 0 0 0 0 0 0 data 122 0x40007 0x1bb 0x20 0x651 0x140005 0x1bb 0x0 0x0 0x0 0x0 0x0 0x1b0005 0x1bb 0x0 0x0 0x0 0x0 0x0 0x1f0002 0x1bb 0x250005 0x0 0x0 0x2e153c8da40 0x1bb 0x0 0x0 0x2d0005 0x0 0x0 0x2e153c8da40 0x1bb 0x0 0x0 0x350005 0x0 0x0 0x2e153c8da40 0x1bb 0x0 0x0 0x3d0005 0x0 0x0 0x2e153c8da40 0x1bb 0x0 0x0 0x450005 0x0 0x0 0x2e153c8da40 0x1bb 0x0 0x0 0x4c0005 0x1bb 0x0 0x0 0x0 0x0 0x0 0x4f0007 0x0 0x78 0x1bb 0x530005 0x1bb 0x0 0x0 0x0 0x0 0x0 0x560007 0x1bb 0x38 0x0 0x5e0003 0x0 0xd0 0x630005 0x0 0x0 0x2e153c8da40 0x1bb 0x0 0x0 0x6b0002 0x1bb 0x6f0005 0x1bb 0x0 0x0 0x0 0x0 0x0 0x740005 0x0 0x0 0x2e153c8da40 0x1bb 0x0 0x0 0x7b0005 0x1bb 0x0 0x0 0x0 0x0 0x0 0x0 0x0 0x0 0x0 0x0 0x0 0x0 0x0 0x0 0x9 0x1 0x0 oops 7 23 org/aspectj/apache/bcel/generic/MethodGen 30 org/aspectj/apache/bcel/generic/MethodGen 37 org/aspectj/apache/bcel/generic/MethodGen 44 org/aspectj/apache/bcel/generic/MethodGen 51 org/aspectj/apache/bcel/generic/MethodGen 83 org/aspectj/apache/bcel/generic/MethodGen 99 org/aspectj/apache/bcel/generic/MethodGen methods 0
ciMethodData org/aspectj/weaver/bcel/BcelShadow makeMethodExecution (Lorg/aspectj/weaver/bcel/BcelWorld;Lorg/aspectj/weaver/bcel/LazyMethodGen;Z)Lorg/aspectj/weaver/bcel/BcelShadow; 2 4886 orig 80 205 0 0 0 0 0 0 0 0 0 0 0 0 0 0 0 0 0 0 0 0 0 0 0 0 0 0 0 0 0 0 0 0 0 0 0 0 0 0 0 0 0 0 0 0 0 0 0 0 0 0 0 0 0 0 0 0 0 0 0 0 0 0 0 0 0 0 0 0 0 0 0 0 0 0 0 0 0 0 0 data 26 0x10007 0x1249 0x30 0x0 0x60002 0x0 0x130005 0x1249 0x0 0x0 0x0 0x0 0x0 0x180002 0x1249 0x0 0x0 0x0 0x0 0x0 0x0 0x9 0x3 0x0 0x0 0x0 oops 0 methods 0
ciMethodData org/aspectj/weaver/bcel/LazyMethodGen getBody ()Lorg/aspectj/apache/bcel/generic/InstructionList; 2 1795 orig 80 145 0 0 0 0 0 0 0 0 0 0 0 0 0 0 0 0 0 0 0 0 0 0 0 0 0 0 0 0 0 0 0 0 0 0 0 0 0 0 0 0 0 0 0 0 0 0 0 0 0 0 0 0 0 0 0 0 0 0 0 0 0 0 0 0 0 0 0 0 0 0 0 0 0 0 0 0 0 0 0 data 16 0x10005 0x672 0x0 0x0 0x0 0x0 0x0 0x0 0x0 0x0 0x0 0x0 0x0 0x9 0x1 0x0 oops 0 methods 0
ciMethodData org/aspectj/weaver/bcel/LazyMethodGen markAsChanged ()V 2 1795 orig 80 145 0 0 0 0 0 0 0 0 0 0 0 0 0 0 0 0 0 0 0 0 0 0 0 0 0 0 0 0 0 0 0 0 0 0 0 0 0 0 0 0 0 0 0 0 0 0 0 0 0 0 0 0 0 0 0 0 0 0 0 0 0 0 0 0 0 0 0 0 0 0 0 0 0 0 0 0 0 0 0 data 68 0x40007 0x672 0x1c8 0x0 0xf0002 0x0 0x150005 0x0 0x0 0x0 0x0 0x0 0x0 0x190005 0x0 0x0 0x0 0x0 0x0 0x0 0x1c0005 0x0 0x0 0x0 0x0 0x0 0x0 0x220005 0x0 0x0 0x0 0x0 0x0 0x0 0x260005 0x0 0x0 0x0 0x0 0x0 0x0 0x290005 0x0 0x0 0x0 0x0 0x0 0x0 0x2c0005 0x0 0x0 0x0 0x0 0x0 0x0 0x2f0002 0x0 0x340002 0x672 0x0 0x0 0x0 0x0 0x0 0x0 0x9 0x1 0x0 oops 0 methods 0
ciMethodData org/aspectj/weaver/bcel/BcelClassWeaver canMatch (Lorg/aspectj/weaver/Shadow$Kind;)Z 2 5696 orig 80 9 1 0 0 0 0 0 0 0 0 0 0 0 0 0 0 0 0 0 0 0 0 0 0 0 0 0 0 0 0 0 0 0 0 0 0 0 0 0 0 0 0 0 0 0 0 0 0 0 0 0 0 0 0 0 0 0 0 0 0 0 0 0 0 0 0 0 0 0 0 0 0 0 0 0 0 0 0 0 0 data 24 0x50005 0x0 0x0 0x2e15200f340 0x1537 0x0 0x0 0x90007 0x2e1 0x38 0x1256 0xd0003 0x1256 0x18 0x0 0x0 0x0 0x0 0x0 0x0 0x9 0x2 0x0 0x0 oops 1 3 org/aspectj/weaver/Shadow$Kind methods 0
ciMethodData org/aspectj/weaver/bcel/LazyMethodGen isBridgeMethod ()Z 2 5388 orig 80 13 1 0 0 0 0 0 0 0 0 0 0 0 0 0 0 0 0 0 0 0 0 0 0 0 0 0 0 0 0 0 0 0 0 0 0 0 0 0 0 0 0 0 0 0 0 0 0 0 0 0 0 0 0 0 0 0 0 0 0 0 0 0 0 0 0 0 0 0 0 0 0 0 0 0 0 0 0 0 0 data 23 0x10005 0x13ff 0x0 0x0 0x0 0x0 0x0 0x70007 0x137f 0x38 0x80 0xb0003 0x80 0x18 0x0 0x0 0x0 0x0 0x0 0x0 0x9 0x1 0x0 oops 0 methods 0
ciMethodData org/aspectj/weaver/bcel/LazyMethodGen isAjSynthetic ()Z 2 5260 orig 80 13 1 0 0 0 0 0 0 0 0 0 0 0 0 0 0 0 0 0 0 0 0 0 0 0 0 0 0 0 0 0 0 0 0 0 0 0 0 0 0 0 0 0 0 0 0 0 0 0 0 0 0 0 0 0 0 0 0 0 0 0 0 0 0 0 0 0 0 0 0 0 0 0 0 0 0 0 0 0 0 data 20 0x40007 0x12b2 0x20 0xcd 0xd0005 0x0 0x0 0x2e158705fa0 0x12b2 0x0 0x0 0x0 0x0 0x0 0x0 0x0 0x0 0x9 0x1 0x0 oops 1 7 org/aspectj/weaver/bcel/BcelMethod methods 0
ciMethodData org/aspectj/weaver/bcel/BcelMethod isAjSynthetic ()Z 2 5034 orig 80 248 0 0 0 0 0 0 0 0 0 0 0 0 0 0 0 0 0 0 0 0 0 0 0 0 0 0 0 0 0 0 0 0 0 0 0 0 0 0 0 0 0 0 0 0 0 0 0 0 0 0 0 0 0 0 0 0 0 0 0 0 0 0 0 0 0 0 0 0 0 0 0 0 0 0 0 0 0 0 0 data 13 0x70007 0x12b2 0x38 0x0 0xb0003 0x0 0x18 0x0 0x0 0x0 0x9 0x1 0x0 oops 0 methods 0
ciMethodData org/aspectj/weaver/ResolvedMemberImpl <init> (Lorg/aspectj/weaver/MemberKind;Lorg/aspectj/weaver/UnresolvedType;ILorg/aspectj/weaver/UnresolvedType;Ljava/lang/String;[Lorg/aspectj/weaver/UnresolvedType;)V 1 244 orig 80 30 0 0 0 0 0 0 0 0 0 0 0 0 0 0 0 0 0 0 0 0 0 0 0 0 0 0 0 0 0 0 0 0 0 0 0 0 0 0 0 0 0 0 0 0 0 0 0 0 0 0 0 0 0 0 0 0 0 0 0 0 0 0 0 0 0 0 0 0 0 0 0 0 0 0 0 0 0 0 0 data 19 0xa0002 0xd6 0x0 0x0 0x0 0x0 0x0 0x0 0x0 0x0 0x9 0x7 0x7ffe 0x0 0x0 0x0 0x0 0x0 0x0 oops 0 methods 0
ciMethodData java/util/ArrayList clear ()V 2 1597 orig 80 2 1 0 0 0 0 0 0 0 0 0 0 0 0 0 0 0 0 0 0 0 0 0 0 0 0 0 0 0 0 0 0 0 0 0 0 0 0 0 0 0 0 0 0 0 0 0 0 0 0 0 0 0 0 0 0 0 0 0 0 0 0 0 0 0 0 0 0 0 0 0 0 0 0 0 0 0 0 0 0 data 23 0x1d0007 0x53b 0x70 0xa4 0x230104 0x0 0x0 0x0 0x0 0x0 0x0 0x270003 0xa4 0xffffffffffffffa8 0x0 0x0 0x0 0x0 0x0 0x0 0x9 0x1 0x6 oops 0 methods 0
ciMethodData org/aspectj/weaver/bcel/LazyClassGen getName ()Ljava/lang/String; 1 1100 orig 80 151 0 0 0 0 0 0 0 0 0 0 0 0 0 0 0 0 0 0 0 0 0 0 0 0 0 0 0 0 0 0 0 0 0 0 0 0 0 0 0 0 0 0 0 0 0 0 0 0 0 0 0 0 0 0 0 0 0 0 0 0 0 0 0 0 0 0 0 0 0 0 0 0 0 0 0 0 0 0 0 data 16 0x40005 0x0 0x0 0x2e15255c9b0 0x3b5 0x0 0x0 0x0 0x0 0x0 0x0 0x0 0x0 0x9 0x1 0x0 oops 1 3 org/aspectj/apache/bcel/generic/ClassGen methods 0
ciMethodData org/aspectj/apache/bcel/generic/MethodGen <init> (Lorg/aspectj/apache/bcel/classfile/Method;Ljava/lang/String;Lorg/aspectj/apache/bcel/classfile/ConstantPool;Z)V 2 33755 orig 80 45 11 0 0 0 0 0 0 0 0 0 0 0 0 0 0 0 0 0 0 0 0 0 0 0 0 0 0 0 0 0 0 0 0 0 0 0 0 0 0 0 0 0 0 0 0 0 0 0 0 0 0 0 0 0 0 0 0 0 0 0 0 0 0 0 0 0 0 0 0 0 0 0 0 0 0 0 0 0 0 data 801 0x20005 0x1e9 0x0 0x0 0x0 0x0 0x0 0x60005 0x1e9 0x0 0x0 0x0 0x0 0x0 0xa0005 0x1e9 0x0 0x0 0x0 0x0 0x0 0xf0005 0x1e9 0x0 0x0 0x0 0x0 0x0 0x140005 0x1e9 0x0 0x0 0x0 0x0 0x0 0x1b0007 0x0 0xb8 0x1e9 0x230005 0x1e9 0x0 0x0 0x0 0x0 0x0 0x260005 0x1e9 0x0 0x0 0x0 0x0 0x0 0x290002 0x1e9 0x2c0003 0x1e9 0x18 0x310002 0x1e9 0x350005 0x1e9 0x0 0x0 0x0 0x0 0x0 0x4a0007 0x1e9 0x1620 0x266 0x5a0004 0xffffffffffffff83 0x0 0x2e153fd40a0 0x1e9 0x2e156a48ef0 0x5 0x5d0007 0x7d 0x1310 0x1e9 0x620004 0x0 0x0 0x2e153fd40a0 0x1e9 0x0 0x0 0x6a0005 0x1e9 0x0 0x0 0x0 0x0 0x0 0x6d0005 0x0 0x0 0x2e153c8da40 0x1e9 0x0 0x0 0x730005 0x1e9 0x0 0x0 0x0 0x0 0x0 0x760005 0x0 0x0 0x2e153c8da40 0x1e9 0x0 0x0 0x7b0005 0x1e9 0x0 0x0 0x0 0x0 0x0 0x840005 0x0 0x0 0x2e152012300 0x1e9 0x0 0x0 0x8b0007 0x0 0x3d0 0x1e9 0x9e0007 0x1e9 0x3b0 0xd 0xaa0005 0xd 0x0 0x0 0x0 0x0 0x0 0xb40007 0x2 0xa0 0xb 0xb80005 0xb 0x0 0x0 0x0 0x0 0x0 0xbd0005 0x0 0x0 0x2e151830b00 0xb 0x0 0x0 0xc80002 0xb 0xcf0005 0xd 0x0 0x0 0x0 0x0 0x0 0xd50005 0xd 0x0 0x0 0x0 0x0 0x0 0xd80005 0xd 0x0 0x0 0x0 0x0 0x0 0xe20007 0xd 0x70 0x0 0xe90005 0x0 0x0 0x0 0x0 0x0 0x0 0xee0003 0x0 0x88 0xf90005 0x0 0x0 0x2e152012300 0xd 0x0 0x0 0x1000005 0xd 0x0 0x0 0x0 0x0 0x0 0x10c0005 0xd 0x0 0x0 0x0 0x0 0x0 0x1110005 0x0 0x0 0x2e152012300 0xd 0x0 0x0 0x11c0005 0xd 0x0 0x0 0x0 0x0 0x0 0x1210005 0x0 0x0 0x2e152012300 0xd 0x0 0x0 0x1260005 0x0 0x0 0x2e153c8da40 0xd 0x0 0x0 0x12d0003 0xd 0xfffffffffffffc68 0x1320005 0x1e9 0x0 0x0 0x0 0x0 0x0 0x1470007 0x1e9 0xd48 0x3ff 0x1570004 0xfffffffffffffde2 0x0 0x2e153fd8e00 0x27 0x2e153fd87c0 0x1e1 0x15a0007 0x21e 0x340 0x1e1 0x15f0004 0x0 0x0 0x2e153fd87c0 0x1e1 0x0 0x0 0x1620005 0x1e1 0x0 0x0 0x0 0x0 0x0 0x1690007 0x0 0x180 0x1e1 0x17c0007 0x1e1 0x148 0x93f 0x1880005 0x93f 0x0 0x0 0x0 0x0 0x0 0x1930007 0xad 0x20 0x892 0x1a20002 0x93f 0x1ad0005 0x93f 0x0 0x0 0x0 0x0 0x0 0x1b30005 0x0 0x0 0x2e152012300 0x93f 0x0 0x0 0x1b80005 0x0 0x0 0x2e152012550 0x93a 0x2e158616c70 0x5 0x1be0003 0x93f 0xfffffffffffffed0 0x1c10003 0x1e1 0x130 0x1d40007 0x0 0x118 0x0 0x1e50005 0x0 0x0 0x0 0x0 0x0 0x0 0x1eb0005 0x0 0x0 0x0 0x0 0x0 0x0 0x1f00005 0x0 0x0 0x0 0x0 0x0 0x0 0x1f30005 0x0 0x0 0x0 0x0 0x0 0x0 0x1fa0003 0x0 0xffffffffffffff00 0x1fd0003 0x1e1 0x9b0 0x2020004 0xffffffffffffff7b 0x0 0x2e153fd8e00 0x199 0x2e156a48fa0 0x4 0x2050007 0x85 0x928 0x199 0x20a0007 0x0 0x500 0x199 0x20f0004 0x0 0x0 0x2e153fd8e00 0x199 0x0 0x0 0x2120005 0x199 0x0 0x0 0x0 0x0 0x0 0x2270007 0x199 0x458 0x4eb 0x2330005 0x4eb 0x0 0x0 0x0 0x0 0x0 0x2360002 0x4eb 0x2430005 0x4eb 0x0 0x0 0x0 0x0 0x0 0x2480005 0x4eb 0x0 0x0 0x0 0x0 0x0 0x24d0005 0x4eb 0x0 0x0 0x0 0x0 0x0 0x2520005 0x4eb 0x0 0x0 0x0 0x0 0x0 0x2550002 0x4eb 0x2600005 0x4eb 0x0 0x0 0x0 0x0 0x0 0x2660005 0x0 0x0 0x2e152012300 0x4eb 0x0 0x0 0x26d0005 0x27 0x0 0x2e157db2830 0x42d 0x2e1554f6980 0x97 0x2760007 0x0 0xe8 0x4eb 0x27b0005 0x27 0x0 0x2e157db2830 0x42d 0x2e1554f6980 0x97 0x2820005 0x4eb 0x0 0x0 0x0 0x0 0x0 0x28c0007 0x4eb 0x58 0x0 0x2920005 0x0 0x0 0x0 0x0 0x0 0x0 0x29d0005 0x4eb 0x0 0x0 0x0 0x0 0x0 0x2a20005 0x4eb 0x0 0x0 0x0 0x0 0x0 0x2ac0005 0x0 0x0 0x2e152012550 0x6663 0x2e158616c70 0x289 0x2b10005 0x68ec 0x0 0x0 0x0 0x0 0x0 0x2b80007 0x4c3 0x78 0x6429 0x2bd0005 0x0 0x0 0x2e152012550 0x619e 0x2e158616c70 0x28b 0x2c20007 0x6401 0xffffffffffffff38 0x28 0x2c80003 0x4eb 0xfffffffffffffbc0 0x2cb0003 0x199 0x458 0x2d00004 0x0 0x0 0x0 0x0 0x0 0x0 0x2d30005 0x0 0x0 0x0 0x0 0x0 0x0 0x2d90005 0x0 0x0 0x0 0x0 0x0 0x0 0x2ec0007 0x0 0x348 0x0 0x2fc0005 0x0 0x0 0x0 0x0 0x0 0x0 0x3010005 0x0 0x0 0x0 0x0 0x0 0x0 0x30c0005 0x0 0x0 0x0 0x0 0x0 0x0 0x3110005 0x0 0x0 0x0 0x0 0x0 0x0 0x3170005 0x0 0x0 0x0 0x0 0x0 0x0 0x31e0007 0x0 0x58 0x0 0x3230005 0x0 0x0 0x0 0x0 0x0 0x0 0x32b0007 0x0 0x58 0x0 0x3320005 0x0 0x0 0x0 0x0 0x0 0x0 0x33a0007 0x0 0x58 0x0 0x3410005 0x0 0x0 0x0 0x0 0x0 0x0 0x3490005 0x0 0x0 0x0 0x0 0x0 0x0 0x34e0005 0x0 0x0 0x0 0x0 0x0 0x0 0x3510002 0x0 0x3560005 0x0 0x0 0x0 0x0 0x0 0x0 0x35d0005 0x0 0x0 0x0 0x0 0x0 0x0 0x3640003 0x0 0xfffffffffffffcd0 0x3670003 0x0 0x50 0x36d0005 0x0 0x0 0x2e153c8da40 0x85 0x0 0x0 0x3730003 0x3ff 0xfffffffffffff2d0 0x3760003 0x1e9 0x2b8 0x37b0004 0xffffffffffffff8c 0x0 0x2e156a48ef0 0x5 0x2e156a49050 0x6 0x37e0007 0x74 0x118 0x9 0x3830004 0x0 0x0 0x2e153fd46e0 0x9 0x0 0x0 0x3860005 0x9 0x0 0x0 0x0 0x0 0x0 0x39b0007 0x9 0x70 0x1 0x3a80005 0x0 0x0 0x2e153c8da40 0x1 0x0 0x0 0x3ae0003 0x1 0xffffffffffffffa8 0x3b10003 0x9 0x168 0x3b60004 0xffffffffffffff9e 0x0 0x2e156a48ef0 0x5 0x2e156a49050 0x6 0x3b90007 0x62 0xe0 0x12 0x3be0004 0x0 0x0 0x2e156a49100 0x12 0x0 0x0 0x3c50005 0x0 0x0 0x2e156a49100 0x12 0x0 0x0 0x3d00005 0x0 0x0 0x2e1586ffdd0 0x12 0x0 0x0 0x3d60003 0x12 0x50 0x3dc0005 0x0 0x0 0x2e153c8da40 0x62 0x0 0x0 0x3e20003 0x266 0xffffffffffffe9f8 0x0 0x0 0x0 0x0 0x0 0x0 0x0 0x0 0x0 0x0 0x0 0x0 0x0 0x0 0x0 0x0 0x0 0x0 0x0 0x9 0x5 0x0 0x0 0x0 0x0 0x0 oops 40 74 org/aspectj/apache/bcel/classfile/Code 76 org/aspectj/apache/bcel/classfile/Signature 85 org/aspectj/apache/bcel/classfile/Code 99 org/aspectj/apache/bcel/generic/MethodGen 113 org/aspectj/apache/bcel/generic/MethodGen 127 org/aspectj/apache/bcel/generic/InstructionList 160 org/aspectj/apache/bcel/classfile/ConstantPool 204 org/aspectj/apache/bcel/generic/InstructionList 225 org/aspectj/apache/bcel/generic/InstructionList 239 org/aspectj/apache/bcel/generic/InstructionList 246 org/aspectj/apache/bcel/generic/MethodGen 267 org/aspectj/apache/bcel/classfile/LocalVariableTable 269 org/aspectj/apache/bcel/classfile/LineNumberTable 278 org/aspectj/apache/bcel/classfile/LineNumberTable 320 org/aspectj/apache/bcel/generic/InstructionList 327 org/aspectj/apache/bcel/generic/InstructionHandle 329 org/aspectj/apache/bcel/generic/BranchHandle 378 org/aspectj/apache/bcel/classfile/LocalVariableTable 380 org/aspectj/apache/bcel/classfile/LocalVariableTypeTable 393 org/aspectj/apache/bcel/classfile/LocalVariableTable 457 org/aspectj/apache/bcel/generic/InstructionList 464 org/aspectj/apache/bcel/generic/ObjectType 466 org/aspectj/apache/bcel/generic/BasicType 475 org/aspectj/apache/bcel/generic/ObjectType 477 org/aspectj/apache/bcel/generic/BasicType 514 org/aspectj/apache/bcel/generic/InstructionHandle 516 org/aspectj/apache/bcel/generic/BranchHandle 532 org/aspectj/apache/bcel/generic/InstructionHandle 534 org/aspectj/apache/bcel/generic/BranchHandle 678 org/aspectj/apache/bcel/generic/MethodGen 691 org/aspectj/apache/bcel/classfile/Signature 693 org/aspectj/apache/bcel/classfile/annotation/RuntimeVisParamAnnos 702 org/aspectj/apache/bcel/classfile/ExceptionTable 720 org/aspectj/apache/bcel/generic/MethodGen 733 org/aspectj/apache/bcel/classfile/Signature 735 org/aspectj/apache/bcel/classfile/annotation/RuntimeVisParamAnnos 744 org/aspectj/apache/bcel/classfile/annotation/RuntimeVisAnnos 751 org/aspectj/apache/bcel/classfile/annotation/RuntimeVisAnnos 758 java/util/ArrayList 768 org/aspectj/apache/bcel/generic/MethodGen methods 0
ciMethodData org/aspectj/apache/bcel/generic/MethodGen getReturnType ()Lorg/aspectj/apache/bcel/generic/Type; 1 481 orig 80 65 0 0 0 0 0 0 0 0 0 0 0 0 0 0 0 0 0 0 0 0 0 0 0 0 0 0 0 0 0 0 0 0 0 0 0 0 0 0 0 0 0 0 0 0 0 0 0 0 0 0 0 0 0 0 0 0 0 0 0 0 0 0 0 0 0 0 0 0 0 0 0 0 0 0 0 0 0 0 0 data 16 0x10005 0x0 0x0 0x2e153c8da40 0x1a0 0x0 0x0 0x0 0x0 0x0 0x0 0x0 0x0 0x9 0x1 0x0 oops 1 3 org/aspectj/apache/bcel/generic/MethodGen methods 0
ciMethodData org/aspectj/apache/bcel/generic/MethodGen getExceptions ()[Ljava/lang/String; 1 481 orig 80 66 0 0 0 0 0 0 0 0 0 0 0 0 0 0 0 0 0 0 0 0 0 0 0 0 0 0 0 0 0 0 0 0 0 0 0 0 0 0 0 0 0 0 0 0 0 0 0 0 0 0 0 0 0 0 0 0 0 0 0 0 0 0 0 0 0 0 0 0 0 0 0 0 0 0 0 0 0 0 0 data 23 0x40005 0x0 0x0 0x2e1586ffdd0 0x19f 0x0 0x0 0x100005 0x0 0x0 0x2e1586ffdd0 0x19f 0x0 0x0 0x0 0x0 0x0 0x0 0x0 0x0 0x9 0x1 0x0 oops 2 3 java/util/ArrayList 10 java/util/ArrayList methods 0
ciMethodData org/aspectj/apache/bcel/classfile/Modifiers isAbstract ()Z 1 489 orig 80 74 0 0 0 0 0 0 0 0 0 0 0 0 0 0 0 0 0 0 0 0 0 0 0 0 0 0 0 0 0 0 0 0 0 0 0 0 0 0 0 0 0 0 0 0 0 0 0 0 0 0 0 0 0 0 0 0 0 0 0 0 0 0 0 0 0 0 0 0 0 0 0 0 0 0 0 0 0 0 0 data 13 0x80007 0x19f 0x38 0x0 0xc0003 0x0 0x18 0x0 0x0 0x0 0x9 0x1 0x0 oops 0 methods 0
ciMethodData org/aspectj/apache/bcel/classfile/Modifiers isNative ()Z 1 481 orig 80 66 0 0 0 0 0 0 0 0 0 0 0 0 0 0 0 0 0 0 0 0 0 0 0 0 0 0 0 0 0 0 0 0 0 0 0 0 0 0 0 0 0 0 0 0 0 0 0 0 0 0 0 0 0 0 0 0 0 0 0 0 0 0 0 0 0 0 0 0 0 0 0 0 0 0 0 0 0 0 0 data 13 0x80007 0x19f 0x38 0x0 0xc0003 0x0 0x18 0x0 0x0 0x0 0x9 0x1 0x0 oops 0 methods 0
ciMethodData org/aspectj/weaver/bcel/LazyMethodGen unpackHandlers (Lorg/aspectj/apache/bcel/generic/MethodGen;)V 1 481 orig 80 66 0 0 0 0 0 0 0 0 0 0 0 0 0 0 0 0 0 0 0 0 0 0 0 0 0 0 0 0 0 0 0 0 0 0 0 0 0 0 0 0 0 0 0 0 0 0 0 0 0 0 0 0 0 0 0 0 0 0 0 0 0 0 0 0 0 0 0 0 0 0 0 0 0 0 0 0 0 0 0 data 117 0x10005 0x0 0x0 0x2e153c8da40 0x19f 0x0 0x0 0x60007 0x0 0x320 0x19f 0x170007 0x19f 0x2c8 0xd 0x270005 0xd 0x0 0x0 0x0 0x0 0x0 0x2a0002 0xd 0x2d0002 0xd 0x390005 0xd 0x0 0x0 0x0 0x0 0x0 0x3c0002 0xd 0x3f0002 0xd 0x4e0005 0xd 0x0 0x0 0x0 0x0 0x0 0x510007 0xb 0x38 0x2 0x550003 0x2 0x60 0x5a0005 0xb 0x0 0x0 0x0 0x0 0x0 0x5d0002 0xb 0x620002 0xd 0x6f0005 0xd 0x0 0x0 0x0 0x0 0x0 0x720005 0xd 0x0 0x0 0x0 0x0 0x0 0x780005 0xd 0x0 0x0 0x0 0x0 0x0 0x7e0005 0xd 0x0 0x0 0x0 0x0 0x0 0x840005 0xd 0x0 0x0 0x0 0x0 0x0 0x8d0003 0xd 0xfffffffffffffd50 0x910005 0x0 0x0 0x2e153c8da40 0x19f 0x0 0x0 0x0 0x0 0x0 0x0 0x0 0x0 0x9 0x2 0x0 0x0 oops 2 3 org/aspectj/apache/bcel/generic/MethodGen 103 org/aspectj/apache/bcel/generic/MethodGen methods 0
ciMethodData org/aspectj/weaver/bcel/LazyMethodGen ensureAllLineNumberSetup ()V 2 34415 orig 80 100 16 0 0 0 0 0 0 0 0 0 0 0 0 0 0 0 0 0 0 0 0 0 0 0 0 0 0 0 0 0 0 0 0 0 0 0 0 0 0 0 0 0 0 0 0 0 0 0 0 0 0 0 0 0 0 0 0 0 0 0 0 0 0 0 0 0 0 0 0 0 0 0 0 0 0 0 0 0 0 data 105 0x80005 0x0 0x0 0x2e152012300 0x1a6 0x0 0x0 0xd0007 0x1a6 0x2c8 0x1ca5 0x130005 0x0 0x0 0x2e152012550 0x1c1b 0x2e158616c70 0x8a 0x160005 0x0 0x0 0x2e1572691e0 0x1704 0x2e1586178e0 0x5a1 0x1f0005 0x0 0x0 0x2e158850100 0x706a 0x2e1588501b0 0x5a1 0x240007 0x1ca5 0x138 0x5966 0x290005 0x0 0x0 0x2e158850100 0x5966 0x0 0x0 0x2e0004 0x0 0x0 0x2e157db05e0 0x76b 0x2e1535d4700 0x514a 0x350004 0xffffffffffffae05 0x0 0x2e157db05e0 0x76b 0x2e1535d4700 0x7d2 0x380007 0x51fb 0x58 0x76b 0x3d0004 0x0 0x0 0x2e157db05e0 0x76b 0x0 0x0 0x430003 0x5966 0xfffffffffffffea8 0x470007 0xf5 0x78 0x1bb0 0x4b0007 0x76b 0x58 0x1445 0x500005 0x0 0x0 0x2e152012550 0x13c0 0x2e158616c70 0x85 0x540005 0x1ca5 0x0 0x0 0x0 0x0 0x0 0x580003 0x1ca5 0xfffffffffffffd50 0x0 0x0 0x0 0x0 0x0 0x0 0x9 0x1 0x0 oops 15 3 org/aspectj/apache/bcel/generic/InstructionList 14 org/aspectj/apache/bcel/generic/InstructionHandle 16 org/aspectj/apache/bcel/generic/BranchHandle 21 java/util/HashSet 23 java/util/Collections$EmptySet 28 java/util/HashMap$KeyIterator 30 java/util/Collections$EmptyIterator 39 java/util/HashMap$KeyIterator 46 org/aspectj/apache/bcel/generic/LineNumberTag 48 org/aspectj/apache/bcel/generic/LocalVariableTag 53 org/aspectj/apache/bcel/generic/LineNumberTag 55 org/aspectj/apache/bcel/generic/LocalVariableTag 64 org/aspectj/apache/bcel/generic/LineNumberTag 82 org/aspectj/apache/bcel/generic/InstructionHandle 84 org/aspectj/apache/bcel/generic/BranchHandle methods 0
ciMethodData org/aspectj/weaver/bcel/LazyMethodGen assertGoodBody ()V 1 723 orig 80 101 0 0 0 0 0 0 0 0 0 0 0 0 0 0 0 0 0 0 0 0 0 0 0 0 0 0 0 0 0 0 0 0 0 0 0 0 0 0 0 0 0 0 0 0 0 0 0 0 0 0 0 0 0 0 0 0 0 0 0 0 0 0 0 0 0 0 0 0 0 0 0 0 0 0 0 0 0 0 0 data 4 0x0 0x9 0x1 0x0 oops 0 methods 0
ciMethodData org/aspectj/weaver/bcel/LazyMethodGen getClassName ()Ljava/lang/String; 1 239 orig 80 38 0 0 0 0 0 0 0 0 0 0 0 0 0 0 0 0 0 0 0 0 0 0 0 0 0 0 0 0 0 0 0 0 0 0 0 0 0 0 0 0 0 0 0 0 0 0 0 0 0 0 0 0 0 0 0 0 0 0 0 0 0 0 0 0 0 0 0 0 0 0 0 0 0 0 0 0 0 0 0 data 16 0x40005 0xc9 0x0 0x0 0x0 0x0 0x0 0x0 0x0 0x0 0x0 0x0 0x0 0x9 0x1 0x0 oops 0 methods 0
ciMethodData org/aspectj/weaver/bcel/BcelWorld makeJoinPointSignatureFromMethod (Lorg/aspectj/weaver/bcel/LazyMethodGen;Lorg/aspectj/weaver/MemberKind;)Lorg/aspectj/weaver/Member; 2 1703 orig 80 0 1 0 0 0 0 0 0 0 0 0 0 0 0 0 0 0 0 0 0 0 0 0 0 0 0 0 0 0 0 0 0 0 0 0 0 0 0 0 0 0 0 0 0 0 0 0 0 0 0 0 0 0 0 0 0 0 0 0 0 0 0 0 0 0 0 0 0 0 0 0 0 0 0 0 0 0 0 0 0 data 83 0x10005 0x5a7 0x0 0x0 0x0 0x0 0x0 0x60007 0x4e2 0x208 0xc5 0xa0005 0xc5 0x0 0x0 0x0 0x0 0x0 0x100005 0xc5 0x0 0x0 0x0 0x0 0x0 0x130005 0xc5 0x0 0x0 0x0 0x0 0x0 0x160007 0x83 0x20 0x42 0x270005 0xc5 0x0 0x0 0x0 0x0 0x0 0x2a0002 0xc5 0x300005 0xc5 0x0 0x0 0x0 0x0 0x0 0x330002 0xc5 0x370005 0xc5 0x0 0x0 0x0 0x0 0x0 0x3b0005 0xc5 0x0 0x0 0x0 0x0 0x0 0x3e0002 0xc5 0x410002 0xc5 0x0 0x0 0x0 0x0 0x0 0x0 0x9 0x3 0x0 0x0 0x0 oops 0 methods 0
ciMethodData org/aspectj/weaver/bcel/BcelWorld fromBcel (Lorg/aspectj/apache/bcel/generic/Type;)Lorg/aspectj/weaver/UnresolvedType; 1 253 orig 80 45 0 0 0 0 0 0 0 0 0 0 0 0 0 0 0 0 0 0 0 0 0 0 0 0 0 0 0 0 0 0 0 0 0 0 0 0 0 0 0 0 0 0 0 0 0 0 0 0 0 0 0 0 0 0 0 0 0 0 0 0 0 0 0 0 0 0 0 0 0 0 0 0 0 0 0 0 0 0 0 data 18 0x10005 0x0 0x0 0x2e1554f6980 0xc5 0x2e157db2830 0xb 0x40002 0xd0 0x0 0x0 0x0 0x0 0x0 0x0 0x9 0x1 0x0 oops 2 3 org/aspectj/apache/bcel/generic/BasicType 5 org/aspectj/apache/bcel/generic/ObjectType methods 0
ciMethodData org/aspectj/weaver/bcel/LazyMethodGen getArgumentTypes ()[Lorg/aspectj/apache/bcel/generic/Type; 1 239 orig 80 42 0 0 0 0 0 0 0 0 0 0 0 0 0 0 0 0 0 0 0 0 0 0 0 0 0 0 0 0 0 0 0 0 0 0 0 0 0 0 0 0 0 0 0 0 0 0 0 0 0 0 0 0 0 0 0 0 0 0 0 0 0 0 0 0 0 0 0 0 0 0 0 0 0 0 0 0 0 0 0 data 9 0x10002 0xc5 0x0 0x0 0x0 0x0 0x9 0x1 0x0 oops 0 methods 0
ciMethodData org/aspectj/apache/bcel/generic/InstructionList insert (Lorg/aspectj/apache/bcel/generic/InstructionHandle;Lorg/aspectj/apache/bcel/generic/InstructionList;)Lorg/aspectj/apache/bcel/generic/InstructionHandle; 2 1531 orig 80 0 1 0 0 0 0 0 0 0 0 0 0 0 0 0 0 0 0 0 0 0 0 0 0 0 0 0 0 0 0 0 0 0 0 0 0 0 0 0 0 0 0 0 0 0 0 0 0 0 0 0 0 0 0 0 0 0 0 0 0 0 0 0 0 0 0 0 0 0 0 0 0 0 0 0 0 0 0 0 0 data 37 0x10007 0x4fb 0x30 0x0 0xa0002 0x0 0xf0005 0x0 0x0 0x2e152012300 0x4fb 0x0 0x0 0x120007 0x2a0 0x20 0x25b 0x3b0007 0x11a 0x38 0x186 0x460003 0x186 0x18 0x5f0002 0x2a0 0x0 0x0 0x0 0x0 0x0 0x0 0x9 0x3 0x0 0x0 0x0 oops 1 9 org/aspectj/apache/bcel/generic/InstructionList methods 0
ciMethodData org/aspectj/apache/bcel/generic/InstructionList clear ()V 1 1158 orig 80 199 0 0 0 0 0 0 0 0 0 0 0 0 0 0 0 0 0 0 0 0 0 0 0 0 0 0 0 0 0 0 0 0 0 0 0 0 0 0 0 0 0 0 0 0 0 0 0 0 0 0 0 0 0 0 0 0 0 0 0 0 0 0 0 0 0 0 0 0 0 0 0 0 0 0 0 0 0 0 0 data 7 0x0 0x0 0x0 0x0 0x9 0x1 0xe oops 0 methods 0
ciMethodData org/aspectj/apache/bcel/generic/InstructionList <init> (Lorg/aspectj/apache/bcel/generic/Instruction;)V 1 1055 orig 80 1 1 0 0 0 0 0 0 0 0 0 0 0 0 0 0 0 0 0 0 0 0 0 0 0 0 0 0 0 0 0 0 0 0 0 0 0 0 0 0 0 0 0 0 0 0 0 0 0 0 0 0 0 0 0 0 0 0 0 0 0 0 0 0 0 0 0 0 0 0 0 0 0 0 0 0 0 0 0 0 data 19 0x10002 0x31e 0x150005 0x0 0x0 0x2e152012300 0x31e 0x0 0x0 0x0 0x0 0x0 0x0 0x0 0x0 0x9 0x2 0x0 0x0 oops 1 5 org/aspectj/apache/bcel/generic/InstructionList methods 0
ciMethodData org/aspectj/apache/bcel/generic/InstructionBranch notifyTarget (Lorg/aspectj/apache/bcel/generic/InstructionHandle;Lorg/aspectj/apache/bcel/generic/InstructionHandle;Lorg/aspectj/apache/bcel/generic/InstructionTargeter;)V 1 315 orig 80 87 0 0 0 0 0 0 0 0 0 0 0 0 0 0 0 0 0 0 0 0 0 0 0 0 0 0 0 0 0 0 0 0 0 0 0 0 0 0 0 0 0 0 0 0 0 0 0 0 0 0 0 0 0 0 0 0 0 0 0 0 0 0 0 0 0 0 0 0 0 0 0 0 0 0 0 0 0 0 0 data 33 0x10007 0xbd 0x58 0x27 0x60005 0x0 0x0 0x2e152012550 0x27 0x0 0x0 0xa0007 0x27 0x58 0xbd 0xf0005 0x0 0x0 0x2e152012550 0xbc 0x2e158616c70 0x1 0x0 0x0 0x0 0x0 0x0 0x0 0x9 0x3 0x0 0x0 0x0 oops 3 7 org/aspectj/apache/bcel/generic/InstructionHandle 18 org/aspectj/apache/bcel/generic/InstructionHandle 20 org/aspectj/apache/bcel/generic/BranchHandle methods 0
ciMethodData org/aspectj/apache/bcel/generic/InstructionHandle removeTargeter (Lorg/aspectj/apache/bcel/generic/InstructionTargeter;)V 1 48 orig 80 9 0 0 0 0 0 0 0 0 0 0 0 0 0 0 0 0 0 0 0 0 0 0 0 0 0 0 0 0 0 0 0 0 0 0 0 0 0 0 0 0 0 0 0 0 0 0 0 0 0 0 0 0 0 0 0 0 0 0 0 0 0 0 0 0 0 0 0 0 0 0 0 0 0 0 0 0 0 0 0 data 17 0x50005 0x0 0x0 0x2e1572691e0 0x27 0x0 0x0 0x0 0x0 0x0 0x0 0x0 0x0 0x9 0x2 0x0 0xffffffffffffffff oops 1 3 java/util/HashSet methods 0
ciMethodData org/aspectj/weaver/bcel/Range <init> (Lorg/aspectj/apache/bcel/generic/InstructionList;)V 1 733 orig 80 0 1 0 0 0 0 0 0 0 0 0 0 0 0 0 0 0 0 0 0 0 0 0 0 0 0 0 0 0 0 0 0 0 0 0 0 0 0 0 0 0 0 0 0 0 0 0 0 0 0 0 0 0 0 0 0 0 0 0 0 0 0 0 0 0 0 0 0 0 0 0 0 0 0 0 0 0 0 0 0 data 10 0x10002 0x1dd 0x0 0x0 0x0 0x0 0x9 0x2 0x6 0x0 oops 0 methods 0
ciMethodData org/aspectj/weaver/bcel/Range genStart (Lorg/aspectj/apache/bcel/generic/InstructionList;Lorg/aspectj/apache/bcel/generic/InstructionHandle;)Lorg/aspectj/apache/bcel/generic/InstructionHandle; 1 725 orig 80 0 1 0 0 0 0 0 0 0 0 0 0 0 0 0 0 0 0 0 0 0 0 0 0 0 0 0 0 0 0 0 0 0 0 0 0 0 0 0 0 0 0 0 0 0 0 0 0 0 0 0 0 0 0 0 0 0 0 0 0 0 0 0 0 0 0 0 0 0 0 0 0 0 0 0 0 0 0 0 0 data 25 0x10007 0x1d5 0x30 0x0 0x50002 0x0 0xe0005 0x0 0x0 0x2e152012300 0x1d5 0x0 0x0 0x130002 0x1d5 0x0 0x0 0x0 0x0 0x0 0x0 0x9 0x2 0x0 0x0 oops 1 9 org/aspectj/apache/bcel/generic/InstructionList methods 0
ciMethodData org/aspectj/weaver/bcel/Range genStart (Lorg/aspectj/apache/bcel/generic/InstructionList;)Lorg/aspectj/apache/bcel/generic/InstructionHandle; 1 0 orig 80 0 0 0 0 0 0 0 0 0 0 0 0 0 0 0 0 0 0 0 0 0 0 0 0 0 0 0 0 0 0 0 0 0 0 0 0 0 0 0 0 0 0 0 0 0 0 0 0 0 0 0 0 0 0 0 0 0 0 0 0 0 0 0 0 0 0 0 0 0 0 0 0 0 0 0 0 0 0 0 0 data 18 0x40005 0x0 0x0 0x0 0x0 0x0 0x0 0x90002 0x0 0x0 0x0 0x0 0x0 0x0 0x0 0x9 0x1 0x0 oops 0 methods 0
ciMethodData org/aspectj/apache/bcel/generic/InstructionList insert (Lorg/aspectj/apache/bcel/generic/Instruction;)Lorg/aspectj/apache/bcel/generic/InstructionHandle; 1 239 orig 80 103 0 0 0 0 0 0 0 0 0 0 0 0 0 0 0 0 0 0 0 0 0 0 0 0 0 0 0 0 0 0 0 0 0 0 0 0 0 0 0 0 0 0 0 0 0 0 0 0 0 0 0 0 0 0 0 0 0 0 0 0 0 0 0 0 0 0 0 0 0 0 0 0 0 0 0 0 0 0 0 data 14 0x10002 0x88 0x70002 0x88 0x0 0x0 0x0 0x0 0x0 0x0 0x9 0x2 0x0 0x0 oops 0 methods 0
ciMethodData org/aspectj/apache/bcel/generic/InstructionList insert (Lorg/aspectj/apache/bcel/generic/InstructionHandle;Lorg/aspectj/apache/bcel/generic/Instruction;)Lorg/aspectj/apache/bcel/generic/InstructionHandle; 1 725 orig 80 0 1 0 0 0 0 0 0 0 0 0 0 0 0 0 0 0 0 0 0 0 0 0 0 0 0 0 0 0 0 0 0 0 0 0 0 0 0 0 0 0 0 0 0 0 0 0 0 0 0 0 0 0 0 0 0 0 0 0 0 0 0 0 0 0 0 0 0 0 0 0 0 0 0 0 0 0 0 0 0 data 20 0x70002 0x1d5 0xa0005 0x0 0x0 0x2e152012300 0x1d5 0x0 0x0 0x0 0x0 0x0 0x0 0x0 0x0 0x9 0x3 0x0 0x0 0x0 oops 1 5 org/aspectj/apache/bcel/generic/InstructionList methods 0
ciMethodData org/aspectj/weaver/bcel/Range setLineNumberFromNext (Lorg/aspectj/apache/bcel/generic/InstructionHandle;)V 1 726 orig 80 0 1 0 0 0 0 0 0 0 0 0 0 0 0 0 0 0 0 0 0 0 0 0 0 0 0 0 0 0 0 0 0 0 0 0 0 0 0 0 0 0 0 0 0 0 0 0 0 0 0 0 0 0 0 0 0 0 0 0 0 0 0 0 0 0 0 0 0 0 0 0 0 0 0 0 0 0 0 0 0 data 24 0x10005 0x1d6 0x0 0x0 0x0 0x0 0x0 0x40002 0x1d6 0xa0007 0x7c 0x30 0x15a 0xf0002 0x15a 0x0 0x0 0x0 0x0 0x0 0x0 0x9 0x1 0x0 oops 0 methods 0
ciMethodData org/aspectj/weaver/bcel/Utility getSourceLine (Lorg/aspectj/apache/bcel/generic/InstructionHandle;)I 1 1218 orig 80 191 1 0 0 0 0 0 0 0 0 0 0 0 0 0 0 0 0 0 0 0 0 0 0 0 0 0 0 0 0 0 0 0 0 0 0 0 0 0 0 0 0 0 0 0 0 0 0 0 0 0 0 0 0 0 0 0 0 0 0 0 0 0 0 0 0 0 0 0 0 0 0 0 0 0 0 0 0 0 0 data 94 0x80007 0x0 0x2a8 0x342 0xc0007 0x2b9 0x20 0x89 0x120005 0x0 0x0 0x2e152012550 0x2b8 0x2e158616c70 0x1 0x150005 0x0 0x0 0x2e1572691e0 0x1a6 0x2e1586178e0 0x113 0x1c0005 0x0 0x0 0x2e158850100 0x392 0x2e1588501b0 0x113 0x210007 0x117 0x170 0x38e 0x250005 0x0 0x0 0x2e158850100 0x38e 0x0 0x0 0x2a0004 0x0 0x0 0x2e157db05e0 0x1a2 0x2e1535d4700 0x1e7 0x2f0004 0xfffffffffffffe14 0x0 0x2e157db05e0 0x1a2 0x0 0x0 0x320007 0x1ec 0x90 0x1a2 0x360004 0x0 0x0 0x2e157db05e0 0x1a2 0x0 0x0 0x390005 0x0 0x0 0x2e157db05e0 0x1a2 0x0 0x0 0x3d0003 0x1ec 0xfffffffffffffe70 0x410005 0x117 0x0 0x0 0x0 0x0 0x0 0x450003 0x117 0xfffffffffffffd70 0x0 0x0 0x0 0x0 0x0 0x0 0x9 0x1 0x0 oops 12 11 org/aspectj/apache/bcel/generic/InstructionHandle 13 org/aspectj/apache/bcel/generic/BranchHandle 18 java/util/HashSet 20 java/util/Collections$EmptySet 25 java/util/HashMap$KeyIterator 27 java/util/Collections$EmptyIterator 36 java/util/HashMap$KeyIterator 43 org/aspectj/apache/bcel/generic/LineNumberTag 45 org/aspectj/apache/bcel/generic/LocalVariableTag 50 org/aspectj/apache/bcel/generic/LineNumberTag 61 org/aspectj/apache/bcel/generic/LineNumberTag 68 org/aspectj/apache/bcel/generic/LineNumberTag methods 0
ciMethodData org/aspectj/weaver/bcel/Utility setSourceLine (Lorg/aspectj/apache/bcel/generic/InstructionHandle;I)V 1 483 orig 80 137 0 0 0 0 0 0 0 0 0 0 0 0 0 0 0 0 0 0 0 0 0 0 0 0 0 0 0 0 0 0 0 0 0 0 0 0 0 0 0 0 0 0 0 0 0 0 0 0 0 0 0 0 0 0 0 0 0 0 0 0 0 0 0 0 0 0 0 0 0 0 0 0 0 0 0 0 0 0 0 data 19 0x60002 0x15a 0x90005 0x0 0x0 0x2e152012550 0x15a 0x0 0x0 0x0 0x0 0x0 0x0 0x0 0x0 0x9 0x2 0x0 0x0 oops 1 5 org/aspectj/apache/bcel/generic/InstructionHandle methods 0
ciMethodData org/aspectj/apache/bcel/generic/InstructionList insert (Lorg/aspectj/apache/bcel/generic/InstructionHandle;)V 1 239 orig 80 103 0 0 0 0 0 0 0 0 0 0 0 0 0 0 0 0 0 0 0 0 0 0 0 0 0 0 0 0 0 0 0 0 0 0 0 0 0 0 0 0 0 0 0 0 0 0 0 0 0 0 0 0 0 0 0 0 0 0 0 0 0 0 0 0 0 0 0 0 0 0 0 0 0 0 0 0 0 0 0 data 24 0x10005 0x0 0x0 0x2e152012300 0x88 0x0 0x0 0x40007 0x0 0x38 0x88 0x1b0003 0x88 0x18 0x0 0x0 0x0 0x0 0x0 0x0 0x9 0x2 0x0 0x0 oops 1 3 org/aspectj/apache/bcel/generic/InstructionList methods 0
ciMethodData org/aspectj/weaver/bcel/ShadowRange <init> (Lorg/aspectj/apache/bcel/generic/InstructionList;)V 1 726 orig 80 0 1 0 0 0 0 0 0 0 0 0 0 0 0 0 0 0 0 0 0 0 0 0 0 0 0 0 0 0 0 0 0 0 0 0 0 0 0 0 0 0 0 0 0 0 0 0 0 0 0 0 0 0 0 0 0 0 0 0 0 0 0 0 0 0 0 0 0 0 0 0 0 0 0 0 0 0 0 0 0 data 8 0x20002 0x1d6 0x0 0x0 0x9 0x2 0x0 0x0 oops 0 methods 0
ciMethodData org/aspectj/weaver/bcel/ShadowRange associateWithShadow (Lorg/aspectj/weaver/bcel/BcelShadow;)V 1 727 orig 80 0 1 0 0 0 0 0 0 0 0 0 0 0 0 0 0 0 0 0 0 0 0 0 0 0 0 0 0 0 0 0 0 0 0 0 0 0 0 0 0 0 0 0 0 0 0 0 0 0 0 0 0 0 0 0 0 0 0 0 0 0 0 0 0 0 0 0 0 0 0 0 0 0 0 0 0 0 0 0 0 data 17 0x70005 0x0 0x0 0x2e1586ffd20 0x1d7 0x0 0x0 0x0 0x0 0x0 0x0 0x0 0x0 0x9 0x2 0x0 0x0 oops 1 3 org/aspectj/weaver/bcel/BcelShadow methods 0
ciMethodData org/aspectj/weaver/bcel/ShadowRange associateWithTargets (Lorg/aspectj/apache/bcel/generic/InstructionHandle;Lorg/aspectj/apache/bcel/generic/InstructionHandle;)V 1 795 orig 80 0 1 0 0 0 0 0 0 0 0 0 0 0 0 0 0 0 0 0 0 0 0 0 0 0 0 0 0 0 0 0 0 0 0 0 0 0 0 0 0 0 0 0 0 0 0 0 0 0 0 0 0 0 0 0 0 0 0 0 0 0 0 0 0 0 0 0 0 0 0 0 0 0 0 0 0 0 0 0 0 data 25 0xc0005 0x0 0x0 0x2e152012550 0x21b 0x0 0x0 0x110005 0x0 0x0 0x2e152012550 0x21b 0x0 0x0 0x0 0x0 0x0 0x0 0x0 0x0 0x9 0x3 0xffffffffffffffff 0x18 0x0 oops 2 3 org/aspectj/apache/bcel/generic/InstructionHandle 10 org/aspectj/apache/bcel/generic/InstructionHandle methods 0
ciMethodData org/aspectj/apache/bcel/generic/MethodGen getExceptionHandlers ()[Lorg/aspectj/apache/bcel/generic/CodeExceptionGen; 1 482 orig 80 0 1 0 0 0 0 0 0 0 0 0 0 0 0 0 0 0 0 0 0 0 0 0 0 0 0 0 0 0 0 0 0 0 0 0 0 0 0 0 0 0 0 0 0 0 0 0 0 0 0 0 0 0 0 0 0 0 0 0 0 0 0 0 0 0 0 0 0 0 0 0 0 0 0 0 0 0 0 0 0 data 23 0x40005 0x0 0x0 0x2e1586ffdd0 0xe2 0x0 0x0 0x100005 0x0 0x0 0x2e1586ffdd0 0xe2 0x0 0x0 0x0 0x0 0x0 0x0 0x0 0x0 0x9 0x1 0x0 oops 2 3 java/util/ArrayList 10 java/util/ArrayList methods 0
ciMethodData org/aspectj/apache/bcel/generic/MethodGen removeExceptionHandlers ()V 1 488 orig 80 0 1 0 0 0 0 0 0 0 0 0 0 0 0 0 0 0 0 0 0 0 0 0 0 0 0 0 0 0 0 0 0 0 0 0 0 0 0 0 0 0 0 0 0 0 0 0 0 0 0 0 0 0 0 0 0 0 0 0 0 0 0 0 0 0 0 0 0 0 0 0 0 0 0 0 0 0 0 0 0 data 16 0x40005 0x0 0x0 0x2e1586ffdd0 0xe8 0x0 0x0 0x0 0x0 0x0 0x0 0x0 0x0 0x9 0x1 0x0 oops 1 3 java/util/ArrayList methods 0
ciMethodData org/aspectj/weaver/bcel/Range genEnd (Lorg/aspectj/apache/bcel/generic/InstructionList;)Lorg/aspectj/apache/bcel/generic/InstructionHandle; 1 397 orig 80 0 1 0 0 0 0 0 0 0 0 0 0 0 0 0 0 0 0 0 0 0 0 0 0 0 0 0 0 0 0 0 0 0 0 0 0 0 0 0 0 0 0 0 0 0 0 0 0 0 0 0 0 0 0 0 0 0 0 0 0 0 0 0 0 0 0 0 0 0 0 0 0 0 0 0 0 0 0 0 0 data 16 0x40005 0x0 0x0 0x2e152012300 0x8d 0x0 0x0 0x0 0x0 0x0 0x0 0x0 0x0 0x9 0x1 0x0 oops 1 3 org/aspectj/apache/bcel/generic/InstructionList methods 0
ciMethodData org/aspectj/weaver/bcel/LazyMethodGen getOutermostExceptionStart (Lorg/aspectj/apache/bcel/generic/InstructionHandle;)Lorg/aspectj/apache/bcel/generic/InstructionHandle; 1 16 orig 80 15 0 0 0 0 0 0 0 0 0 0 0 0 0 0 0 0 0 0 0 0 0 0 0 0 0 0 0 0 0 0 0 0 0 0 0 0 0 0 0 0 0 0 0 0 0 0 0 0 0 0 0 0 0 0 0 0 0 0 0 0 0 0 0 0 0 0 0 0 0 0 0 0 0 0 0 0 0 0 0 data 33 0x10005 0x1 0x0 0x0 0x0 0x0 0x0 0x40002 0x1 0x70007 0x1 0x70 0x0 0xb0005 0x0 0x0 0x0 0x0 0x0 0x0 0xf0003 0x0 0xffffffffffffff60 0x0 0x0 0x0 0x0 0x0 0x0 0x9 0x2 0x0 0x0 oops 0 methods 0
ciMethodData org/aspectj/weaver/bcel/LazyMethodGen getOutermostExceptionEnd (Lorg/aspectj/apache/bcel/generic/InstructionHandle;)Lorg/aspectj/apache/bcel/generic/InstructionHandle; 1 16 orig 80 15 0 0 0 0 0 0 0 0 0 0 0 0 0 0 0 0 0 0 0 0 0 0 0 0 0 0 0 0 0 0 0 0 0 0 0 0 0 0 0 0 0 0 0 0 0 0 0 0 0 0 0 0 0 0 0 0 0 0 0 0 0 0 0 0 0 0 0 0 0 0 0 0 0 0 0 0 0 0 0 data 33 0x10005 0x1 0x0 0x0 0x0 0x0 0x0 0x40002 0x1 0x70007 0x1 0x70 0x0 0xb0005 0x0 0x0 0x0 0x0 0x0 0x0 0xf0003 0x0 0xffffffffffffff60 0x0 0x0 0x0 0x0 0x0 0x0 0x9 0x2 0x0 0x0 oops 0 methods 0
ciMethodData org/aspectj/weaver/bcel/Range genEnd (Lorg/aspectj/apache/bcel/generic/InstructionList;Lorg/aspectj/apache/bcel/generic/InstructionHandle;)Lorg/aspectj/apache/bcel/generic/InstructionHandle; 1 332 orig 80 238 0 0 0 0 0 0 0 0 0 0 0 0 0 0 0 0 0 0 0 0 0 0 0 0 0 0 0 0 0 0 0 0 0 0 0 0 0 0 0 0 0 0 0 0 0 0 0 0 0 0 0 0 0 0 0 0 0 0 0 0 0 0 0 0 0 0 0 0 0 0 0 0 0 0 0 0 0 0 0 data 23 0x10007 0x5e 0x30 0x0 0x50002 0x0 0xe0005 0x0 0x0 0x2e152012300 0x5e 0x0 0x0 0x0 0x0 0x0 0x0 0x0 0x0 0x9 0x2 0x0 0x0 oops 1 9 org/aspectj/apache/bcel/generic/InstructionList methods 0
ciMethodData org/aspectj/apache/bcel/generic/InstructionList append (Lorg/aspectj/apache/bcel/generic/InstructionHandle;Lorg/aspectj/apache/bcel/generic/Instruction;)Lorg/aspectj/apache/bcel/generic/InstructionHandle; 1 333 orig 80 238 0 0 0 0 0 0 0 0 0 0 0 0 0 0 0 0 0 0 0 0 0 0 0 0 0 0 0 0 0 0 0 0 0 0 0 0 0 0 0 0 0 0 0 0 0 0 0 0 0 0 0 0 0 0 0 0 0 0 0 0 0 0 0 0 0 0 0 0 0 0 0 0 0 0 0 0 0 0 0 data 20 0x70002 0x5f 0xa0005 0x0 0x0 0x2e152012300 0x5f 0x0 0x0 0x0 0x0 0x0 0x0 0x0 0x0 0x9 0x3 0x0 0x0 0x0 oops 1 5 org/aspectj/apache/bcel/generic/InstructionList methods 0
ciMethodData org/aspectj/apache/bcel/generic/InstructionList append (Lorg/aspectj/apache/bcel/generic/InstructionHandle;Lorg/aspectj/apache/bcel/generic/InstructionList;)Lorg/aspectj/apache/bcel/generic/InstructionHandle; 1 351 orig 80 238 0 0 0 0 0 0 0 0 0 0 0 0 0 0 0 0 0 0 0 0 0 0 0 0 0 0 0 0 0 0 0 0 0 0 0 0 0 0 0 0 0 0 0 0 0 0 0 0 0 0 0 0 0 0 0 0 0 0 0 0 0 0 0 0 0 0 0 0 0 0 0 0 0 0 0 0 0 0 0 data 41 0x30007 0x71 0x50 0x0 0x70007 0x0 0x30 0x0 0xe0002 0x0 0x130005 0x0 0x0 0x2e152012300 0x71 0x0 0x0 0x160007 0x71 0x20 0x0 0x3f0007 0x70 0x38 0x1 0x4a0003 0x1 0x18 0x630002 0x71 0x0 0x0 0x0 0x0 0x0 0x0 0x9 0x3 0x0 0x0 0x0 oops 1 13 org/aspectj/apache/bcel/generic/InstructionList methods 0
ciMethodData org/aspectj/weaver/bcel/ExceptionRange <init> (Lorg/aspectj/apache/bcel/generic/InstructionList;Lorg/aspectj/weaver/UnresolvedType;I)V 1 16 orig 80 15 0 0 0 0 0 0 0 0 0 0 0 0 0 0 0 0 0 0 0 0 0 0 0 0 0 0 0 0 0 0 0 0 0 0 0 0 0 0 0 0 0 0 0 0 0 0 0 0 0 0 0 0 0 0 0 0 0 0 0 0 0 0 0 0 0 0 0 0 0 0 0 0 0 0 0 0 0 0 0 data 12 0x20002 0x1 0x0 0x0 0x0 0x0 0x9 0x4 0x3e 0x0 0x0 0x0 oops 0 methods 0
ciMethodData org/aspectj/weaver/bcel/ExceptionRange associateWithTargets (Lorg/aspectj/apache/bcel/generic/InstructionHandle;Lorg/aspectj/apache/bcel/generic/InstructionHandle;Lorg/aspectj/apache/bcel/generic/InstructionHandle;)V 1 16 orig 80 15 0 0 0 0 0 0 0 0 0 0 0 0 0 0 0 0 0 0 0 0 0 0 0 0 0 0 0 0 0 0 0 0 0 0 0 0 0 0 0 0 0 0 0 0 0 0 0 0 0 0 0 0 0 0 0 0 0 0 0 0 0 0 0 0 0 0 0 0 0 0 0 0 0 0 0 0 0 0 0 data 33 0x110005 0x0 0x0 0x2e152012550 0x1 0x0 0x0 0x160005 0x0 0x0 0x2e152012550 0x1 0x0 0x0 0x1b0005 0x0 0x0 0x2e152012550 0x1 0x0 0x0 0x0 0x0 0x0 0x0 0x0 0x0 0x9 0x4 0xffffffffffffffff 0x18 0x0 0x0 oops 3 3 org/aspectj/apache/bcel/generic/InstructionHandle 10 org/aspectj/apache/bcel/generic/InstructionHandle 17 org/aspectj/apache/bcel/generic/InstructionHandle methods 0
ciMethodData org/aspectj/apache/bcel/generic/CodeExceptionGen setStartPC (Lorg/aspectj/apache/bcel/generic/InstructionHandle;)V 1 32 orig 80 30 0 0 0 0 0 0 0 0 0 0 0 0 0 0 0 0 0 0 0 0 0 0 0 0 0 0 0 0 0 0 0 0 0 0 0 0 0 0 0 0 0 0 0 0 0 0 0 0 0 0 0 0 0 0 0 0 0 0 0 0 0 0 0 0 0 0 0 0 0 0 0 0 0 0 0 0 0 0 0 data 12 0x60002 0x2 0x0 0x0 0x0 0x0 0x0 0x0 0x9 0x2 0x0 0x0 oops 0 methods 0
ciMethodData org/aspectj/apache/bcel/generic/CodeExceptionGen setEndPC (Lorg/aspectj/apache/bcel/generic/InstructionHandle;)V 1 32 orig 80 30 0 0 0 0 0 0 0 0 0 0 0 0 0 0 0 0 0 0 0 0 0 0 0 0 0 0 0 0 0 0 0 0 0 0 0 0 0 0 0 0 0 0 0 0 0 0 0 0 0 0 0 0 0 0 0 0 0 0 0 0 0 0 0 0 0 0 0 0 0 0 0 0 0 0 0 0 0 0 0 data 12 0x60002 0x2 0x0 0x0 0x0 0x0 0x0 0x0 0x9 0x2 0x0 0x0 oops 0 methods 0
ciMethodData org/aspectj/apache/bcel/generic/CodeExceptionGen setHandlerPC (Lorg/aspectj/apache/bcel/generic/InstructionHandle;)V 1 32 orig 80 30 0 0 0 0 0 0 0 0 0 0 0 0 0 0 0 0 0 0 0 0 0 0 0 0 0 0 0 0 0 0 0 0 0 0 0 0 0 0 0 0 0 0 0 0 0 0 0 0 0 0 0 0 0 0 0 0 0 0 0 0 0 0 0 0 0 0 0 0 0 0 0 0 0 0 0 0 0 0 0 data 12 0x60002 0x2 0x0 0x0 0x0 0x0 0x0 0x0 0x9 0x2 0x0 0x0 oops 0 methods 0
compile org/aspectj/weaver/bcel/BcelClassWeaver match (Lorg/aspectj/weaver/bcel/LazyMethodGen;)Z -1 4 inline 193 0 -1 org/aspectj/weaver/bcel/BcelClassWeaver match (Lorg/aspectj/weaver/bcel/LazyMethodGen;)Z 1 4 java/util/ArrayList <init> ()V 2 1 java/util/AbstractList <init> ()V 3 1 java/util/AbstractCollection <init> ()V 4 1 java/lang/Object <init> ()V 1 12 org/aspectj/weaver/World isOverWeaving ()Z 1 18 org/aspectj/weaver/bcel/LazyMethodGen getName ()Ljava/lang/String; 1 22 java/lang/String charAt (I)C 2 1 java/lang/String isLatin1 ()Z 2 12 java/lang/StringLatin1 charAt ([BI)C 1 43 org/aspectj/weaver/bcel/LazyMethodGen getName ()Ljava/lang/String; 1 49 java/lang/String equals (Ljava/lang/Object;)Z 2 20 java/lang/String coder ()B 2 24 java/lang/String coder ()B 2 31 java/lang/String isLatin1 ()Z 1 64 org/aspectj/weaver/bcel/BcelClassWeaver shouldWeaveBody (Lorg/aspectj/weaver/bcel/LazyMethodGen;)Z 2 1 org/aspectj/weaver/bcel/LazyMethodGen isBridgeMethod ()Z 3 1 org/aspectj/weaver/bcel/LazyMethodGen getAccessFlags ()I 2 10 org/aspectj/weaver/bcel/LazyMethodGen isAjSynthetic ()Z 3 13 org/aspectj/weaver/bcel/BcelMethod isAjSynthetic ()Z 2 17 org/aspectj/weaver/bcel/LazyMethodGen getName ()Ljava/lang/String; 2 23 java/lang/String equals (Ljava/lang/Object;)Z 3 20 java/lang/String coder ()B 3 24 java/lang/String coder ()B 3 31 java/lang/String isLatin1 ()Z 2 28 org/aspectj/weaver/bcel/LazyMethodGen getEffectiveSignature ()Lorg/aspectj/weaver/AjAttribute$EffectiveSignatureAttribute; 3 16 org/aspectj/weaver/bcel/BcelMethod getEffectiveSignature ()Lorg/aspectj/weaver/AjAttribute$EffectiveSignatureAttribute; 1 78 org/aspectj/weaver/bcel/LazyMethodGen getName ()Ljava/lang/String; 1 84 java/lang/String equals (Ljava/lang/Object;)Z 2 20 java/lang/String coder ()B 2 24 java/lang/String coder ()B 2 31 java/lang/String isLatin1 ()Z 1 95 org/aspectj/weaver/bcel/BcelShadow makeStaticInitialization (Lorg/aspectj/weaver/bcel/BcelWorld;Lorg/aspectj/weaver/bcel/LazyMethodGen;)Lorg/aspectj/weaver/bcel/BcelShadow; 2 1 org/aspectj/weaver/bcel/LazyMethodGen getBody ()Lorg/aspectj/apache/bcel/generic/InstructionList; 3 1 org/aspectj/weaver/bcel/LazyMethodGen markAsChanged ()V 4 52 org/aspectj/weaver/bcel/LazyMethodGen initialize ()V 5 20 org/aspectj/weaver/bcel/LazyClassGen getName ()Ljava/lang/String; 6 4 org/aspectj/apache/bcel/generic/ClassGen getClassName ()Ljava/lang/String; 5 27 org/aspectj/weaver/bcel/LazyClassGen getConstantPool ()Lorg/aspectj/apache/bcel/classfile/ConstantPool; 5 37 org/aspectj/apache/bcel/generic/MethodGen getReturnType ()Lorg/aspectj/apache/bcel/generic/Type; 6 1 org/aspectj/apache/bcel/generic/FieldGenOrMethodGen getType ()Lorg/aspectj/apache/bcel/generic/Type; 5 45 org/aspectj/apache/bcel/generic/MethodGen getArgumentTypes ()[Lorg/aspectj/apache/bcel/generic/Type; 5 53 org/aspectj/apache/bcel/generic/MethodGen getExceptions ()[Ljava/lang/String; 6 4 java/util/ArrayList size ()I 5 61 org/aspectj/apache/bcel/generic/FieldGenOrMethodGen getAttributes ()Ljava/util/List; 5 69 org/aspectj/apache/bcel/generic/MethodGen getMaxLocals ()I 5 76 org/aspectj/apache/bcel/classfile/Modifiers isAbstract ()Z 5 83 org/aspectj/apache/bcel/classfile/Modifiers isNative ()Z 5 99 org/aspectj/apache/bcel/generic/MethodGen getInstructionList ()Lorg/aspectj/apache/bcel/generic/InstructionList; 5 107 org/aspectj/weaver/bcel/LazyMethodGen unpackHandlers (Lorg/aspectj/apache/bcel/generic/MethodGen;)V 6 1 org/aspectj/apache/bcel/generic/MethodGen getExceptionHandlers ()[Lorg/aspectj/apache/bcel/generic/CodeExceptionGen; 7 4 java/util/ArrayList size ()I 6 39 org/aspectj/apache/bcel/generic/CodeExceptionGen getStartPC ()Lorg/aspectj/apache/bcel/generic/InstructionHandle; 6 45 org/aspectj/weaver/bcel/Range genStart (Lorg/aspectj/apache/bcel/generic/InstructionList;Lorg/aspectj/apache/bcel/generic/InstructionHandle;)Lorg/aspectj/apache/bcel/generic/InstructionHandle; 7 14 org/aspectj/apache/bcel/generic/InstructionList insert (Lorg/aspectj/apache/bcel/generic/InstructionHandle;Lorg/aspectj/apache/bcel/generic/Instruction;)Lorg/aspectj/apache/bcel/generic/InstructionHandle; 8 7 org/aspectj/apache/bcel/generic/InstructionList <init> (Lorg/aspectj/apache/bcel/generic/Instruction;)V 9 1 java/lang/Object <init> ()V 9 21 org/aspectj/apache/bcel/generic/InstructionList append (Lorg/aspectj/apache/bcel/generic/Instruction;)Lorg/aspectj/apache/bcel/generic/InstructionHandle; 10 1 org/aspectj/apache/bcel/generic/InstructionHandle getInstructionHandle (Lorg/aspectj/apache/bcel/generic/Instruction;)Lorg/aspectj/apache/bcel/generic/InstructionHandle; 11 5 org/aspectj/apache/bcel/generic/InstructionHandle <init> (Lorg/aspectj/apache/bcel/generic/Instruction;)V 12 1 java/lang/Object <init> ()V 12 10 java/util/Collections emptySet ()Ljava/util/Set; 12 18 org/aspectj/apache/bcel/generic/InstructionHandle setInstruction (Lorg/aspectj/apache/bcel/generic/Instruction;)V 10 7 org/aspectj/apache/bcel/generic/InstructionList append (Lorg/aspectj/apache/bcel/generic/InstructionHandle;)V 11 1 org/aspectj/apache/bcel/generic/InstructionList isEmpty ()Z 7 19 org/aspectj/weaver/bcel/Range setLineNumberFromNext (Lorg/aspectj/apache/bcel/generic/InstructionHandle;)V 8 1 org/aspectj/apache/bcel/generic/InstructionHandle getNext ()Lorg/aspectj/apache/bcel/generic/InstructionHandle; 8 15 org/aspectj/weaver/bcel/Utility setSourceLine (Lorg/aspectj/apache/bcel/generic/InstructionHandle;I)V 9 6 org/aspectj/apache/bcel/generic/LineNumberTag <init> (I)V 10 1 org/aspectj/apache/bcel/generic/Tag <init> ()V 11 1 java/lang/Object <init> ()V 6 57 org/aspectj/apache/bcel/generic/CodeExceptionGen getEndPC ()Lorg/aspectj/apache/bcel/generic/InstructionHandle; 6 63 org/aspectj/weaver/bcel/Range genEnd (Lorg/aspectj/apache/bcel/generic/InstructionList;Lorg/aspectj/apache/bcel/generic/InstructionHandle;)Lorg/aspectj/apache/bcel/generic/InstructionHandle; 7 5 org/aspectj/weaver/bcel/Range genEnd (Lorg/aspectj/apache/bcel/generic/InstructionList;)Lorg/aspectj/apache/bcel/generic/InstructionHandle; 8 4 org/aspectj/apache/bcel/generic/InstructionList append (Lorg/aspectj/apache/bcel/generic/Instruction;)Lorg/aspectj/apache/bcel/generic/InstructionHandle; 9 1 org/aspectj/apache/bcel/generic/InstructionHandle getInstructionHandle (Lorg/aspectj/apache/bcel/generic/Instruction;)Lorg/aspectj/apache/bcel/generic/InstructionHandle; 10 5 org/aspectj/apache/bcel/generic/InstructionHandle <init> (Lorg/aspectj/apache/bcel/generic/Instruction;)V 11 1 java/lang/Object <init> ()V 11 10 java/util/Collections emptySet ()Ljava/util/Set; 11 18 org/aspectj/apache/bcel/generic/InstructionHandle setInstruction (Lorg/aspectj/apache/bcel/generic/Instruction;)V 9 7 org/aspectj/apache/bcel/generic/InstructionList append (Lorg/aspectj/apache/bcel/generic/InstructionHandle;)V 10 1 org/aspectj/apache/bcel/generic/InstructionList isEmpty ()Z 7 14 org/aspectj/apache/bcel/generic/InstructionList append (Lorg/aspectj/apache/bcel/generic/InstructionHandle;Lorg/aspectj/apache/bcel/generic/Instruction;)Lorg/aspectj/apache/bcel/generic/InstructionHandle; 8 7 org/aspectj/apache/bcel/generic/InstructionList <init> (Lorg/aspectj/apache/bcel/generic/Instruction;)V 9 1 java/lang/Object <init> ()V 9 21 org/aspectj/apache/bcel/generic/InstructionList append (Lorg/aspectj/apache/bcel/generic/Instruction;)Lorg/aspectj/apache/bcel/generic/InstructionHandle; 10 1 org/aspectj/apache/bcel/generic/InstructionHandle getInstructionHandle (Lorg/aspectj/apache/bcel/generic/Instruction;)Lorg/aspectj/apache/bcel/generic/InstructionHandle; 11 5 org/aspectj/apache/bcel/generic/InstructionHandle <init> (Lorg/aspectj/apache/bcel/generic/Instruction;)V 12 1 java/lang/Object <init> ()V 12 10 java/util/Collections emptySet ()Ljava/util/Set; 12 18 org/aspectj/apache/bcel/generic/InstructionHandle setInstruction (Lorg/aspectj/apache/bcel/generic/Instruction;)V 10 7 org/aspectj/apache/bcel/generic/InstructionList append (Lorg/aspectj/apache/bcel/generic/InstructionHandle;)V 11 1 org/aspectj/apache/bcel/generic/InstructionList isEmpty ()Z 6 78 org/aspectj/apache/bcel/generic/CodeExceptionGen getCatchType ()Lorg/aspectj/apache/bcel/generic/ObjectType; 6 90 org/aspectj/apache/bcel/generic/CodeExceptionGen getCatchType ()Lorg/aspectj/apache/bcel/generic/ObjectType; 6 98 org/aspectj/weaver/bcel/ExceptionRange <init> (Lorg/aspectj/apache/bcel/generic/InstructionList;Lorg/aspectj/weaver/UnresolvedType;I)V 7 2 org/aspectj/weaver/bcel/Range <init> (Lorg/aspectj/apache/bcel/generic/InstructionList;)V 8 1 java/lang/Object <init> ()V 6 111 org/aspectj/apache/bcel/generic/CodeExceptionGen getHandlerPC ()Lorg/aspectj/apache/bcel/generic/InstructionHandle; 6 145 org/aspectj/apache/bcel/generic/MethodGen removeExceptionHandlers ()V 5 111 org/aspectj/weaver/bcel/LazyMethodGen ensureAllLineNumberSetup ()V 6 8 org/aspectj/apache/bcel/generic/InstructionList getStart ()Lorg/aspectj/apache/bcel/generic/InstructionHandle; 6 19 org/aspectj/apache/bcel/generic/InstructionHandle getTargeters ()Ljava/util/Set; 6 22 java/util/HashSet iterator ()Ljava/util/Iterator; 7 4 java/util/HashMap keySet ()Ljava/util/Set; 8 14 java/util/HashMap$KeySet <init> (Ljava/util/HashMap;)V 9 6 java/util/AbstractSet <init> ()V 10 1 java/util/AbstractCollection <init> ()V 11 1 java/lang/Object <init> ()V 7 7 java/util/HashMap$KeySet iterator ()Ljava/util/Iterator; 8 8 java/util/HashMap$KeyIterator <init> (Ljava/util/HashMap;)V 9 7 java/util/HashMap$HashIterator <init> (Ljava/util/HashMap;)V 10 6 java/lang/Object <init> ()V 7 7 java/util/LinkedHashMap$LinkedKeySet iterator ()Ljava/util/Iterator; 8 8 java/util/LinkedHashMap$LinkedKeyIterator <init> (Ljava/util/LinkedHashMap;)V 9 7 java/util/LinkedHashMap$LinkedHashIterator <init> (Ljava/util/LinkedHashMap;)V 10 6 java/lang/Object <init> ()V 6 22 java/util/Collections$EmptySet iterator ()Ljava/util/Iterator; 7 0 java/util/Collections emptyIterator ()Ljava/util/Iterator; 6 31 java/util/HashMap$HashIterator hasNext ()Z 6 31 java/util/Collections$EmptyIterator hasNext ()Z 6 41 java/util/HashMap$KeyIterator next ()Ljava/lang/Object; 7 1 java/util/HashMap$HashIterator nextNode ()Ljava/util/HashMap$Node; 6 80 org/aspectj/apache/bcel/generic/InstructionHandle addTargeter (Lorg/aspectj/apache/bcel/generic/InstructionTargeter;)V 7 15 java/util/HashSet <init> ()V 8 1 java/util/AbstractSet <init> ()V 9 1 java/util/AbstractCollection <init> ()V 10 1 java/lang/Object <init> ()V 8 9 java/util/HashMap <init> ()V 9 1 java/util/AbstractMap <init> ()V 10 1 java/lang/Object <init> ()V 7 26 java/util/HashSet add (Ljava/lang/Object;)Z 8 8 java/util/HashMap put (Ljava/lang/Object;Ljava/lang/Object;)Ljava/lang/Object; 9 2 java/util/HashMap hash (Ljava/lang/Object;)I 10 9 org/aspectj/apache/bcel/generic/LineNumberTag hashCode ()I 6 84 org/aspectj/apache/bcel/generic/InstructionHandle getNext ()Lorg/aspectj/apache/bcel/generic/InstructionHandle; 5 116 org/aspectj/apache/bcel/generic/MethodGen getHighestlinenumber ()I 5 123 org/aspectj/weaver/bcel/LazyMethodGen assertGoodBody ()V 2 6 org/aspectj/apache/bcel/generic/InstructionList getStart ()Lorg/aspectj/apache/bcel/generic/InstructionHandle; 2 11 org/aspectj/apache/bcel/generic/InstructionHandle getInstruction ()Lorg/aspectj/apache/bcel/generic/Instruction; 2 21 org/aspectj/apache/bcel/generic/InstructionHandle getInstruction ()Lorg/aspectj/apache/bcel/generic/Instruction; 2 32 org/aspectj/weaver/bcel/LazyMethodGen getEnclosingClass ()Lorg/aspectj/weaver/bcel/LazyClassGen; 2 35 org/aspectj/weaver/bcel/LazyClassGen getConstantPool ()Lorg/aspectj/apache/bcel/classfile/ConstantPool; 2 51 org/aspectj/apache/bcel/generic/InstructionHandle getNext ()Lorg/aspectj/apache/bcel/generic/InstructionHandle; 2 56 org/aspectj/apache/bcel/generic/InstructionList getEnd ()Lorg/aspectj/apache/bcel/generic/InstructionHandle; 2 89 org/aspectj/weaver/bcel/ShadowRange <init> (Lorg/aspectj/apache/bcel/generic/InstructionList;)V 3 2 org/aspectj/weaver/bcel/Range <init> (Lorg/aspectj/apache/bcel/generic/InstructionList;)V 4 1 java/lang/Object <init> ()V 2 98 org/aspectj/weaver/bcel/ShadowRange associateWithShadow (Lorg/aspectj/weaver/bcel/BcelShadow;)V 3 7 org/aspectj/weaver/bcel/BcelShadow setRange (Lorg/aspectj/weaver/bcel/ShadowRange;)V 2 105 org/aspectj/weaver/bcel/Range genStart (Lorg/aspectj/apache/bcel/generic/InstructionList;Lorg/aspectj/apache/bcel/generic/InstructionHandle;)Lorg/aspectj/apache/bcel/generic/InstructionHandle; 3 14 org/aspectj/apache/bcel/generic/InstructionList insert (Lorg/aspectj/apache/bcel/generic/InstructionHandle;Lorg/aspectj/apache/bcel/generic/Instruction;)Lorg/aspectj/apache/bcel/generic/InstructionHandle; 4 7 org/aspectj/apache/bcel/generic/InstructionList <init> (Lorg/aspectj/apache/bcel/generic/Instruction;)V 5 1 java/lang/Object <init> ()V 5 21 org/aspectj/apache/bcel/generic/InstructionList append (Lorg/aspectj/apache/bcel/generic/Instruction;)Lorg/aspectj/apache/bcel/generic/InstructionHandle; 6 1 org/aspectj/apache/bcel/generic/InstructionHandle getInstructionHandle (Lorg/aspectj/apache/bcel/generic/Instruction;)Lorg/aspectj/apache/bcel/generic/InstructionHandle; 7 5 org/aspectj/apache/bcel/generic/InstructionHandle <init> (Lorg/aspectj/apache/bcel/generic/Instruction;)V 8 1 java/lang/Object <init> ()V 8 10 java/util/Collections emptySet ()Ljava/util/Set; 8 18 org/aspectj/apache/bcel/generic/InstructionHandle setInstruction (Lorg/aspectj/apache/bcel/generic/Instruction;)V 6 7 org/aspectj/apache/bcel/generic/InstructionList append (Lorg/aspectj/apache/bcel/generic/InstructionHandle;)V 7 1 org/aspectj/apache/bcel/generic/InstructionList isEmpty ()Z 3 19 org/aspectj/weaver/bcel/Range setLineNumberFromNext (Lorg/aspectj/apache/bcel/generic/InstructionHandle;)V 4 1 org/aspectj/apache/bcel/generic/InstructionHandle getNext ()Lorg/aspectj/apache/bcel/generic/InstructionHandle; 4 15 org/aspectj/weaver/bcel/Utility setSourceLine (Lorg/aspectj/apache/bcel/generic/InstructionHandle;I)V 5 6 org/aspectj/apache/bcel/generic/LineNumberTag <init> (I)V 6 1 org/aspectj/apache/bcel/generic/Tag <init> ()V 7 1 java/lang/Object <init> ()V 2 111 org/aspectj/weaver/bcel/Range genEnd (Lorg/aspectj/apache/bcel/generic/InstructionList;Lorg/aspectj/apache/bcel/generic/InstructionHandle;)Lorg/aspectj/apache/bcel/generic/InstructionHandle; 3 5 org/aspectj/weaver/bcel/Range genEnd (Lorg/aspectj/apache/bcel/generic/InstructionList;)Lorg/aspectj/apache/bcel/generic/InstructionHandle; 4 4 org/aspectj/apache/bcel/generic/InstructionList append (Lorg/aspectj/apache/bcel/generic/Instruction;)Lorg/aspectj/apache/bcel/generic/InstructionHandle; 5 1 org/aspectj/apache/bcel/generic/InstructionHandle getInstructionHandle (Lorg/aspectj/apache/bcel/generic/Instruction;)Lorg/aspectj/apache/bcel/generic/InstructionHandle; 6 5 org/aspectj/apache/bcel/generic/InstructionHandle <init> (Lorg/aspectj/apache/bcel/generic/Instruction;)V 7 1 java/lang/Object <init> ()V 7 10 java/util/Collections emptySet ()Ljava/util/Set; 7 18 org/aspectj/apache/bcel/generic/InstructionHandle setInstruction (Lorg/aspectj/apache/bcel/generic/Instruction;)V 5 7 org/aspectj/apache/bcel/generic/InstructionList append (Lorg/aspectj/apache/bcel/generic/InstructionHandle;)V 6 1 org/aspectj/apache/bcel/generic/InstructionList isEmpty ()Z 3 14 org/aspectj/apache/bcel/generic/InstructionList append (Lorg/aspectj/apache/bcel/generic/InstructionHandle;Lorg/aspectj/apache/bcel/generic/Instruction;)Lorg/aspectj/apache/bcel/generic/InstructionHandle; 4 7 org/aspectj/apache/bcel/generic/InstructionList <init> (Lorg/aspectj/apache/bcel/generic/Instruction;)V 5 1 java/lang/Object <init> ()V 5 21 org/aspectj/apache/bcel/generic/InstructionList append (Lorg/aspectj/apache/bcel/generic/Instruction;)Lorg/aspectj/apache/bcel/generic/InstructionHandle; 6 1 org/aspectj/apache/bcel/generic/InstructionHandle getInstructionHandle (Lorg/aspectj/apache/bcel/generic/Instruction;)Lorg/aspectj/apache/bcel/generic/InstructionHandle; 7 5 org/aspectj/apache/bcel/generic/InstructionHandle <init> (Lorg/aspectj/apache/bcel/generic/Instruction;)V 8 1 java/lang/Object <init> ()V 8 10 java/util/Collections emptySet ()Ljava/util/Set; 8 18 org/aspectj/apache/bcel/generic/InstructionHandle setInstruction (Lorg/aspectj/apache/bcel/generic/Instruction;)V 6 7 org/aspectj/apache/bcel/generic/InstructionList append (Lorg/aspectj/apache/bcel/generic/InstructionHandle;)V 7 1 org/aspectj/apache/bcel/generic/InstructionList isEmpty ()Z 1 153 org/aspectj/weaver/bcel/LazyMethodGen getName ()Ljava/lang/String; 1 305 org/aspectj/weaver/Shadow getKind ()Lorg/aspectj/weaver/Shadow$Kind; 1 315 org/aspectj/weaver/bcel/LazyMethodGen getName ()Ljava/lang/String; 1 328 org/aspectj/weaver/bcel/LazyMethodGen getName ()Ljava/lang/String;
